-175.139012893848;-186.453266521128;180.501219162441;2.34667590440751;-180.486227113508;58;58
-175.643133404219;-185.43814682639;179.894123233682;2.42185815183279;-179.878122059268;54;54
-176.425636963268;-186.954041923956;180.280031038479;2.20677007314223;-180.266774362868;54;54
-175.255866923931;-185.298937652164;179.910445910297;2.21956004448509;-179.897012350614;53;53
-174.075359314547;-186.453266521128;180.426299497094;2.34512963518144;-180.411285681589;67;67
-173.481106780837;-187.307282980164;179.946319786905;2.60640383257892;-179.927712461533;70;70
-173.037571500815;-187.261509016066;180.015654856609;2.50060273690862;-179.9985855222;58;58
-176.694076870543;-184.707233191576;180.495800242762;1.9404937797717;-180.485586231749;48;48
-175.643133404219;-188.01643192767;179.764374673881;2.29342619036732;-179.749936873825;76;76
-175.179962453512;-185.688460181801;179.911864219409;2.41173103750818;-179.895951378244;64;64
-175.2148397246;-186.453266521128;180.190566020836;2.5678952925418;-180.172626368392;51;51
-174.903161113606;-184.291239897746;179.927430601088;2.36844499410298;-179.912097176802;61;61
-173.984020190348;-185.697524840113;180.106085962946;2.52320198762123;-180.088726301742;56;56
-173.94545907609;-186.453266521128;180.469771888341;2.33265089200738;-180.454960491395;57;57
-173.481106780837;-186.026797857663;180.294799664534;2.50589949057356;-180.277613361288;76;76
-174.280539535908;-186.453266521128;180.069732256249;2.62759414715852;-180.050864522004;63;63
-175.643133404219;-185.974742840253;180.84815206732;2.5466246384188;-180.830565796733;52;52
-175.643133404219;-187.037104499786;180.301354781266;2.40680923711003;-180.285576924156;56;56
-172.269749222535;-185.089539935102;180.022145953066;2.59617376793494;-180.003784774021;52;52
-175.141268321468;-185.791310490329;180.396447450741;2.18296396349723;-180.383448690192;63;63
-175.133253818479;-185.149577345294;180.076045632022;2.19944266681869;-180.062837054797;60;60
-173.481106780837;-185.695344295412;179.849819011341;2.58610758761236;-179.831529728583;61;61
-172.680482197727;-186.919810552547;180.211718638015;2.62018992719608;-180.192992377185;59;59
-176.10843341796;-185.210941057428;180.492586520753;2.08063013331116;-180.480775592412;66;66
-172.912731102411;-185.959889529234;179.720513670959;2.73485621598695;-179.700001237487;70;70
-176.534330321154;-184.991914197855;180.613083882004;2.02965140579535;-180.60188671291;55;55
-176.09498807119;-184.681634727295;180.390765385757;2.3495849202358;-180.375746483711;54;54
-174.908687611342;-188.61529314451;180.682369654177;2.59111499664724;-180.66410440773;59;59
-175.643133404219;-185.959889529234;179.834121485613;2.30804482388616;-179.81954871507;62;62
-175.099617844661;-185.334142466098;180.27199108009;2.48196412300016;-180.255163470055;66;66
-175.206851431974;-186.021058836602;180.275979435847;2.46519417946146;-180.259460564094;50;50
-174.050261517853;-184.987731790412;180.248112960398;2.37920573844424;-180.23270627161;53;53
-174.812809769585;-184.708191622185;179.881016284946;2.20251771945109;-179.867776816564;55;55
-174.588977019699;-185.642678058427;179.893604850694;2.40460903022415;-179.877792353548;62;62
-174.541341921138;-184.762936980438;179.740521085737;2.44866422791514;-179.724138707974;56;56
-174.339452407463;-186.453266521128;180.421365669506;2.71884871554117;-180.401198870388;64;64
-175.190935057032;-187.449526309935;180.431965331893;2.26112201532687;-180.418064246031;53;53
-174.835760363512;-185.813271859863;179.90791682029;2.59571422776159;-179.889497350159;61;61
-175.133253818479;-186.039806069147;180.470177651795;2.4445555197462;-180.453938971157;52;52
-174.192408881087;-187.441071696757;180.032884449928;2.43763726131244;-180.016681020616;55;55
-176.16209173303;-185.466631409246;180.218911362;2.06580803409342;-180.207268376494;60;60
-176.054855986261;-187.058420095314;180.986782213523;2.46627565248537;-180.970248730286;62;62
-176.212550036046;-186.031948941824;180.471491171106;2.22897703779518;-180.458001079643;50;50
-175.643133404219;-185.297127902822;180.230680564573;2.01161936703618;-180.219635090726;62;62
-174.755850394388;-185.027255514896;180.225102463628;2.06199204979649;-180.213477207628;69;69
-175.643133404219;-185.40741402892;180.228339919963;2.10368637802733;-180.216281286264;56;56
-174.554829104134;-185.633326842339;180.00538919183;2.68790115427383;-179.985729352753;49;49
-176.053649731294;-184.903121111051;180.108375128432;2.07777029652424;-180.096561142283;70;70
-173.481106780837;-187.712456374416;179.874630449804;2.73786982573675;-179.854123475959;63;63
-175.643133404219;-185.511925859478;180.014171452156;2.11274395300533;-180.001972854597;62;62
-173.481106780837;-187.102252068817;180.1084101883;2.37469446595271;-180.093024500909;58;58
-174.785156221268;-185.281879072645;180.103272487881;2.3498853061871;-180.088231119733;53;53
-173.481106780837;-184.799702867911;179.870380411494;2.3456907518262;-179.8553578268;56;56
-172.201260135496;-184.291239897746;179.561856356857;2.7456692384075;-179.541244916088;55;55
-174.792211203448;-185.47404600236;180.144889267949;2.65514985430551;-180.125652801316;59;59
-175.133688674415;-183.877100463167;180.056372281956;1.90077284599957;-180.046503688376;61;61
-174.201643289154;-184.291239897746;180.11026075052;2.37022263214166;-180.09490051867;66;66
-175.643133404219;-189.119309717176;180.324998803614;2.44645144677799;-180.308699030491;56;56
-172.929440733328;-187.125721531699;180.139776260304;2.25735659441991;-180.125867825709;60;60
-175.20945577363;-185.236054877435;180.039664620394;2.21152881267539;-180.026311612668;59;59
-173.481106780837;-182.832915155622;179.576216354908;1.91357008905187;-179.56619334782;59;59
-175.163991143628;-185.817625813346;179.737804571127;2.10424305509885;-179.725679128486;64;64
-173.042301560221;-185.655547432803;180.096859726901;2.48570959248794;-180.079977251066;63;63
-175.643133404219;-186.924036378981;180.353754004776;2.46795229697978;-180.337127346296;65;65
-174.537619676531;-187.865779088975;180.264776328594;2.44819544000012;-180.248447853358;56;56
-173.976015729335;-186.064710130474;180.192016992774;2.67490403016618;-180.172437550539;72;72
-173.481106780837;-186.453266521128;180.326752131564;2.77417373338705;-180.305773439926;59;59
-175.025466751008;-185.629544675968;180.170107985224;1.97566316446661;-180.159479940965;53;53
-173.825987886971;-184.291239897746;179.830285524906;2.29730644047698;-179.815830074799;67;67
-175.063394252288;-183.8282420846;180.174430849449;1.88344700459555;-180.164737765932;65;65
-175.085830617164;-188.060155656118;179.801469768162;2.50551292901719;-179.784323664955;56;56
-175.239759721395;-185.355967489445;179.720140151657;2.58969122323092;-179.701826562658;54;54
-173.891023800136;-185.461104450307;179.929318584893;2.49873008927769;-179.912234410422;65;65
-175.643133404219;-185.786931453023;180.198605454;2.33452735859641;-180.183747890672;57;57
-176.451332524232;-186.010855638389;180.511651713987;2.22517061605142;-180.498138036701;68;68
-174.438667148097;-186.453266521128;179.995807262753;2.62308806225687;-179.977006414046;61;61
-172.393604264784;-186.453266521128;180.345204694803;2.68233730142916;-180.32558841875;60;60
-174.539662944913;-186.453266521128;180.042631365925;2.31341213843211;-180.02797730346;71;71
-172.173638942095;-184.291239897746;179.982689482512;2.24864137109307;-179.968923020346;50;50
-173.481106780837;-185.860158373541;180.072092213296;2.72034664626692;-180.051962317661;49;49
-174.024358607352;-186.453266521128;180.176776449849;2.2786816615254;-180.162591879779;64;64
-176.695412476444;-186.048064573926;180.287425423829;2.20950275026606;-180.274162026095;49;49
-175.150856693402;-185.243007122104;180.335879817585;2.46708948520763;-180.319255385535;67;67
-176.177531233308;-185.987441154286;180.798942248475;2.21167110922487;-180.785647563878;58;58
-174.344305418927;-186.453266521128;180.122922495689;2.51661917521664;-180.105585143315;72;72
-174.854365708333;-184.291239897746;179.630823916614;2.25743026323836;-179.616871285553;61;61
-173.481106780837;-185.475731628407;179.511443634302;2.13155405450895;-179.498995420483;61;61
-172.851114696471;-186.043401242626;179.762863349805;2.5257545979031;-179.745414204007;60;60
-174.448662196719;-183.92704575541;179.677838713049;2.12646041917527;-179.665522847068;47;47
-175.643133404219;-184.291239897746;179.551416697379;2.00851246449821;-179.540363657326;62;62
-173.932696134404;-186.453266521128;180.470777107286;2.65246447939667;-180.451593225366;63;63
-175.643133404219;-184.291239897746;180.299479657992;1.97247092790843;-180.288866834285;61;61
-172.092937323168;-185.310103628738;179.915119410641;2.55550111698317;-179.897225066621;71;71
-175.643133404219;-184.969132075317;180.420240694952;2.23908810264691;-180.40657395359;61;61
-174.192040830743;-185.278432398655;180.337791083612;2.33730605469424;-180.322905042514;58;58
-172.93050706007;-185.06398829387;180.194990384078;2.41370993592219;-180.179072576605;65;65
-175.172867127106;-187.31022202794;179.806643780115;2.66395551128762;-179.787267398629;55;55
-174.06643761991;-184.291239897746;179.36667071499;2.31907446720105;-179.351919980374;62;62
-173.481106780837;-184.937039716837;178.73900509048;2.38500934938448;-178.723348831152;62;62
-171.319080157455;-184.291239897746;179.487604390812;2.44152168877467;-179.471284271728;58;58
-174.421744565786;-183.237083513227;179.047199730725;2.48853478162514;-179.030188648323;61;61
-175.196987477921;-185.596913026018;180.108138304246;2.0339914984464;-180.096844264494;60;60
-172.22922541469;-186.453266521128;179.742426491711;2.90509471866058;-179.719427280511;49;49
-175.059318830991;-185.535651442085;179.949925064997;2.37799522002596;-179.934482985445;58;58
-175.139956273625;-184.708089144948;180.288935425812;2.30951538514708;-180.274411259488;55;55
-174.767344361277;-186.072431925068;180.227756979541;2.24724982908362;-180.213961580166;65;65
-173.481106780837;-185.277588329841;179.858485946641;2.69936738137;-179.83862559795;51;51
-174.808743536073;-185.3754437334;179.606040601692;2.49869782191945;-179.588914317818;68;68
-174.125708215007;-188.61529314451;180.114162023311;2.56697369885354;-180.09616399938;62;62
-174.467618308573;-187.139775677226;180.380763849045;2.25187538724233;-180.366945342509;59;59
-174.325221651128;-188.61529314451;180.606383117481;2.6316095949049;-180.587487444135;69;69
-173.922599104315;-184.291239897746;179.129119032531;2.13859802465798;-179.116580347312;56;56
-174.985571588204;-184.86889420088;180.346666385989;2.12156174262324;-180.334441829477;49;49
-173.481106780837;-185.808665086959;180.334409020634;2.47597706150387;-180.317668297387;66;66
-173.481106780837;-184.291239897746;180.414564735217;2.38212732011211;-180.399075983677;66;66
-175.643133404219;-185.387186762382;180.622527272696;2.42254288683003;-180.60658161935;54;54
-174.59107037206;-185.874630165976;179.729936157504;2.55896096152132;-179.712016901625;61;61
-175.186223501618;-184.291239897746;180.342621568526;2.21501610365416;-180.329234278829;63;63
-174.604594416191;-184.697854419514;180.187357457733;2.54405340113;-180.169706581548;58;58
-171.892175679909;-186.0172890117;180.085677180469;2.7545230296161;-180.064961014202;60;60
-174.507167395297;-187.425932378385;180.300124110783;2.57512904791729;-180.282020952313;64;64
-174.178759807106;-185.513290651046;179.845837251403;2.71516994838223;-179.825750302248;50;50
-173.481106780837;-184.291239897746;179.712403829814;2.2016957564635;-179.699137707204;61;61
-175.160967461276;-184.796467846632;180.077310402947;2.23074820361424;-180.063715796125;62;62
-174.828256332588;-184.745321049034;180.257782146695;2.43296995171263;-180.24166637911;54;54
-175.008577890113;-184.291239897746;180.101608189218;2.12262635041059;-180.089307906094;60;60
-172.95077355036;-187.750118721158;180.220204552165;2.94020249189031;-180.196655119188;55;55
-176.500968804575;-184.291239897746;179.952746402623;2.0775333976754;-179.941003422;48;48
-172.496687956148;-185.836326362251;179.676032483292;2.44396871331087;-179.659658284397;67;67
-172.453684883195;-183.880126608171;179.843451752789;2.65882075774775;-179.824174568237;52;52
-175.092513907388;-185.203691857216;180.133205613755;2.21691524553008;-180.119802560741;57;57
-171.975541288476;-185.429268809932;179.965209555115;2.40644846557051;-179.949334172859;75;75
-174.087756545614;-185.201491998456;180.2485776594;2.15986630891177;-180.235848824652;61;61
-172.009472981932;-184.291239897746;179.514465042321;2.32624126565499;-179.499712805178;47;47
-171.319080157455;-184.291239897746;179.72813937277;2.61493027561098;-179.709438032591;59;59
-174.534238968537;-184.291239897746;180.249287227817;2.38049409780958;-180.233805524567;66;66
-176.158519909927;-185.037838595302;180.589805481811;2.11826611404714;-180.577620656816;52;52
-173.989666031723;-188.61529314451;180.348446293347;2.43506948996845;-180.332316559064;53;53
-176.479389193811;-187.053819263458;180.195009672173;2.33040073926241;-180.18018695774;61;61
-175.643133404219;-187.117753416536;180.083741702997;2.42978745443412;-180.067769297799;39;39
-171.718432612415;-186.072431925068;179.948600499177;2.64304929507195;-179.929487812563;65;65
-174.842113517701;-185.016817618854;179.771109716108;2.54207603161603;-179.753502382107;49;49
-174.926862566214;-186.453266521128;179.936678482478;2.44431927291146;-179.920343298568;62;62
-174.638247615634;-185.947146544854;180.34072817182;2.48848602760843;-180.323810801379;68;68
-174.937427338178;-185.420910798755;179.628168324942;2.75372818348342;-179.607473462299;51;51
-174.588977019699;-186.453266521128;180.642025528125;2.59525322246085;-180.623762289237;49;49
-175.225812603561;-185.29122644436;180.235910581098;2.32082605376634;-180.221181262413;70;70
-173.481106780837;-186.453266521128;179.998558460691;2.80026408764663;-179.977202232548;51;51
-175.190458727583;-186.453266521128;180.844886243619;2.27258257505915;-180.830833176164;63;63
-174.471300692077;-185.650818011379;180.047358699423;2.40261507407437;-180.031590137849;61;61
-174.535518736719;-187.709408156259;179.678683650367;2.48449655297981;-179.661787332168;61;61
-174.154313393886;-185.415225389802;180.096486382786;2.21524557848505;-180.083092680152;59;59
-173.481106780837;-186.453266521128;180.262028231029;2.91505622048719;-180.238870250201;57;57
-176.610496778064;-186.943368044792;180.612709656043;2.19914158515603;-180.599605658383;47;47
-174.869957192106;-186.453266521128;180.271215284553;2.2469211392451;-180.257453247661;58;58
-174.942459104168;-184.291239897746;180.239782340995;2.35044818308579;-180.22467184886;71;71
-173.481106780837;-184.291239897746;180.449281126564;2.59875783136888;-180.430901222038;56;56
-174.622774814913;-187.064589877736;180.614240989489;2.29692291753216;-180.599891340438;57;57
-174.617086503908;-185.445509913972;180.292140228973;2.31745433397252;-180.27746451813;68;68
-174.291854499672;-185.525234003296;179.850417438167;2.35208844671708;-179.835316109654;55;55
-173.972910705499;-186.965345825877;180.065286723147;2.5320535789471;-180.047832253086;51;51
-175.180784906255;-185.978571529624;180.154936873326;2.18380574739701;-180.141924889588;59;59
-175.643133404219;-185.910269468727;180.495907965459;2.59864845482585;-180.477497235927;63;63
-175.169436021349;-189.510339270048;180.280833872881;2.51268583340166;-180.263646890156;54;54
-173.481106780837;-186.983599751663;179.70255435778;2.28347182181811;-179.688250142295;71;71
-175.259076853718;-185.645484005208;180.491726083663;2.25842800319013;-180.47781347523;65;65
-174.56199348309;-184.666363968409;180.119385972134;2.18255641491813;-180.106437672703;48;48
-175.050504816336;-183.879730500303;179.607706354033;2.09226878174648;-179.595722535122;60;60
-174.981669524167;-185.955342529529;180.327168914883;2.41078699123388;-180.311301278351;65;65
-171.75570723845;-185.613713540963;179.927638268796;2.61315101128843;-179.909019494576;53;53
-176.052123126172;-184.841793722678;180.10069041793;2.00071790009555;-180.08972738545;74;74
-174.812568253681;-187.343072645874;180.196402479225;2.59370160626246;-180.178051383245;59;59
-175.643133404219;-185.014963148576;180.02685204359;2.16588059714039;-180.014088763764;49;49
-172.348001672008;-185.987441154286;179.707162853521;2.52571860633403;-179.689708796278;60;60
-173.481106780837;-186.453266521128;180.213883406812;2.42809252448905;-180.197802609368;59;59
-176.335881999507;-183.91163802649;180.189610001497;1.97953364681193;-180.178945373287;52;52
-175.179633808734;-186.453266521128;179.857884179483;2.35370969279641;-179.842731035267;62;62
-175.050750129571;-185.044843118658;180.088255469729;2.39548823096808;-180.0725973922;58;58
-175.643133404219;-187.220618214257;180.206243745855;2.20517895381265;-180.193000759983;54;54
-175.643133404219;-185.458543852184;179.970809075187;2.15245265257781;-179.958158878585;58;58
-175.139671358703;-185.099474907615;180.103325839117;2.26088216768458;-180.089430232746;48;48
-172.929440733328;-185.022864133374;179.807181666464;2.47569143248435;-179.790416894131;61;61
-174.919439629719;-185.253288436066;180.096518500285;2.61335931743361;-180.077831254688;69;69
-173.984013711926;-184.719417802545;179.681851055786;2.39665306181038;-179.666137621841;59;59
-174.288889296814;-185.245060291451;180.431749972912;2.40179447227774;-180.416089937875;49;49
-172.568458903883;-184.291239897746;180.215468976875;2.48270460934616;-180.198622174876;67;67
-175.202202315972;-187.975192513704;180.190421324784;2.38754707812027;-180.174850144538;64;64
-174.639008851364;-184.291239897746;180.043321179049;2.30607439696907;-180.028794091511;61;61
-173.481106780837;-184.291239897746;180.031404493382;2.48066267487109;-180.01456080114;69;69
-174.006251281188;-186.453266521128;180.394991690224;2.75724070669173;-180.374316607615;53;53
-175.643133404219;-185.889889743069;179.895145434721;2.39954669950205;-179.879481969227;47;47
-175.050398707445;-183.91163802649;180.16508197217;2.249085476196;-180.151281183084;59;59
-173.940098885938;-184.291239897746;180.393295555753;2.50481210563537;-180.376259636086;49;49
-173.481106780837;-185.697524840113;180.294697031448;2.46601030748189;-180.278087160704;66;66
-174.946641511553;-185.445210706151;180.143467633594;2.29449263722737;-180.129069438001;68;68
-175.643133404219;-186.453266521128;180.916160091138;2.32942939820074;-180.901408771676;61;61
-177.061432767483;-185.629544675968;180.265300674443;1.85891888636121;-180.255886879172;56;56
-173.481106780837;-184.990150982674;179.772784245034;2.39412195531018;-179.757107413328;60;60
-175.171411007246;-184.291239897746;179.709595253409;2.19984409726012;-179.696340881983;64;64
-175.643133404219;-187.111192456699;180.490798518433;2.44821229809708;-180.474445339666;66;66
-174.903161113606;-186.453266521128;179.799512903619;2.60656346575383;-179.780933092183;60;60
-175.643133404219;-184.692255653394;180.190448412086;2.23404651067512;-180.176846069329;56;56
-175.643133404219;-183.611968440789;179.704380835076;2.0222209403932;-179.693261014943;44;44
-175.643133404219;-185.010235979145;180.363911768251;2.20810327946768;-180.350590824823;69;69
-174.523027813542;-185.728791203755;180.387380862706;1.9789553128422;-180.376712555064;58;58
-173.481106780837;-185.972994162336;179.792817897169;2.39921153723241;-179.777129456792;50;50
-175.193140500938;-187.0865404445;180.267558448816;2.67664655006238;-180.248047020848;55;55
-176.218616247941;-185.423573473287;180.555300974642;2.29169634467692;-180.541011894846;57;57
-175.643133404219;-184.980504766022;180.398587432147;2.27470474543613;-180.384501728175;56;56
-171.319080157455;-187.091704296654;180.304447303323;2.68982622562729;-180.284657317487;73;73
-175.643133404219;-187.658246975398;180.400231812645;2.4411116823296;-180.384020811568;54;54
-177.176514695849;-188.61529314451;180.853189465456;2.37473917943957;-180.838175228054;27;27
-175.178434439083;-184.769795631945;180.288020409134;2.37755075099646;-180.272995999456;24;24
-174.989117068001;-185.385125586214;180.055663675605;2.46013030767693;-180.039350664303;34;34
-175.643133404219;-184.291239897746;180.561747580187;2.02482353513736;-180.550586453959;59;59
-174.40913929867;-186.453266521128;180.006679333543;2.41380971483785;-179.9908182572;50;50
-176.997840837815;-185.948778264869;180.493354844025;2.2077961494359;-180.48016549281;43;43
-175.643133404219;-185.103715195772;180.367059951651;2.42835392467389;-180.351296131993;28;28
-176.193115876803;-184.291239897746;180.412007318936;1.98365570296692;-180.401381340371;39;39
-174.99710522099;-185.154775600281;179.874088015622;2.42739553169338;-179.857949340878;68;68
-174.985207468705;-183.781312921996;179.971800287398;2.05725423702455;-179.960244427192;58;58
-174.828297129203;-185.892743795159;180.448539588762;2.55570872993639;-180.430706494872;68;68
-176.134326317503;-186.453266521128;180.174388903337;2.5785035106326;-180.156321705653;48;48
-175.643133404219;-185.755613494916;180.418896945034;2.18636746635641;-180.405924957361;48;48
-173.481106780837;-185.307538878354;179.669835140834;2.64297411162997;-179.650724302746;59;59
-174.971067243357;-185.349772142939;180.120770568818;2.74871936996016;-180.100378694683;36;36
-174.989117068001;-188.207777022364;180.269494299912;2.64120881511019;-180.250442201876;65;65
-175.998909527944;-185.159404844762;180.707829701466;2.36839856077285;-180.692555021965;63;63
-174.398721859881;-184.945317080882;180.026883138574;2.47271512742592;-180.010286634706;44;44
-175.643133404219;-185.987441154286;179.858140837851;2.74944534960868;-179.837544925725;50;50
-176.417537596503;-186.453266521128;180.388906527993;2.00654972746433;-180.37791286551;67;67
-174.604594416191;-184.745295795299;180.432320092844;2.25356145728034;-180.418559054418;45;45
-174.338571715812;-185.033430851503;180.025995842827;2.18962249890403;-180.012917168834;56;56
-175.256091239734;-184.721357577429;180.527581676788;2.3004653772893;-180.513160080448;62;62
-174.557765471505;-183.919008417157;179.939498599889;2.20000043450584;-179.926354808046;44;44
-175.20388051515;-185.047679749631;180.750254124116;2.21864295356951;-180.73690944826;50;50
-175.000247711037;-186.017930987288;179.737559333863;2.36661537684666;-179.722210541719;67;67
-175.013874648913;-184.291239897746;180.22591608859;2.19757729773267;-180.212761174902;55;55
-174.815466349696;-184.961500449282;180.594036575456;2.39344800775321;-180.578505916254;48;48
-174.59858450339;-184.928738549455;180.121934542932;2.1043307638783;-180.109843398681;61;61
-173.867932939136;-186.453266521128;180.066027308511;2.58418607278806;-180.047914388773;43;43
-176.182731639853;-186.005293275406;180.514487491438;2.2416148567607;-180.500797038434;61;61
-174.99453037226;-186.453266521128;180.357878640136;2.35500815768842;-180.342746892964;63;63
-173.481106780837;-188.217269439035;180.633906511871;2.61775905596639;-180.615282058655;55;55
-174.958841595985;-186.453266521128;180.221983807775;2.43424683545725;-180.205804419349;63;63
-174.40913929867;-187.408294045909;180.367965686967;2.65623677016453;-180.348731754635;60;60
-173.904077508975;-185.673103215475;179.717884189056;2.43640264680926;-179.701686120338;52;52
-171.736733505007;-184.291239897746;179.750760738297;2.54311572633142;-179.733064770971;61;61
-172.823774397528;-185.802152033275;179.981688294767;2.96314860322803;-179.957763719003;52;52
-176.992748675409;-184.291239897746;180.165396494011;1.72827257280603;-180.157287115825;46;46
-175.643133404219;-186.453266521128;180.92295154662;2.56423044016446;-180.905122040352;53;53
-175.643133404219;-187.914276444843;179.890585296852;2.29653498428713;-179.876138054356;69;69
-175.2148397246;-186.453266521128;180.237735558585;2.06540003055691;-180.226095153878;61;61
-174.136346706609;-189.3132772152;180.433762949177;2.6362007419834;-180.414825010457;60;60
-171.721094666591;-184.739395850299;179.435947771708;2.42136396136101;-179.419923919736;52;52
-175.267467016536;-183.864352849355;179.960632701327;2.01966617626255;-179.949525844964;50;50
-174.942459104168;-185.82042183959;180.430234230875;2.26528519739594;-180.416242821944;62;62
-174.509693214137;-184.888326434731;180.387182372457;2.73538853020673;-180.366776034097;62;62
-174.731529300707;-184.291239897746;180.775124547263;2.01698058609365;-180.764133759838;43;43
-174.000715893884;-184.716265032852;180.108020973208;2.35085410382593;-180.092917838724;64;64
-173.481106780837;-187.988264187443;180.074256596972;2.95195230137489;-180.050449639291;62;62
-174.789980029267;-185.265784721541;180.594485423281;2.27814586480843;-180.580386920276;53;53
-175.131070611342;-186.453266521128;180.909547262386;2.09385955231073;-180.89761896368;64;64
-174.97202090524;-184.291239897746;179.828707314251;2.04191428275923;-179.817301194819;62;62
-174.135195612807;-184.291239897746;180.101071981507;2.24991816172628;-180.087344700141;43;43
-171.319080157455;-186.453266521128;180.139221778814;2.52150046120996;-180.121867702334;60;60
-172.429633099348;-186.869547230073;180.189696476576;2.47858219171059;-180.17291100501;65;65
-174.946641511553;-184.969132075317;180.38159618147;2.48257883293224;-180.364853303703;50;50
-174.117102415011;-185.974082110185;179.848661134398;2.41342927682131;-179.832701937235;69;69
-173.481106780837;-185.244417274994;180.184949741354;2.40567736824278;-180.169129450806;67;67
-173.481106780837;-184.726635807973;179.645858728106;2.70308394231512;-179.625963423596;46;46
-173.481106780837;-184.291239897746;180.124120910691;2.52334075823636;-180.106829697584;46;46
-172.449192620135;-184.70684216576;179.313527889429;2.56323805489491;-179.295506923205;61;61
-173.481106780837;-185.419985564892;180.495046894749;2.41766934504248;-180.479214094432;45;45
-175.643133404219;-184.756102986803;179.529332224995;2.28453428430114;-179.515030599776;62;62
-174.444505138982;-188.61529314451;179.992537968538;2.78026928410783;-179.971410237365;62;62
-175.088967439428;-186.453266521128;179.801226620331;2.33118368601942;-179.786422132693;49;49
-173.481106780837;-184.998621204831;179.546026341147;2.31254358409414;-179.531362139887;65;65
-174.342812299211;-184.291239897746;179.80069087167;1.92659616483974;-179.790518267666;69;69
-174.517659114619;-185.96912065514;179.542057672899;2.85206602651415;-179.519906847654;45;45
-173.481106780837;-185.419985564892;179.700084733957;2.84543406345146;-179.677997298462;51;51
-174.676811222302;-185.848268901857;179.505830755685;2.46564917137423;-179.489152769645;66;66
-175.643133404219;-184.746889075534;180.281566109342;2.03651516597201;-180.270318824613;45;45
-175.643133404219;-183.871118536354;179.713841502454;2.10792463954467;-179.701731104126;49;49
-173.481106780837;-186.453266521128;180.228518891836;2.1334994081141;-180.216097566827;61;61
-174.933225853373;-189.827638484077;180.045362997407;2.69235005097714;-180.02564240052;49;49
-170.46945726721;-185.981958304169;179.444181158431;3.42722748913407;-179.41300842294;21;21
-172.845653890893;-185.334142466098;180.517399606147;2.13932796120849;-180.504986592778;48;48
-175.252738574727;-183.292423398169;179.305984985817;2.20857887148911;-179.292760384015;36;36
-174.846159783091;-184.794848479532;180.360796816858;2.54177865570727;-180.343283654887;45;45
-174.43347472428;-188.183126956674;179.922793514343;2.41038776656057;-179.906911768882;61;61
-174.533891500147;-184.291239897746;179.896865256692;2.41414370282773;-179.881206102881;30;30
-176.073675094204;-183.237077858206;179.808770493513;2.04304432577107;-179.797550179665;30;30
-175.064907223725;-185.307538878354;179.688967060489;2.27001972019414;-179.674946513458;45;45
-173.937799645309;-185.21138967547;180.151650823089;2.54353794288988;-180.134014659435;56;56
-173.901497557592;-188.162632452198;179.922465116774;3.08680801001547;-179.896513689621;50;50
-174.229766586746;-185.985173816469;180.528503159615;2.3388708606487;-180.513612926996;58;58
-173.481106780837;-185.141126972567;179.931763132578;2.3333834077801;-179.916872831129;63;63
-172.103781848914;-184.949165833317;179.710680999464;2.11341913198669;-179.698450806708;63;63
-175.643133404219;-184.291239897746;180.072484617297;2.08062621480549;-180.060628712236;73;73
-174.730681444806;-185.469671482203;180.308878628381;2.33444948459699;-180.294062336497;51;51
-174.380057083169;-185.16932830556;180.148338028123;2.31432864665097;-180.133737046001;56;56
-175.643133404219;-185.536194087081;180.373065911193;2.20676342135497;-180.359820870712;53;53
-171.319080157455;-184.291239897746;179.13925898247;2.64388393539644;-179.120212198421;42;42
-174.885101225581;-184.769991029509;179.814320043503;2.11849291934941;-179.802015817115;71;71
-172.91135422507;-188.094594326074;180.190164828751;2.658541095949;-180.170835855108;69;69
-174.222412793222;-184.291239897746;179.532175293471;2.32552489479271;-179.517386979765;55;55
-173.481106780837;-185.178361315153;180.017535574986;2.30328566523123;-180.003049715848;59;59
-175.155108543807;-185.58858173677;180.080833576418;1.96011652797002;-180.070322556521;68;68
-175.234428734365;-184.291239897746;179.785063702158;2.05292458207261;-179.77354105441;59;59
-173.481106780837;-184.950964011712;180.352938161032;2.19392513821008;-180.339812305784;61;61
-175.643133404219;-185.488735049419;180.524282268432;2.58517955546959;-180.506084686871;59;59
-174.485547931898;-184.291239897746;179.306693978077;2.14937087207967;-179.294041190843;56;56
-171.659092913549;-187.425670915705;179.803845948037;2.61411592540272;-179.78518138112;56;56
-175.643133404219;-185.466754993392;180.309648007736;2.21376470917211;-180.296260516049;67;67
-175.050504816336;-185.888351063448;179.804116394575;2.3462008405859;-179.789072309617;58;58
-174.702603432136;-185.400216979834;180.26939511028;2.26193236318792;-180.255436394591;61;61
-174.191105672852;-185.829971569327;179.718324481142;2.32759912205439;-179.703502280648;60;60
-174.565722657709;-186.453266521128;179.750320622861;2.59188697006526;-179.731944435568;60;60
-173.901497557592;-185.736495332753;179.521132646137;2.37985095709521;-179.505607923051;63;63
-173.481106780837;-184.752984948949;179.246144162694;2.7775204447806;-179.224976067928;61;61
-174.762330689639;-186.453266521128;180.18390682088;2.4258775862833;-180.167896099766;51;51
-173.481106780837;-186.453266521128;179.820830485798;2.47316196353645;-179.804120792738;57;57
-173.481106780837;-186.453266521128;179.919595681487;2.69541512449443;-179.899724761119;63;63
-175.227043726886;-185.59853607685;179.879440499376;2.04447597497589;-179.86801849638;59;59
-175.643133404219;-186.453266521128;180.435907764164;2.4513051708671;-180.419548089678;57;57
-176.383957364947;-184.688591879355;180.258010686403;2.05184118497005;-180.24656602947;50;50
-175.643133404219;-187.604636252755;179.772269593369;2.72386849381194;-179.752022088717;53;53
-173.021400194038;-185.987026135419;179.910143264233;2.49302955878377;-179.893214871777;50;50
-173.481106780837;-187.429598192215;180.499928155077;2.54036120795254;-180.482334493984;63;63
-174.448675958653;-184.991914197855;180.03637985759;1.98574397283967;-180.025596950531;65;65
-171.877799017045;-185.975521699974;179.70664243504;2.73079171973394;-179.686307926695;50;50
-174.063987714442;-184.879650046405;179.527008091581;2.24116235083116;-179.513316202174;47;47
-173.481106780837;-186.453266521128;180.30342408988;2.51612787152972;-180.286211270726;51;51
-175.643133404219;-185.512628736179;180.297679225918;2.1660156190385;-180.284900337172;56;56
-173.934865609135;-184.291239897746;179.661689486861;2.39760065325313;-179.645948737909;62;62
-175.190664800928;-186.453266521128;179.787939012088;2.24144960669636;-179.77422983327;53;53
-174.769147442941;-186.843553225745;180.34711062246;2.5806138912639;-180.328910268156;70;70
-174.588977019699;-184.921296663388;179.894716556967;2.40570010020811;-179.878965481865;48;48
-175.03911211556;-185.014963148576;179.742414503302;2.28596185521358;-179.72813709752;56;56
-174.184359576497;-184.291239897746;180.194811763546;2.12595184139966;-180.182490291775;57;57
-175.216998188937;-186.996273905539;180.014683910387;2.48201872893452;-179.997914473266;50;50
-173.995410136265;-184.991914197855;180.131170003334;2.46709089211659;-180.114599402985;52;52
-172.047369539662;-185.721577278137;179.611355771108;2.81547662788749;-179.589655404863;60;60
-174.561772076777;-183.703846684029;179.454052360073;2.11799824130255;-179.441768647354;58;58
-174.412688516052;-186.072431925068;179.663702538299;2.67281183306418;-179.644209936192;51;51
-173.481106780837;-185.105646990789;180.346564266993;2.67991047489166;-180.326995064424;58;58
-175.643133404219;-185.545702687877;179.828498952943;2.31593458290472;-179.813829862374;61;61
-173.93992313058;-184.859101244225;180.039572888872;2.68888063886343;-180.01985774603;55;55
-174.533307129661;-185.424680087828;180.630339295098;2.48143888616639;-180.6135688426;62;62
-176.08835806836;-185.34218336407;180.269290075508;2.15811642141709;-180.256629911826;50;50
-175.643133404219;-187.056403459756;180.124592269982;2.21466748184926;-180.111266568193;47;47
-174.28809886008;-182.725755902751;179.745606514289;1.80263696105514;-179.73675160496;49;49
-174.228011694973;-186.453266521128;179.717974672669;2.46788061979437;-179.701298435098;63;63
-174.765082076954;-189.258085610047;180.335031408116;2.78459244317208;-180.31391532928;56;56
-174.614312519628;-185.058134893789;179.784665202302;2.46305352764541;-179.768104941542;54;54
-174.071737127504;-185.20885497679;179.733455796569;2.66778301026173;-179.71401577949;55;55
-175.214905104177;-185.690552067342;180.158731994165;2.37257651054154;-180.143378030468;58;58
-174.109752112646;-185.413061299344;179.86846090323;2.54096769992864;-179.850797038098;63;63
-176.410558464402;-183.863011597704;179.857444758437;1.96691880424662;-179.846884895782;55;55
-174.619457724776;-184.291239897746;180.067056508508;2.08619983595513;-180.055169206306;61;61
-174.788046492447;-183.559688665487;179.681895537928;2.15230043036251;-179.669243255746;54;54
-174.175954709536;-184.732734419652;179.558239552014;2.40254064462127;-179.542437945445;59;59
-174.154001550442;-184.850873628401;179.999581901187;2.39658442556478;-179.983901767828;58;58
-174.02241000877;-183.744617767755;179.476326051477;2.06570862296246;-179.464629623375;62;62
-174.226131357014;-185.530087760446;179.826529595343;2.14892859593082;-179.813974629514;45;45
-175.053835508167;-183.904671367483;179.781152384137;2.05881923228479;-179.769559885837;60;60
-174.509693214137;-184.945256234021;179.507633788643;2.22556547702028;-179.494070649309;59;59
-175.183283365129;-184.680305457547;179.80400965088;2.13964388219535;-179.791501822841;57;57
-173.481106780837;-186.453266521128;180.372302227134;2.53979005393456;-180.354713339158;61;61
-174.40640774911;-185.43788675848;179.773985835925;2.32121860881464;-179.759237460001;63;63
-175.643133404219;-184.291239897746;179.506471766965;2.0668015826821;-179.494831679932;46;46
-175.643133404219;-183.77408886255;179.805962181301;2.25232112849018;-179.792148805073;48;48
-175.227595949736;-184.291239897746;180.084958051507;2.11709453117766;-180.07269899686;67;67
-175.098501197472;-186.453266521128;180.15365034347;2.50428347319267;-180.136578464497;52;52
-172.324129271339;-183.168844786736;179.681733393211;2.30431344450547;-179.667216292192;57;57
-173.481106780837;-185.424680087828;179.921468606381;2.52647945987694;-179.904024835438;60;60
-174.801763759294;-185.657043206828;180.112929655534;2.65540602410742;-180.093799177161;44;44
-175.189433022452;-186.453266521128;180.29252976167;2.62783811784241;-180.27383385324;42;42
-174.701308779657;-185.449141968216;179.700233889889;2.29290764814623;-179.685875889924;54;54
-173.959414998566;-183.803215037335;179.76114861482;2.00758045388423;-179.750118715282;62;62
-175.012307841893;-185.002790498908;180.093084176712;2.2688509712559;-180.079008434558;66;66
-175.643133404219;-185.382362106429;179.814442765379;2.19666674708587;-179.801273189216;54;54
-173.481106780837;-185.055354568033;180.061921249484;2.37777278693715;-180.046466283867;64;64
-172.780432480786;-186.814934260723;179.470564112335;3.03276408290781;-179.445483140891;47;47
-173.481106780837;-186.038502186705;179.026746206959;2.59416696976563;-179.008279753022;57;57
-175.100886158757;-185.602128766217;180.08573824024;2.39269386313059;-180.070090760469;64;64
-174.680229786347;-183.792401482895;179.448099695104;2.26173125820579;-179.434149187938;47;47
-175.643133404219;-186.453266521128;179.84285981514;2.24255569960191;-179.829083095948;68;68
-174.131187708966;-187.247193784766;180.357040400712;2.51642992211283;-180.339738762003;69;69
-172.528234474686;-185.903208243733;179.891538631194;2.40791024697893;-179.875710354739;56;56
-175.130490421733;-185.909519285855;179.974479938689;2.53836064570176;-179.95685824831;64;64
-173.481106780837;-185.266803742513;179.494552045902;2.28966579564457;-179.480239848548;50;50
-175.169984282279;-185.040680693702;180.320083925396;2.23202972946949;-180.306557010314;48;48
-173.481106780837;-184.291239897746;179.995947940109;2.19997412492918;-179.982684702098;74;74
-170.42047953041;-185.577213702965;179.901840607952;2.62017447988358;-179.883105831872;55;55
-172.872407139519;-185.540814561715;179.899034228694;2.53019586375048;-179.88158925411;51;51
-174.85588137494;-186.453266521128;180.043169011057;2.29961093034243;-180.028731395293;59;59
-175.252738574727;-187.053973668114;180.553268498495;2.41092551272898;-180.537480827934;52;52
-173.481106780837;-185.466341046698;180.107511773568;2.4281818302623;-180.091435157743;56;56
-173.481106780837;-184.291239897746;179.498105498053;2.26404262578546;-179.484112127395;50;50
-175.051540256012;-185.108765721793;180.256504113901;2.24471822199933;-180.242763844152;59;59
-175.643133404219;-185.957993031587;179.977866030476;2.49416176135435;-179.960950698621;47;47
-175.643133404219;-184.291239897746;180.104336041295;2.17980827255268;-180.091379988409;56;56
-171.95007673932;-184.291239897746;179.571614742105;2.46965251886666;-179.554881112709;68;68
-176.020555070252;-186.453266521128;180.288675686179;2.3658093660571;-180.273463016049;50;50
-174.772050947609;-187.153940821237;179.91188310647;2.66550563323662;-179.892410740653;72;72
-177.005483991303;-184.703452756306;180.298451129597;1.97456451123837;-180.287838682112;54;54
-173.987612588767;-183.785538309259;179.890874468523;2.40764354732799;-179.875119975523;45;45
-176.131158264631;-185.515644025934;180.595546996245;2.02287489028106;-180.584394425177;64;64
-174.816559310235;-185.511925859478;179.495571501307;2.32298060159611;-179.480781661481;62;62
-172.127068268119;-183.742814361377;180.083267128544;2.31146614611407;-180.068706792961;54;54
-173.973673185431;-184.979878357581;179.65443530052;2.25251960031089;-179.640614095862;47;47
-173.481106780837;-186.453266521128;180.04589757289;2.44486179271636;-180.029610519535;53;53
-173.481106780837;-185.904484282686;179.755516614709;2.68492777891794;-179.735849367139;52;52
-174.174627818485;-186.000461972722;179.725618948288;3.04646834557146;-179.700234951239;59;59
-173.943212764777;-184.291239897746;179.730552169204;2.38248355953078;-179.715119453861;44;44
-175.177113431738;-184.291239897746;179.908722337527;2.02134961166021;-179.897565854912;57;57
-175.278281516903;-186.453266521128;180.264519880471;2.47885242227609;-180.247726148703;68;68
-171.798782147656;-185.365354323783;179.713940332934;2.54025717371244;-179.696331453474;52;52
-173.481106780837;-186.878023975978;179.928261031074;2.74609303034808;-179.907723323023;50;50
-174.053821047272;-185.749186595164;179.24136697304;2.5068441568499;-179.224123341469;61;61
-175.643133404219;-186.453266521128;179.891467214273;2.46288187819756;-179.875008305382;42;42
-174.910788583888;-184.291239897746;179.947558477721;2.07344086650599;-179.935805181482;62;62
-172.849518467717;-184.794171199764;179.661005052709;2.64206747102298;-179.641862801357;68;68
-175.201694238341;-184.291239897746;179.966551742137;1.87865688148844;-179.956914969022;58;58
-173.481106780837;-184.934339248806;179.39838731561;2.3180038579249;-179.383678684875;56;56
-174.627277634432;-185.029967891178;180.480180660842;2.5267053592828;-180.46284674746;50;50
-175.643133404219;-184.291239897746;180.059589262742;2.08737172493943;-180.047718048783;53;53
-174.387789765575;-184.730807473708;180.24954919607;2.53779617011676;-180.232118833302;41;41
-175.643133404219;-187.377685268322;180.047989400201;2.13910094352845;-180.035497303563;59;59
-174.588383497769;-186.453266521128;180.336665451876;2.59790565613125;-180.318305044921;53;53
-174.944962019243;-186.453266521128;180.504301020887;2.25303986114308;-180.490466153847;62;62
-173.481106780837;-186.811900268508;180.409505254803;2.54516701531567;-180.391811325779;69;69
-173.481106780837;-187.10481198575;179.55541051139;2.72179757682492;-179.535123949509;60;60
-174.907113749894;-183.444068394153;179.703067407767;1.95335437584398;-179.692627660861;60;60
-174.53382878272;-185.488735049419;179.856211631461;2.37098750529051;-179.840835049618;62;62
-175.24358960684;-184.291239897746;180.008929342283;2.31183037509067;-179.994343931905;57;57
-176.198189912638;-184.291239897746;179.859223443168;2.02683551370848;-179.848045863608;47;47
-174.236416388588;-185.329170929017;179.879281997167;2.54369183945087;-179.861655532817;50;50
-173.940492091125;-185.4392758115;179.612381584841;2.50841485906825;-179.595161738841;59;59
-174.626000536868;-184.783291575231;180.191996445917;2.45711166394257;-180.175578071476;50;50
-173.952414997854;-186.453266521128;179.612011404589;2.6371302640781;-179.592935429501;68;68
-175.027186453515;-184.821511392664;179.755293995436;2.68634504196878;-179.735656309598;46;46
-175.190295942462;-185.376143802248;180.191983367438;2.41266353650642;-180.176160241452;49;49
-175.643133404219;-185.562126125104;180.368025219966;1.99847060583854;-180.35711156615;70;70
-174.655846520339;-184.746889075534;179.513387213535;2.43135996921138;-179.497220478759;55;55
-174.555665554421;-185.658216806888;179.873061665182;2.17585531451722;-179.860149265329;53;53
-172.505252845873;-187.74394187973;180.254859595809;2.37022369310256;-180.239548957096;57;57
-174.720669089467;-184.73605946104;180.012343159082;2.22920383950824;-179.998766119702;61;61
-175.643133404219;-184.291239897746;180.272934504577;1.88486570992969;-180.263270018219;52;52
-174.554829104134;-185.487991276124;180.133121016193;2.09396080890222;-180.121140140915;64;64
-171.319080157455;-185.83601110004;179.74260598261;2.64396331816124;-179.723532952401;52;52
-176.065743164024;-182.558933193825;179.551718040414;1.76012820651469;-179.543291291169;43;43
-174.510799828735;-185.329144025389;180.147360462143;2.40074784928889;-180.131643546768;57;57
-175.643133404219;-186.010855638389;180.258092454124;2.36519909390638;-180.242935576812;43;43
-174.850410538087;-184.83831285863;179.379627405611;2.3368993177484;-179.364662603158;59;59
-174.983409290253;-184.291239897746;179.956358344893;2.24665413096938;-179.942546193386;66;66
-176.263638093875;-187.757033701918;180.369462736999;2.51416510083154;-180.352304531781;48;48
-173.481106780837;-184.922344639224;179.272984076342;2.68333472305019;-179.253379242242;42;42
-174.55933231624;-186.453266521128;180.183108644049;2.30499835564408;-180.168606371532;61;61
-173.481106780837;-184.892831986047;179.931108189546;2.44943428756204;-179.914695652534;64;64
-174.869321893753;-185.660102471262;180.282864259498;2.5835036306271;-180.264754603416;46;46
-175.0822297363;-185.04200864571;180.392646754908;2.33599348863555;-180.377796176247;55;55
-174.031619340567;-185.187435081931;180.291067702334;2.26282946262711;-180.277061320895;73;73
-172.719416374161;-185.946204131264;180.20648448064;2.73146247405126;-180.186188298467;51;51
-174.85588137494;-184.705141420035;179.953985033672;2.34348818620842;-179.938975278766;61;61
-172.998154166443;-187.902468639128;179.71939612061;2.67921377355611;-179.699768829421;58;58
-173.481106780837;-184.754410848454;179.633852640039;2.54743900281128;-179.616208862582;43;43
-174.441924208936;-185.351320331569;179.778014836942;2.30484030515679;-179.763494406028;58;58
-175.06635377277;-184.692482001376;180.023968822532;2.08487457577316;-180.012137320402;50;50
-173.985107068828;-184.801277775436;179.653284645223;2.32792981453264;-179.638452864496;60;60
-175.643133404219;-185.645278410521;179.980026158792;2.45653641180321;-179.963596142108;50;50
-175.204390014677;-185.019127532001;180.103693169312;2.1333988491503;-180.091305024784;51;51
-174.054639798485;-187.155424730048;180.443556507071;2.47124692504185;-180.426930265367;57;57
-173.946932147679;-186.453266521128;180.344877018163;2.64793386938256;-180.32576070032;60;60
-173.481106780837;-185.521010720033;179.83478905311;2.67688304317154;-179.815240880438;53;53
-174.557765471505;-184.662463733162;179.4350366448;2.4461559615792;-179.418709606081;48;48
-176.661379725873;-185.499405064524;180.577812665499;2.13209533231545;-180.565532343426;41;41
-174.811382530937;-186.453266521128;180.363967618958;2.67368331507173;-180.344491139056;58;58
-174.85663730932;-184.291239897746;179.852789239299;2.2394765444868;-179.839104248933;54;54
-175.086222390784;-188.61529314451;180.242730625659;2.43699827934433;-180.226534237136;59;59
-173.481106780837;-186.453266521128;180.119767218359;2.64816074256165;-180.100741720516;44;44
-175.246524397284;-185.443168276108;179.874214572675;2.18485321416302;-179.861173652721;58;58
-173.941381092736;-186.453266521128;180.320393601074;2.30723482097225;-180.305855901799;66;66
-172.902240105596;-184.291239897746;180.243963278363;2.50046327482907;-180.226917468687;58;58
-174.185186706801;-187.670784325489;180.059097096434;2.6003260834543;-180.040728016825;46;46
-174.967393921908;-188.18675674559;180.206140356696;2.24594332752899;-180.192333151335;74;74
-174.312210244755;-185.714226459115;179.991961119592;2.47504413185483;-179.975236747205;58;58
-174.484338728354;-185.385794704701;180.643839808973;2.27300820180941;-180.629794205598;56;56
-171.81729587255;-186.881216970862;180.145008363487;2.65450132111405;-180.125750704393;65;65
-173.481106780837;-186.453266521128;180.402917810568;2.73644137574263;-180.382569747959;51;51
-174.460775865628;-185.304267620529;180.094177555134;2.43098461584886;-180.078091336114;51;51
-175.218108269171;-186.921701873431;180.29789399333;2.74150381770898;-180.277435963375;54;54
-172.691999315837;-185.641113760412;179.865476781771;2.58985421786656;-179.847244752796;45;45
-172.891210662975;-185.66884359546;179.808315526167;2.58567761427467;-179.790033184392;60;60
-173.481106780837;-186.453266521128;179.926285363392;2.60733037662187;-179.907679090075;66;66
-173.481106780837;-186.453266521128;179.681920873368;2.72713796960238;-179.661563306918;61;61
-174.993628771939;-184.744077359503;180.158347477474;2.41362597340619;-180.142478213155;54;54
-175.643133404219;-184.834755457305;180.659386691659;2.09501677469825;-180.647486774362;49;49
-175.252738574727;-185.641113760412;179.870106169985;1.96859238371013;-179.859501528458;64;64
-173.481106780837;-186.453266521128;180.106017290571;2.6021329549242;-180.087594770641;50;50
-172.19012115217;-187.626383483922;179.738247129419;2.77874421590424;-179.71714310337;57;57
-176.405414677201;-184.291239897746;180.150573562395;2.02867679778714;-180.139383855138;49;49
-174.82560758023;-184.291239897746;180.068067477241;1.90227358491662;-180.058233004322;47;47
-174.350419060492;-184.955080084094;180.50712498344;2.45234499822953;-180.49076310599;56;56
-173.481106780837;-184.291239897746;179.607159263146;2.46180025002615;-179.59059950024;54;54
-175.22923188193;-183.893174224363;179.108387604884;2.00920994666532;-179.097315471367;57;57
-174.051853287545;-188.136663754769;180.262328166166;2.41151750709016;-180.246449077603;64;64
-174.368529853665;-185.340484226176;180.630960937178;2.02937739519346;-180.619838679445;41;41
-173.481106780837;-186.453266521128;179.460400957612;2.40680455820127;-179.444521327519;62;62
-174.566762686642;-185.667199083876;179.671828186961;2.01757160671309;-179.660659525627;71;71
-175.643133404219;-185.554665894083;179.900832756523;2.35655585994181;-179.885659227297;59;59
-173.089714639382;-184.988775172814;180.232720875346;2.52216779773196;-180.21537676303;58;58
-176.089296145356;-184.700256813361;180.338068111895;2.17660150874743;-180.325166896076;56;56
-174.945233478631;-183.870641538764;179.385716459252;2.22097081606683;-179.372178573212;65;65
-174.089317957373;-183.630871052189;179.845624615374;2.25914969291787;-179.831675297542;59;59
-175.131070611342;-185.684157485021;179.631872252727;2.27469433843991;-179.617690939094;65;65
-174.843438353223;-185.595954754332;180.751803183699;2.27955866949692;-180.737660101973;62;62
-173.925926344131;-184.991914197855;179.931386190028;2.40827081638679;-179.915652619949;42;42
-175.643133404219;-185.311491162173;180.293524386891;2.13118491620564;-180.281134467482;61;61
-172.411633240448;-185.6965102279;179.912189242784;2.46528501754384;-179.895542717186;69;69
-174.84963458511;-183.744354388955;179.489843837474;2.28316860046419;-179.47557231785;58;58
-173.481106780837;-184.968460406046;180.312200891334;2.39829209486147;-180.296488687772;67;67
-173.881301239182;-186.865772132722;179.757458337786;2.42926304755223;-179.741377941161;49;49
-175.643133404219;-185.909904289245;180.148302944938;2.43670100349108;-180.132215085168;42;42
-174.04242258028;-185.233064522366;180.125596141367;2.45658120086089;-180.109097577875;66;66
-175.189052252989;-185.521429281508;179.73269226574;2.09388830436718;-179.720765998994;45;45
-173.992865603634;-186.453266521128;179.81985407608;2.55266259899025;-179.802027051325;62;62
-174.8117713122;-185.972710361249;179.836018231118;2.38677932810672;-179.820495694938;50;50
-175.256654880444;-184.876403473464;179.953856313717;2.10699326395707;-179.941719968222;62;62
-174.828256332588;-185.716897665138;179.982925132578;2.62572788370374;-179.964125778731;54;54
-172.961160931665;-184.86352398323;179.442486622661;2.31531679986211;-179.427853788968;49;49
-174.191105672852;-183.037922447563;179.752979370672;1.97261457175554;-179.742407009585;43;43
-174.41287039536;-185.303267144754;180.014743358296;2.63632897115764;-179.995876496357;44;44
-174.971350839737;-187.499099139412;179.740290450498;2.43158734141833;-179.72414110619;55;55
-174.192040830743;-185.30303159113;179.824950248145;2.22844828631567;-179.811357659766;64;64
-172.857046853718;-184.291239897746;180.071685858336;2.26170274336718;-180.057703737206;64;64
-173.956344143728;-184.744566487734;180.071252420254;2.30505078488371;-180.056776987844;53;53
-172.755166806734;-183.19166310988;179.494989618811;2.23818095193058;-179.481344895459;45;45
-175.643133404219;-186.453266521128;180.481216076403;2.41100976569221;-180.465427071485;51;51
-174.289094891501;-184.991914197855;179.886706483747;2.54144613705445;-179.869028989262;65;65
-174.210355338194;-187.323728907796;179.694063378566;2.60310030882883;-179.67551688085;61;61
-176.202316173501;-185.386606265971;179.738499513214;1.85445833544661;-179.729113052484;53;53
-173.481106780837;-185.177686209605;179.487817421423;2.55491134804151;-179.469996328494;50;50
-175.643133404219;-185.101100294223;180.175848148908;2.48268464183701;-180.159053618848;55;55
-173.481106780837;-185.851391210149;180.285473794031;2.64458138709347;-180.266410718604;58;58
-174.975759217684;-185.023640588988;179.590185851231;2.18546674396948;-179.57710569172;61;61
-174.058559207411;-185.697168479178;179.917144346198;2.77629022049343;-179.896119410913;54;54
-173.97208638442;-185.553264939337;179.747166304366;2.32299836812373;-179.732495995298;44;44
-175.643133404219;-184.291239897746;180.08151577103;2.27943729968912;-180.067294959952;70;70
-174.004089101128;-184.291239897746;180.06694749985;2.38016081060396;-180.051482738087;59;59
-175.643133404219;-185.43788675848;179.799654396375;2.19827569595686;-179.786439547836;60;60
-172.454415813585;-184.291239897746;179.642736498198;2.72028751029648;-179.622488111993;59;59
-176.335132889438;-185.289393996417;180.247733026867;2.17005148675943;-180.234988264041;41;41
-174.345367918122;-186.453266521128;180.548098332164;2.74584123319818;-180.527618830023;52;52
-173.481106780837;-187.65203289055;180.111435268618;2.46589092736138;-180.094822285937;63;63
-174.924303145966;-185.718126093179;179.840872807491;2.31370070607464;-179.826221572728;64;64
-174.24777813351;-185.475349809146;179.660423599774;2.69326942103012;-179.640589416128;57;57
-171.932229394708;-185.510272277655;180.091675423371;2.7587200383671;-180.070890994175;61;61
-174.983466143203;-185.995916835743;179.659236138104;2.10277074061438;-179.647153827944;55;55
-174.095561488735;-184.291239897746;179.971050453213;2.36614135195266;-179.955738599383;64;64
-174.958854899463;-185.499405064524;179.928115176837;2.26426835751643;-179.914080163163;67;67
-173.481106780837;-184.291239897746;179.511619333933;2.65698446289315;-179.492326044379;53;53
-173.481106780837;-185.728791203755;180.122252504533;2.53893513407962;-180.104764401297;44;44
-174.508072327739;-184.994077982255;179.927897606722;2.21348749526095;-179.914488147952;66;66
-175.643133404219;-184.706388448555;180.160125529836;2.07226750721503;-180.14847200859;45;45
-174.067968260205;-185.769800335289;180.119361862652;2.27785502096418;-180.10518663663;63;63
-172.138953733931;-184.291239897746;179.698749055034;2.48689068601304;-179.681796781143;67;67
-173.481106780837;-187.0865404445;179.085581554416;2.81414065521564;-179.06397214163;44;44
-173.011711527099;-185.236392813066;179.856514140576;2.46728330455234;-179.839958097654;46;46
-173.481106780837;-184.725254975751;180.260096256496;2.56841407392327;-180.242074728173;66;66
-174.815466349696;-185.815288087841;179.946685089338;2.77453072439201;-179.92574924556;47;47
-173.481106780837;-185.20885497679;180.069207918074;2.43068770230611;-180.053089534496;57;57
-175.643133404219;-184.996197872555;180.579641500626;2.00516194285891;-180.56871853081;53;53
-175.166086991203;-186.453266521128;180.649393755828;2.43725384926546;-180.633343244005;42;42
-173.481106780837;-184.948776600351;179.43391294109;2.36639174798085;-179.418608265971;52;52
-173.481106780837;-183.284788175217;179.55211987542;2.12181028136445;-179.539764176093;69;69
-173.933178259256;-183.108882359155;179.581714337991;2.17711012359069;-179.568846995502;40;40
-173.030285330392;-186.453266521128;180.113182237159;2.54848600108044;-180.09542481826;66;66
-176.198189912638;-183.866624318202;180.135964984854;1.91551267356479;-180.125947167137;61;61
-173.880682089644;-184.291239897746;179.251796513926;2.37173163771305;-179.236454006919;45;45
-176.132868242607;-185.709964719419;180.377774718411;2.10285467536929;-180.365757061641;51;51
-172.634078474468;-183.348443192465;179.551384549753;2.15639848207768;-179.538622673264;69;69
-174.45868908709;-185.699352373971;180.034577019462;2.57618084715403;-180.016492121474;53;53
-174.282005880131;-183.536203392982;179.279211933871;2.02592449484423;-179.267952368308;61;61
-175.173243003486;-185.999507692887;179.876963713985;2.09996802786161;-179.864932305951;54;54
-174.720669089467;-185.580778558057;179.696887791893;2.2685237575919;-179.682799080157;62;62
-174.071737127504;-186.000797917837;180.160782379936;2.20169039545502;-180.147549340513;61;61
-174.445660360323;-184.746889075534;179.574852939614;2.36196160018988;-179.559635776034;49;49
-174.720437213224;-183.926388010431;179.532239852186;2.24865799540953;-179.518399792209;58;58
-173.481106780837;-184.750664115885;179.896418371563;2.66791785942273;-179.877014756489;52;52
-175.109179570952;-185.469854740143;180.537374885573;2.03648334398886;-180.526083319782;59;59
-172.482134450759;-185.706905847458;179.845795336803;2.35383140733156;-179.830621064366;67;67
-174.984105148696;-186.453266521128;179.902225398844;2.13882614189303;-179.889730107678;58;58
-174.559266676446;-186.453266521128;179.672906656142;2.10023293877639;-179.660881740675;49;49
-173.481106780837;-185.424680087828;179.292109771529;2.36229191924424;-179.276815058182;58;58
-175.988014510353;-185.909519285855;180.574602118005;2.39343020921614;-180.559070018178;48;48
-173.481106780837;-184.291239897746;180.054865048068;2.36154845333762;-180.039615959968;65;65
-174.34875786432;-187.010333608112;180.094382426294;2.40999152885754;-180.078549870368;55;55
-176.044831878848;-184.67436797377;180.454402148487;2.22024202224441;-180.440974644198;59;59
-176.017436068959;-186.453266521128;180.054729712265;2.54818290517384;-180.037044314674;52;52
-175.643133404219;-185.035123549603;180.095090776768;2.09738983215291;-180.083091527208;57;57
-172.492952181038;-184.291239897746;179.798512134945;2.40956772634379;-179.782695050017;49;49
-174.839642723135;-186.882292136411;180.187974494723;2.28978856492064;-180.17365580226;63;63
-173.481106780837;-185.507807171703;179.733909344952;2.50118226525954;-179.716816042413;56;56
-174.822076116747;-186.843553225745;180.930249866404;2.26630457870642;-180.916292197663;60;60
-172.7521652792;-185.231383900367;180.225327144843;2.36577492743961;-180.21005780748;60;60
-175.150856693402;-183.020086599501;179.735014181783;1.69450480470571;-179.727168926787;56;56
-174.541027424586;-184.291239897746;179.979194240335;2.25073407604629;-179.965340298361;64;64
-173.903561536405;-183.926388010431;179.452248874657;2.54874232916143;-179.434460291828;58;58
-175.186813704075;-186.453266521128;179.813732355272;2.18630568804368;-179.800665812943;59;59
-172.721697930824;-187.564613758434;179.889113542639;3.06197850567067;-179.86348634634;60;60
-174.942459104168;-187.089097794684;179.860711287615;2.40097077755223;-179.844952339203;60;60
-175.643133404219;-184.754410848454;179.991600464244;2.50045833040846;-179.974565375778;52;52
-174.075359314547;-184.291239897746;179.380474919654;2.2867179593594;-179.366159237985;56;56
-174.440927383014;-184.291239897746;179.947843856965;2.59288895532124;-179.929501953763;55;55
-174.076581609538;-184.688970578581;179.579559380792;2.62274730945047;-179.560747881396;56;56
-175.220492686042;-185.089539935102;180.168294657444;2.28206124063096;-180.154045043709;71;71
-176.075427178811;-183.349450446197;179.453184729857;1.98113852722274;-179.442454995264;53;53
-176.107996493275;-185.017022916983;180.178900480792;2.3999745441483;-180.163242225437;49;49
-172.864272337005;-184.291239897746;179.602817298704;2.23886713286481;-179.589083798259;63;63
-174.721181397591;-184.722670942097;179.926762746426;2.13978251652215;-179.914257983527;58;58
-174.701996859105;-184.291239897746;179.661978396423;2.43406286974086;-179.645783743454;56;56
-173.481106780837;-184.986144030254;179.743003735789;2.58572039289942;-179.724783738837;49;49
-173.012421494624;-183.611304554061;179.916005935185;2.03758399260208;-179.904703031089;49;49
-175.643133404219;-185.139056109181;179.943596613012;1.9342596521353;-179.933368073148;62;62
-174.495097490523;-185.521429281508;180.161701310081;2.28804570564216;-180.147406042235;62;62
-174.701308779657;-184.291239897746;180.16686935977;2.13446538867063;-180.154483293709;49;49
-174.979293217871;-184.744565583812;180.129410722052;2.3015536419883;-180.114978703221;54;54
-174.625869201254;-185.370319394115;179.793826159064;2.33810313444109;-179.778920870495;51;51
-174.942459104168;-185.385794704701;180.180072514848;2.43623033597378;-180.163890499295;57;57
-174.318827192593;-185.065051774875;180.008341665603;2.41843555807548;-179.992341107328;66;66
-173.914116475391;-186.909850688556;179.596505434075;2.79336510540853;-179.575161891344;57;57
-173.481106780837;-186.453266521128;179.690153231426;2.25748826750284;-179.676177535584;69;69
-172.614868836306;-186.453266521128;180.184376597597;2.56201650429263;-180.166525525325;50;50
-173.481106780837;-184.782445393602;180.318797571642;2.37357472095397;-180.30356554198;40;40
-173.481106780837;-184.820666315428;179.744307322853;2.41208587981706;-179.728374959003;64;64
-173.481106780837;-186.453266521128;179.371386582559;2.49187643714977;-179.35435603509;62;62
-173.481106780837;-187.091305042714;179.752648765098;2.25550721478389;-179.738721972394;63;63
-174.779057017275;-184.728719401924;179.782921491278;2.4335898686228;-179.766733880158;58;58
-173.901775897489;-184.291239897746;179.677540325294;2.48694562362161;-179.660647148926;54;54
-175.643133404219;-187.38983864256;179.865092488102;2.30520666362242;-179.850615227046;50;50
-174.720669089467;-188.153446220574;180.003102872068;2.38858665316093;-179.987490820316;67;67
-174.329235614251;-186.453266521128;179.88624472361;2.70142525192303;-179.866303214843;59;59
-174.648687644578;-185.054198209507;180.28877985127;2.35826395681181;-180.273631023072;56;56
-176.0798841346;-187.534279832848;179.92992073387;2.14669850640383;-179.917386903166;47;47
-174.906737233815;-184.855266054741;179.60375886247;2.27211404156396;-179.589610945087;64;64
-172.993308401807;-184.291239897746;178.831256154308;2.30599577034599;-178.816648701267;57;57
-174.491102956202;-186.453266521128;179.83001822886;2.32766090775763;-179.815178215415;67;67
-175.139133116285;-185.235356455447;179.986823539171;2.67027139494443;-179.96734464217;60;60
-175.643133404219;-183.523888204618;179.582928994065;2.21091070834645;-179.569642879534;42;42
-174.641415152306;-184.291239897746;180.165706740347;2.26499571537788;-180.151698368096;62;62
-176.060368793769;-185.342634894922;180.048814748998;2.00519358049989;-180.037896683903;45;45
-174.729927700613;-183.664291705931;179.72389660176;2.25561291946681;-179.710030472758;49;49
-172.826354414037;-184.291239897746;179.731854910918;2.32489171833142;-179.717045502083;66;66
-173.887514539829;-185.089539935102;179.92096679324;2.44476695520884;-179.904742582527;43;43
-172.823180845323;-184.991914197855;179.553489451738;2.52088501941235;-179.536045118374;70;70
-173.481106780837;-184.291239897746;179.358512189397;2.57027308450154;-179.340429646185;55;55
-174.007869708712;-185.017022916983;180.104776850692;2.25868844514412;-180.090880471321;53;53
-174.491205025915;-184.291239897746;180.178129814652;2.31385634741359;-180.163515456579;61;61
-174.722477389443;-187.632982013324;180.098955633539;2.56222102618031;-180.081009113521;65;65
-174.403125648971;-186.453266521128;180.182362060798;2.4400054710359;-180.166130059734;57;57
-173.481106780837;-185.761812061605;179.826968435219;2.5644132560151;-179.809089034377;45;45
-174.681007259311;-184.291239897746;179.684022571587;2.31117295789498;-179.669414598716;58;58
-175.187945296223;-186.088414633812;180.251552630732;2.34671334137667;-180.236522341861;62;62
-175.171436321585;-187.693767077581;179.949458996241;2.27074323673434;-179.935406958509;52;52
-174.351890140534;-183.843470113123;179.784500862631;2.03997427514698;-179.773163135804;49;49
-174.113612852308;-186.453266521128;179.485340387082;2.52357579136274;-179.467909961691;57;57
-173.481106780837;-188.158600280095;180.011891982856;2.91697272052718;-179.988781895652;45;45
-174.098362201925;-185.720353521133;180.697366443864;2.18993867525563;-180.684320552793;59;59
-172.559159559416;-184.291239897746;180.137975892101;2.62931012898806;-180.119134970715;55;55
-173.993722129804;-185.725378886874;179.582636377794;2.13557824755638;-179.570153126442;59;59
-173.956344143728;-184.913909730976;179.699757173623;2.29263553339796;-179.685343662354;69;69
-172.690334671026;-185.11371203547;179.896505163527;2.41629076758279;-179.880561868477;57;57
-174.65440163355;-184.291239897746;179.882137770426;2.36681117632516;-179.866830292287;59;59
-173.481106780837;-184.291239897746;179.351591280239;2.48912290413804;-179.334615690619;58;58
-175.643133404219;-185.222470220621;179.867846175199;1.93358540074439;-179.857607949954;67;67
-174.729927700613;-184.291239897746;180.246083612516;2.22090508241897;-180.232628692073;60;60
-175.643133404219;-188.61529314451;179.714056127407;2.51387280418608;-179.696863767506;45;45
-174.070724104466;-188.179916527569;179.794174647189;2.73230803953741;-179.77381931843;51;51
-175.643133404219;-183.590565597638;180.062519103509;1.81136384525993;-180.053573700096;55;55
-174.033642957471;-184.928613694381;179.918610621866;2.28132582850777;-179.904372709669;64;64
-171.319080157455;-184.291239897746;179.856066701016;2.47996100557278;-179.839253295865;60;60
-172.839702734801;-188.61529314451;180.050162563928;2.96733700925386;-180.026116721582;60;60
-176.004240666573;-185.358408634623;180.300860100252;2.10265749500063;-180.289156486339;22;22
-174.418729276088;-184.724415800077;179.011744154912;3.00474554751872;-178.987925941049;18;18
-174.804320294088;-185.958019823105;179.982542253761;2.45288502517741;-179.966234662555;41;41
-173.935494623585;-186.453266521128;180.088285330807;2.82457449994683;-180.066604459766;47;47
-175.202202315972;-185.022902227208;179.670059294547;2.30927155192985;-179.655580315545;41;41
-176.41656657056;-186.453266521128;179.976285647988;2.40162074331269;-179.960569382128;52;52
-173.481106780837;-185.065051408212;179.676770259414;2.57634505606402;-179.658982665309;27;27
-174.99453037226;-182.721666668872;179.547471325161;1.88767373163334;-179.537823669651;36;36
-174.447558605209;-185.970132824045;180.401463321115;2.4207507266479;-180.385505908691;57;57
-173.481106780837;-183.861122218064;179.509822433839;2.25283004143854;-179.495902983041;65;65
-174.514102367986;-183.699755008215;179.752009331562;2.05544835483788;-179.740466881737;56;56
-175.643133404219;-185.398854565303;179.617341518072;2.23827811657917;-179.603619923855;62;62
-174.432874005195;-189.041035346091;179.648971008938;2.66851093878361;-179.629547271468;50;50
-173.925180605557;-184.291239897746;179.885741524739;2.66915422401063;-179.866237979366;66;66
-175.643133404219;-186.453266521128;179.91281872295;2.46555017854832;-179.896191994796;63;63
-173.956344143728;-186.905090878182;179.728179300534;2.6071413858453;-179.709535037783;71;71
-174.702731838917;-185.027259552128;179.986549407239;2.31791695382678;-179.97192802283;49;49
-175.064019838301;-184.291239897746;180.012168943731;2.39761169155143;-179.996514250997;51;51
-173.481106780837;-185.558582634107;180.012237917429;2.31170848265537;-179.997654313188;57;57
-173.481106780837;-184.291239897746;179.591716965168;2.58249376437316;-179.573512240902;51;51
-173.481106780837;-186.453266521128;179.792523995323;2.66401006591324;-179.773120967122;59;59
-173.014202473949;-188.61529314451;179.534306502187;2.91723130106373;-179.511119371311;46;46
-171.319080157455;-184.291239897746;179.631213437946;2.19868743366837;-179.617977564529;61;61
-174.278945369092;-184.942646985891;179.354690906187;2.56080683285251;-179.336723742677;58;58
-175.643133404219;-186.453266521128;180.076033642574;2.16233684496531;-180.063286664853;55;55
-174.210355338194;-185.515161448406;179.706750208809;2.39245110230849;-179.691098652453;58;58
-171.828420110186;-185.492863646057;179.837018066517;2.84459407597667;-179.814907235009;58;58
-174.395546151169;-185.455605540936;179.769688638367;2.28837555052342;-179.755358064165;62;62
-171.319080157455;-184.715583667837;179.634677268479;2.45016006896927;-179.618276255285;54;54
-175.136627596347;-187.576879596144;179.845240100056;2.53900375950529;-179.827596808012;64;64
-175.270970802091;-185.599535116251;180.370264774252;2.45336647531844;-180.353899757692;52;52
-176.947660707132;-185.256846148427;180.461069107655;1.9368781823818;-180.450916347085;43;43
-174.324584585391;-184.291239897746;180.094948846;2.48766445275824;-180.078039624954;63;63
-174.252303680818;-185.030854687436;180.56869482308;2.48445874475843;-180.551873409296;63;63
-176.035167725109;-186.042449473514;180.158500737128;2.5550046443601;-180.140737591675;51;51
-174.985207468705;-185.499446127423;179.987469649551;2.51441028788612;-179.970271671417;48;48
-174.36480366259;-185.148962300002;180.252272127964;2.44250468789921;-180.236018350402;56;56
-174.461372408301;-184.707577537472;180.485446223546;2.09077734596457;-180.473560112074;54;54
-174.728382034438;-185.094960719051;180.30395138418;2.29901627952707;-180.289537966459;60;60
-175.643133404219;-185.550728639407;180.083351901417;2.44112183622209;-180.067096109811;57;57
-175.643133404219;-186.453266521128;180.090258831604;2.36685368253987;-180.075043002102;46;46
-172.484513878461;-185.071317186301;179.949076299331;2.70322418655373;-179.929222271183;45;45
-171.319080157455;-184.713849657551;179.975428604344;2.60137259554409;-179.956925892968;63;63
-173.481106780837;-185.513290651046;179.857605119022;2.73130908013689;-179.837216702695;59;59
-170.033532458012;-184.291239897746;179.697247643883;3.1273074692497;-179.670651561931;44;44
-174.588977019699;-184.876221116643;179.907165836176;2.58315284403171;-179.889596236694;19;19
-176.008908954651;-186.453266521128;180.649365516093;2.1787561995482;-180.636531957521;43;43
-171.628848800675;-184.873725316141;180.328847908016;2.81305098704637;-180.307453987275;40;40
-174.24777813351;-183.920974316791;179.679965670761;2.25081635465917;-179.666155077952;49;49
-173.481106780837;-185.80235954826;180.204979669518;2.42859589614458;-180.188882313722;61;61
-174.88145846763;-183.850308809499;180.097340456859;2.53671801345751;-180.080032744264;32;32
-171.623632193924;-184.730807473708;179.656901429491;2.69867092124888;-179.637330581347;29;29
-175.137431815732;-183.67944735894;179.256936388208;2.24351782471177;-179.243364312687;30;30
-174.6372453992;-185.643402485156;179.595947335255;2.56741152528768;-179.577877553356;65;65
-173.481106780837;-185.511925859478;179.500035461329;2.47999515207816;-179.483158405796;67;67
-174.068155473254;-185.997876193145;180.085237261639;2.57054546743376;-180.067212174266;57;57
-171.812457149406;-187.630073586273;180.447714937117;2.84050294519426;-180.425853657643;45;45
-173.481106780837;-186.453266521128;179.88603865182;2.3637143827977;-179.870838747143;47;47
-173.481106780837;-185.225651515737;179.73632406013;1.92463463908501;-179.726206540898;55;55
-174.035852464877;-184.291239897746;179.904231743149;2.09775975129724;-179.892183497937;67;67
-175.643133404219;-186.070259289557;180.1887706999;2.52447529935876;-180.171432450066;51;51
-174.757964194788;-183.428122302122;180.361952840173;2.02974805723456;-180.350728269974;58;58
-173.481106780837;-185.487518752647;179.802949580785;2.44465684110324;-179.786597730683;62;62
-172.802984404617;-183.775779548443;179.207752317227;2.27580474557649;-179.193523556782;65;65
-175.643133404219;-185.064883340456;179.814019317806;2.46717330317303;-179.797361541478;63;63
-172.146281251966;-184.291239897746;179.498460451794;2.62734477290128;-179.47957441114;56;56
-173.481106780837;-186.453266521128;180.102317234038;3.02797811906239;-180.0773705789;50;50
-174.694741438055;-183.454348150473;179.248448798759;1.99222381597793;-179.237598790385;50;50
-174.40913929867;-184.986087826446;179.603936650321;2.36319887289773;-179.588699659968;50;50
-172.125858743696;-183.529306594761;179.486840613247;2.20071764531208;-179.473593747358;55;55
-174.942459104168;-186.453266521128;179.348598009841;2.20237515348195;-179.33530046457;60;60
-174.032083322825;-186.029875588718;179.894665251702;2.72630917116474;-179.874318461326;66;66
-173.481106780837;-184.291239897746;179.583819984256;2.55191288985392;-179.566050204174;50;50
-175.643133404219;-183.671060055194;179.526639751956;2.12809313222899;-179.514268770423;52;52
-173.481106780837;-186.814822823012;179.720653785632;2.56214726695913;-179.702693937777;60;60
-172.853958800554;-182.755172277841;179.124025240713;2.2746341841724;-179.109860021741;52;52
-174.191105672852;-182.779294202493;179.597255709762;2.06829722801697;-179.585554695009;57;57
-175.643133404219;-184.756102986803;179.231448288958;2.03433388470062;-179.220088973403;62;62
-174.15177006408;-185.107334233194;179.187082517189;2.43111744263452;-179.170874059592;58;58
-172.965192962414;-185.210345547269;179.74261930736;2.43061836547682;-179.726467584143;58;58
-175.192226174573;-185.841314136507;179.692868006514;2.24424123439989;-179.679075409512;63;63
-174.461726182513;-184.291239897746;179.828330413541;2.52286474165954;-179.810948584313;56;56
-174.070752110598;-184.291239897746;180.112507404239;2.29664450918099;-180.098140655983;53;53
-174.698318424588;-185.127522005234;179.769085947671;2.57448620212866;-179.75105109501;46;46
-173.481106780837;-184.929715492868;179.395811388481;2.40761615970407;-179.379933297476;58;58
-172.281315035062;-184.291239897746;179.563215555493;2.79523272785997;-179.541808713215;62;62
-173.481106780837;-184.291239897746;179.710568185377;2.63168203388573;-179.69160879917;62;62
-175.06049675059;-188.61529314451;180.187150796977;2.44421009559614;-180.17082357297;66;66
-173.481106780837;-184.291239897746;178.987001934631;2.51369337425414;-178.969644124568;60;60
-172.604627856955;-184.677824746049;179.935840971406;2.43036755136887;-179.919664805723;69;69
-174.512277593451;-184.949859012786;180.312575312373;2.19561908236896;-180.299459317113;53;53
-174.575839187907;-184.291239897746;179.626816703026;1.96534794690175;-179.616240934665;61;61
-172.868817163864;-182.915315341132;179.063038859653;2.16889625102625;-179.050133490507;57;57
-170.943681581825;-186.453266521128;179.111591707912;2.8069826124729;-179.089928566172;66;66
-171.960391118288;-185.010235979145;179.474131540859;2.49161383507189;-179.457138803589;57;57
-173.868002744296;-184.991914197855;179.476815707803;2.47830621393292;-179.459963322058;66;66
-174.411535556148;-187.025997844822;179.186953278526;2.48641740775481;-179.170021042095;54;54
-173.481106780837;-185.983844845511;179.461882976966;2.64232766294394;-179.442759350639;59;59
-173.481106780837;-184.291239897746;179.88096620469;2.59438713358649;-179.862562807963;61;61
-175.643133404219;-184.691066543932;180.017418654383;1.97552175213539;-180.00676548532;58;58
-175.643133404219;-186.453266521128;179.695276451148;1.97799361314971;-179.68457120122;60;60
-175.643133404219;-185.096503357959;179.961997609596;2.23308129278463;-179.94835883668;64;64
-175.643133404219;-184.291239897746;179.829255847031;1.97808980211612;-179.818670253242;37;37
-176.248537188671;-184.291239897746;180.087205017974;1.79039957532464;-180.078566633731;34;34
-175.643133404219;-182.628434779346;179.522958018698;2.22893097544093;-179.510273615739;12;12
-177.232907805499;-185.010070156;180.285699943658;2.85714113299986;-180.265574575693;9;9
-175.222687383833;-186.453266521128;179.948135258053;2.81123645454806;-179.926737798375;39;39
-174.289641769908;-184.291239897746;180.136669199197;2.41331637112372;-180.12097820968;34;34
-175.148610688891;-184.291239897746;180.335979196781;2.66037986195887;-180.317756519456;14;14
-175.643133404219;-183.706635734936;179.74236564217;2.54067392382398;-179.725126745304;25;25
-174.9715321439;-186.844583200112;180.269897136846;2.7536663207587;-180.249521758635;32;32
-172.233925395953;-184.678506378035;179.436931158696;2.69461859105293;-179.417821526976;18;18
-175.643133404219;-187.431832612332;180.763902346593;2.91923492772802;-180.741900476461;15;15
-174.905042326643;-185.645323413022;179.840532268273;2.22349440931938;-179.827130092576;40;40
-174.345367918122;-185.820760449715;179.559815079104;2.44910922320335;-179.543519379716;41;41
-176.084459374158;-184.719417802545;180.184604756951;2.10170473674261;-180.172625608559;44;44
-175.643133404219;-186.453266521128;179.899298595227;2.40404727700149;-179.883591869348;45;45
-176.521184731484;-184.749072727907;180.194868672049;2.20103516173324;-180.181821022235;34;34
-175.218093199682;-185.221409738784;180.956103709404;1.91442129233147;-180.946274499319;34;34
-174.958841595985;-187.329745445067;179.82804065664;2.7617109641164;-179.8076184209;27;27
-176.104372666525;-184.819583076673;180.046680432633;1.93511241924559;-180.036554672716;38;38
-175.643133404219;-184.291239897746;180.129442767265;2.38451798432236;-180.113917945088;61;61
-174.447519779939;-184.291239897746;179.923627167932;1.96931537472588;-179.9130490787;54;54
-174.76390058991;-185.469142174966;179.343880708216;2.42232035376916;-179.327803415206;58;58
-173.481106780837;-187.117753416536;180.518193912558;2.65411921869562;-180.499169231732;40;40
-175.265711738243;-185.233711393497;180.061257626017;2.27302441111719;-180.047388426552;30;30
-174.185186706801;-187.48913825315;180.495468165217;2.55312038762557;-180.477688061181;65;65
-176.248428655528;-185.452336161118;180.104277704708;2.25961162403869;-180.090360198382;55;55
-174.364796353326;-185.602128766217;180.092551660983;2.12283986283209;-180.080255475381;58;58
-173.481106780837;-188.925403476455;180.089004599276;2.88855878972559;-180.0663303695;47;47
-174.160026618974;-185.413363577868;180.935243211596;2.24858835318096;-180.921580927586;45;45
-170.750752001981;-185.897687923971;180.15536828439;2.39420601623662;-180.139719301701;61;61
-175.246763766837;-184.796207293769;179.963224823364;2.15962393476884;-179.950493573697;57;57
-174.544043201469;-184.291239897746;179.779809677241;2.34748859627118;-179.764783308271;51;51
-175.131070611342;-184.291239897746;179.790818462467;1.97492704711051;-179.780202059216;47;47
-175.643133404219;-185.291154583957;180.01314910029;2.15096477438978;-180.000527272236;56;56
-174.465231127057;-188.61529314451;180.358334306861;2.56157300459279;-180.340473550805;55;55
-175.157758113615;-187.027121786796;179.853436421694;2.34317442082914;-179.838483580851;49;49
-176.067279359419;-183.702430043559;179.591850661456;1.95241005586512;-179.5819452116;15;15
-177.036659728788;-184.291239897746;180.506659063114;1.86905264216971;-180.497354463335;26;26
-175.643133404219;-185.017293065384;180.623439312874;2.46968391218928;-180.607229822426;25;25
-175.643133404219;-184.291239897746;179.339819810833;2.4250461331192;-179.324204059158;21;21
-175.270901923629;-184.291239897746;179.381144083923;2.54768015362641;-179.364115650413;17;17
-176.02124594708;-185.43788675848;180.002662383001;2.3138357359941;-179.988285980919;30;30
-174.422447442544;-185.33470774394;179.94793053357;2.38265600210575;-179.932459072067;52;52
-174.032204316243;-185.463072609946;179.193315170963;2.49697597484899;-179.176217202584;58;58
-173.481106780837;-185.166078834175;179.37990149609;2.39002428463983;-179.364231425227;63;63
-172.244884189124;-186.453266521128;180.324119286831;2.24502510173231;-180.31037646558;60;60
-175.643133404219;-184.6459491015;179.906282542312;1.76993537751754;-179.897728685212;57;57
-174.101849399036;-184.957640684506;179.964508317093;2.4036677272398;-179.948710313525;63;63
-174.948229271768;-186.023103000092;179.996681652869;2.4610288541276;-179.980103932622;68;68
-175.643133404219;-185.372926023475;179.96534146141;1.90283535125466;-179.955421239795;72;72
-173.025216871404;-183.653519068459;179.924692667076;2.16961383696596;-179.911872736693;50;50
-175.643133404219;-186.453266521128;180.119961814317;2.3680700432733;-180.104653884503;60;60
-174.565023443452;-184.291239897746;179.793269872648;2.46297951421836;-179.776705719053;55;55
-174.275225584046;-183.801001377496;179.399149117635;2.19634332025161;-179.385957637672;53;53
-175.261249548003;-183.040817377933;179.287025269611;1.8127593895581;-179.278003889716;64;64
-171.784301982309;-184.727096907466;179.79280353704;2.60727935798028;-179.774229408892;57;57
-172.145108491275;-183.659245827941;179.391249365417;2.34460914836905;-179.376170139301;63;63
-174.013034406873;-186.453266521128;179.989554242315;2.39458974850345;-179.973858937058;68;68
-170.890155618344;-183.242385463614;179.273230335766;2.21899602874648;-179.259721889855;61;61
-173.919874133385;-183.877503010199;180.00291994078;2.13889633403947;-179.990420044155;61;61
-172.204848222043;-186.453266521128;179.433589086676;2.39377294994789;-179.417934163371;51;51
-172.546321384229;-186.453266521128;180.065571352508;2.56638793108745;-180.047608295228;56;56
-175.038362437385;-184.848262113798;179.301163737895;2.26177582565811;-179.287147993855;57;57
-173.481106780837;-186.453266521128;179.603524414693;2.76896594958129;-179.582540247721;59;59
-175.084264949846;-187.29742832944;179.64104145872;2.40171675312535;-179.625244799261;62;62
-173.945279400589;-185.094587883385;179.417522247974;2.4431357275597;-179.401155654573;62;62
-174.470485704087;-185.351386807698;179.383992223258;2.4437114844483;-179.36765463051;54;54
-173.481106780837;-184.291239897746;179.261963712432;2.25800103091389;-179.248044746842;47;47
-173.481106780837;-184.291239897746;178.848698261939;2.2867112974456;-178.834322690701;60;60
-174.915245769964;-184.291239897746;179.96618929718;2.33025013242431;-179.951338059057;64;64
-176.776573594358;-184.291239897746;179.877534151159;1.77925282171463;-179.868910227726;50;50
-173.481106780837;-185.475349809146;180.068959273941;2.52819829850561;-180.051596103026;46;46
-173.976480788115;-185.504888431184;179.579506766152;2.37333867583415;-179.564047018238;70;70
-175.643133404219;-185.943273802172;180.021951137162;2.42278332078598;-180.005938322822;56;56
-173.481106780837;-186.453266521128;180.045404323294;2.36636432280195;-180.030092170045;65;65
-173.936497108821;-184.291239897746;179.838057077348;2.29470678780269;-179.823641673066;65;65
-172.859738254086;-186.453266521128;179.456501438069;2.72937490178354;-179.43612196618;55;55
-174.030356299493;-185.604342591904;179.502128605647;2.60826845300671;-179.483473911988;64;64
-174.42552744093;-185.670531167615;179.064204816195;2.32463448894697;-179.049321549471;73;73
-174.014769676812;-185.146326809518;179.395679473761;2.47057322458586;-179.378970553991;56;56
-175.643133404219;-184.291239897746;179.804254757268;2.20003598564877;-179.79103088179;57;57
-172.407041628883;-185.099474907615;180.010636575943;2.3147405411419;-179.996019221813;56;56
-175.160232891619;-183.736183389384;180.240793493171;2.13617344382262;-180.228392683703;49;49
-172.816619885429;-184.291239897746;179.91565191511;2.31289761476163;-179.901024429674;62;62
-175.643133404219;-185.089539935102;180.024525163219;2.3274988810089;-180.009699946024;68;68
-173.996774514244;-185.301236073111;180.148384974037;2.08572695533026;-180.136534084941;54;54
-176.326768586975;-185.940651172161;180.239102252378;2.14231993621315;-180.226680560635;41;41
-175.643133404219;-184.291239897746;180.305907123733;2.15531097790856;-180.293250777558;57;57
-176.649867858466;-185.934059455338;180.586528036538;2.11761229644353;-180.574315281189;61;61
-172.780432480786;-185.361383168509;180.171849485195;2.65125779092121;-180.152677947322;58;58
-172.350832751601;-185.856072281499;179.878120835991;2.19490332041218;-179.864910023084;74;74
-173.852720987606;-185.966346055197;179.79639221077;2.70301828916333;-179.776471222115;51;51
-175.643133404219;-183.264741638383;179.434468928957;2.09642999706027;-179.422457180464;52;52
-174.857961152331;-184.291239897746;180.146905482599;2.14625743134493;-180.134322803256;63;63
-175.643133404219;-187.812653152532;180.584976118874;2.63889652204462;-180.566015318261;60;60
-171.757094495758;-186.453266521128;179.906944507953;2.67467856262124;-179.887392578055;60;60
-175.643133404219;-186.453266521128;180.59325016037;2.43394950878251;-180.577163059095;52;52
-175.141268321468;-184.73605946104;180.073145073955;2.13387030291022;-180.060712162307;60;60
-174.191105672852;-185.073743456796;179.826372980528;2.1819949900243;-179.813332037482;67;67
-174.969639159331;-186.886594939693;179.542459436049;2.56777326529939;-179.52443672633;54;54
-174.735417262187;-185.089539935102;179.797709152937;2.3900300438077;-179.782112102424;55;55
-174.112586048564;-184.291239897746;179.965108055299;2.2983438849308;-179.950764896785;44;44
-174.946641511553;-183.590565597638;179.55124482611;2.1329980289737;-179.538797080106;57;57
-174.780220487399;-183.868460300798;180.136012714835;2.04083925088314;-180.124669707749;53;53
-174.383644662616;-182.129213274364;179.487496790107;2.33341731649164;-179.473276478363;16;16
-177.081306078968;-183.926110707969;179.967137559941;2.02238796777481;-179.95644234032;17;17
-175.643133404219;-183.504761540494;180.020789984299;2.33886174097596;-180.006681226565;14;14
-175.643133404219;-187.494966604546;180.331087560705;2.69610323172633;-180.311738184445;25;25
-177.178598621495;-184.865555496505;180.54194348544;2.14445924032608;-180.529786141046;22;22
-176.510116466911;-186.870008549494;179.491076413614;2.50112052814986;-179.474479506478;21;21
-176.203560871567;-186.453266521128;180.599693393773;2.31534356845874;-180.585314916744;32;32
-176.325915664589;-184.291239897746;180.424907745176;2.26696286666478;-180.411614987115;15;15
-176.465319106005;-183.686891106817;180.173852737121;2.01093129989308;-180.163097938989;24;24
-174.672927743521;-184.291239897746;179.183931633247;2.22826532061107;-179.170422554526;40;40
-174.32379332062;-185.809551867879;179.259060318653;2.53737587521564;-179.241427938867;55;55
-174.792350342265;-184.982016421893;180.242878959209;2.33808326564391;-180.228066385775;43;43
-173.481106780837;-187.374176257932;179.838956370397;2.54601704664807;-179.821273300199;53;53
-174.511705778698;-185.963573524346;180.425058835464;2.06419334894277;-180.413469195197;54;54
-173.481106780837;-184.880537793855;179.689602723931;2.30232410526772;-179.675098374083;60;60
-173.974483772788;-186.453266521128;179.71033186406;2.47814387578212;-179.693534301341;59;59
-174.725518325176;-185.317309284284;179.813394640584;1.96363911944103;-179.802863905317;56;56
-173.481106780837;-184.744077359503;179.769285805775;2.52988981960735;-179.751832462233;51;51
-175.643133404219;-185.827453482954;180.350977324075;2.0444334090355;-180.339730082897;34;34
-172.239509055557;-188.114297427515;179.967160637427;2.96938043014029;-179.943162223594;49;49
-172.123419629438;-186.453266521128;179.505949822671;2.58390071753343;-179.487661844865;60;60
-172.890156363347;-185.423573473287;179.437215117752;2.47736432859316;-179.420388541704;62;62
-176.07456444857;-184.808390932943;180.101414221811;2.25670599287521;-180.087582564997;46;46
-173.481106780837;-184.803895811154;179.752433208884;2.49262934908748;-179.735428495227;62;62
-175.643133404219;-185.68226994287;179.949885625684;2.39025576459885;-179.934309715009;53;53
-172.492529333101;-183.725835117316;179.179739924714;2.05637519228721;-179.168213871566;43;43
-172.197253264398;-187.111192456699;180.218748293507;2.8440274279536;-180.196686533223;59;59
-173.916031226884;-184.291239897746;179.558525162981;2.27479886783016;-179.544392177722;52;52
-174.063247228517;-183.743493245714;178.983930679356;2.08598004469981;-178.972013031488;51;51
-174.034298682175;-184.291239897746;180.335336609562;2.40645900715771;-180.319538567183;62;62
-172.839702734801;-184.959584818932;179.811221968635;2.65956162078046;-179.79186956814;62;62
-174.090388227379;-182.93653246415;179.597926663147;2.19859437566316;-179.584755176066;47;47
-174.880718716688;-183.380388985087;179.694324510628;1.99270696238156;-179.683465693867;58;58
-176.099006841897;-187.305471722397;180.465403546569;2.39098069301978;-180.449857176471;54;54
-172.769899990429;-184.291239897746;179.90030147189;2.25427388081148;-179.886424925475;57;57
-174.166678787611;-184.291239897746;179.685663989485;2.20878911495888;-179.672334538519;55;55
-173.027788458174;-189.505252502847;179.752439776808;2.48448481494583;-179.735587042541;54;54
-175.643133404219;-184.692938372375;179.709010394557;2.22426774279713;-179.695509659179;52;52
-174.958854899463;-184.698564730409;179.453355971046;2.23434229381963;-179.439718489903;51;51
-173.956344143728;-185.295105411772;180.176385891957;2.4984431324689;-180.159465426782;43;43
-177.305451705957;-184.775371973987;180.442248817625;2.15372752582134;-180.430466277994;12;12
-173.481106780837;-185.70581196022;179.643823158147;2.7052858759875;-179.624422422502;21;21
-172.359156385353;-185.06106199646;178.884143343362;3.21937557104811;-178.856620172624;20;20
-170.279054168568;-185.39954519748;180.026350893537;3.16581165710669;-179.999440919622;30;30
-172.345823040337;-183.946603214374;179.3475099913;2.27061665226433;-179.333353720841;66;66
-173.481106780837;-185.996573656713;180.018957789835;2.37709252658249;-180.003543014781;56;56
-172.847832857522;-184.877199767522;179.302258162088;2.52485168888776;-179.284843211813;49;49
-174.774380194216;-184.291239897746;179.847229849611;2.09349557948225;-179.835258641702;57;57
-174.613842943126;-186.833356890759;179.753020806802;2.9736404911281;-179.729125617793;35;35
-174.563473004431;-184.291239897746;179.878829057823;2.17024609838816;-179.865962264774;58;58
-174.829279090171;-187.430408196244;179.58941249478;2.46472837176998;-179.572743577913;69;69
-173.481106780837;-184.291239897746;179.927389260308;2.50995412133761;-179.91019435822;56;56
-174.267024169429;-185.653571470132;179.478768887689;2.33594542531475;-179.463778036381;72;72
-174.948229271768;-185.635561387671;179.21925681399;2.49435216810959;-179.202202482221;57;57
-175.068817805461;-183.623437910559;179.796239648872;1.82514568337001;-179.787191156298;43;43
-174.497810620503;-183.138288316736;179.300594369022;2.02748907181352;-179.289328470748;58;58
-172.743391984532;-184.660583432402;179.249354161468;2.53636620138554;-179.231868724426;39;39
-175.040137681111;-185.710250208056;179.761259091626;2.28721843786126;-179.747071426015;40;40
-174.013502408278;-184.939483018151;179.385605575643;2.70174996375618;-179.36562868119;55;55
-174.327454384152;-185.359024369001;179.956039420334;2.21005969619735;-179.942690408726;61;61
-170.579030100472;-183.278834055496;179.067058191606;2.27149544358597;-179.053019906476;39;39
-172.862350149429;-184.988775172814;179.376336527773;2.26565115369293;-179.362226304967;72;72
-173.967834157796;-184.668625574519;179.516690541802;2.59599919826039;-179.498287213701;51;51
-174.653912641179;-185.604342591904;179.899103870145;2.60524293819452;-179.88064012827;47;47
-173.481106780837;-187.74394187973;179.429791574279;2.68156273074109;-179.410153395185;50;50
-173.970717812633;-183.840804448638;179.628960257644;2.50569452839193;-179.611819206462;52;52
-174.344305418927;-183.613347720176;179.512037932735;2.25108847578838;-179.49820531533;50;50
-174.813382817094;-188.992774807105;179.932098623676;2.76411066602377;-179.911318062778;47;47
-174.643461478056;-184.291239897746;179.392690346836;2.0809133024345;-179.380801033881;67;67
-175.643133404219;-186.453266521128;180.460221253449;2.21695788496859;-180.446943518411;40;40
-174.862696702627;-185.576732045898;179.532625560698;2.31144495107624;-179.518001826596;58;58
-174.700141470597;-183.831611602216;179.537105205023;2.24003751202085;-179.5233193349;74;74
-175.227704668184;-184.291239897746;179.844242044142;2.17718150468534;-179.831316608838;52;52
-175.643133404219;-185.213936088798;179.662345926817;2.27704875624089;-179.648285659372;39;39
-175.643133404219;-183.391238315955;179.72787678351;1.94488777313755;-179.717672276688;33;33
-172.805561850485;-184.291239897746;178.663592793703;2.84781369343868;-178.641543495994;35;35
-175.643133404219;-183.71963616548;180.124131295199;2.29173960522588;-180.110091681612;27;27
-175.082018236847;-185.443168276108;180.405796900633;2.66724904795234;-180.386735871714;30;30
-173.481106780837;-187.036637721637;180.029811871426;2.86786211453194;-180.007348757132;60;60
-173.481106780837;-185.134303374236;179.896329710345;2.22307460563622;-179.882801463227;66;66
-174.619983636197;-184.291239897746;179.834148238768;1.81220591586833;-179.825196166746;51;51
-174.490181823209;-185.168619946782;179.58035793882;2.12286449595134;-179.568258197578;28;28
-172.381363612306;-187.704905121218;179.849501653691;3.04336127113;-179.824507813661;34;34
-174.85663730932;-187.117106707476;179.447441090735;2.86180096985401;-179.425271928181;35;35
-176.892251511311;-183.0860428036;180.056519628614;2.01406224938876;-180.045672130138;27;27
-174.254931549628;-183.235117386396;179.654351978456;1.96434134975759;-179.643815235402;53;53
-175.152363170506;-185.808665086959;179.805691431923;2.73108394835302;-179.78554157915;35;35
-174.469218594533;-185.509801677109;179.995405655629;2.12463597489084;-179.983171653832;41;41
-171.931964213959;-184.966864452045;179.925540433117;2.53200470419641;-179.9080206748;60;60
-175.643133404219;-184.906470603546;180.184021606901;2.31012952639857;-180.169481252758;55;55
-173.481106780837;-184.990812451903;179.867254307073;2.54470468606147;-179.849562960147;58;58
-173.857587763466;-184.776620348346;180.138552876811;2.42164919260155;-180.122565407272;56;56
-173.94967055377;-185.999087333697;180.052089200872;2.93091659829607;-180.02868280943;53;53
-173.481106780837;-186.062163976219;179.83312522184;2.84274867924112;-179.811071292131;54;54
-174.486944921005;-184.750664115885;179.97760847761;2.39057896553644;-179.96196466949;68;68
-173.481106780837;-184.727455462536;179.685275656963;2.58088652516525;-179.667096064753;52;52
-174.32379332062;-185.938565405363;179.518821985444;2.36090694540746;-179.503525130522;68;68
-173.481106780837;-187.41840432551;179.670341478841;2.60857167652166;-179.651659930016;74;74
-175.643133404219;-184.991914197855;179.579687705682;2.33498040728813;-179.564829813102;47;47
-171.783611764351;-183.652924919305;179.576585385799;2.30543894151734;-179.562028564104;61;61
-175.643133404219;-184.291239897746;179.590377542535;1.9330003832671;-179.580142224479;62;62
-174.936900941575;-183.413188570482;179.504716395423;2.22004695498709;-179.491292614299;45;45
-175.643133404219;-186.97605466814;180.428000545136;2.57059220335649;-180.410020732999;55;55
-172.729957161773;-184.291239897746;179.172232346281;2.59269686373002;-179.153863508979;48;48
-175.643133404219;-184.291239897746;180.155483720381;2.19310852404443;-180.142360677018;59;59
-174.519577790205;-185.525234003296;179.704283956235;2.15180772651645;-179.691604957447;63;63
-172.501508367129;-184.955080084094;178.916169616746;2.05297740618927;-178.904554362999;72;72
-173.481106780837;-184.291239897746;179.97581561393;2.41749842233368;-179.959863410795;57;57
-174.937112217551;-184.729044456022;179.430898570159;2.19748356010369;-179.417795953769;38;38
