3.39371155916977;-5.0320684968355;2.08466215094116;1.830480135706;-1.02564592423427;59;59
2.1745452898824;-6.43115366767903;2.53993813770696;2.05427714033589;-1.51919697174797;55;55
3.69785421656294;-6.52852136275682;2.21819430998715;1.90412583695069;-1.16645296728105;55;55
2.38836092572754;-6.06893700864732;2.21732054680502;1.6815230120404;-1.4651604859918;49;49
4.01737441764316;-5.37633690682796;2.24403822189855;2.01938436629911;-1.02492642095487;44;44
3.00968294521785;-4.6731948933463;2.2250507095608;1.61483468641231;-1.54486928683865;60;60
3.69785421656294;-5.0320684968355;2.33111583350326;1.94308500101592;-1.3137514100252;56;56
3.12737865374187;-5.40628874396603;2.01304962418821;1.90245048630754;-0.711979329926468;49;49
4.82409247337265;-4.2657192239881;1.83348827713931;1.76719681753589;-0.543577233273229;55;55
3.38593582379351;-5.32510507417853;2.41482249361393;2.02274379791767;-1.34645370110563;56;56
3.37005944532767;-5.31003568505454;2.27166089703285;1.98152508125908;-1.15528333079592;39;39
2.2864401967028;-4.34282312727594;1.85805522198903;1.49757884864247;-1.12177630113868;46;46
3.38728613600489;-4.70097091212717;2.32340830724283;1.96091644128938;-1.27730427263405;49;49
2.01995843628062;-4.40227720004503;2.02874958731983;1.45103078812327;-1.43263545500256;50;50
5.07239530536344;-5.31740094511208;2.31006085291445;2.00506878848839;-1.17807953218083;56;56
2.43722561522322;-5.35806288744253;2.21369709990483;1.75279874825409;-1.37154006409448;58;58
3.9759810826273;-5.33792987264771;2.35800048936966;2.19413509839358;-0.918796520359212;49;49
2.60017326748619;-5.71242315103564;2.14347364392338;1.89584419073486;-1.03410530505842;52;52
3.69785421656294;-5.0320684968355;2.42257495630989;1.99803525758635;-1.40341195207676;43;43
5.92454016292959;-4.04674312272569;2.05181876410869;1.92051444439199;-0.76888003261693;53;53
3.99283906545193;-5.0320684968355;2.16350201390996;1.98494373049141;-0.896820920859739;62;62
3.39213523162408;-8.14214485878099;2.51640881794939;2.15160958326963;-1.33518058401832;58;58
2.95319551802574;-4.69213076704891;2.06868934188858;1.82179772085714;-1.01150892127541;53;53
3.69785421656294;-5.91673359454946;2.52294422642539;2.15679562711483;-1.33690604379159;63;63
3.07650176945376;-3.7839101645501;1.96473720793844;1.65764006845294;-1.08327432745777;45;45
3.01884490072588;-5.0320684968355;1.82218686733236;1.54857965032258;-0.986554320677211;47;47
4.35015236403238;-5.71888339291501;2.35804888025466;2.10007642316111;-1.10139825859051;70;70
2.4633114236007;-5.0320684968355;1.9415301551311;1.84601746482985;-0.653676604167044;52;52
3.0756684812705;-6.13037585309526;2.3749228994913;1.9547404833283;-1.37145091806986;62;62
3.36648676522591;-5.32909044511349;2.24398382876034;2.1035507314425;-0.829558930437737;57;57
5.79826721316632;-5.65528425033744;2.44612058010215;2.22580911526861;-1.06224488661451;50;50
2.31767501034472;-7.60357400785576;2.34039180949408;1.89262078805451;-1.39661314391685;65;65
2.15522867504036;-4.66601408681738;2.25989663318168;2.0044103111844;-1.08234244696566;49;49
3.39765818083534;-7.03389324557345;2.47341613787231;2.15883519011448;-1.24592603062447;49;49
3.39173784831013;-5.0320684968355;2.27236938845151;1.96311322322159;-1.17049773461819;64;64
2.58340755993082;-5.94241775283794;2.37539583190849;1.79930557301798;-1.57489540081418;43;43
3.38645509505172;-6.7124753221858;2.28167574920118;2.125254688045;-0.878327211113278;55;55
2.98481816699415;-5.0320684968355;1.97068418364598;1.89707879015979;-0.587086036738116;60;60
2.91423711511841;-6.30742296816943;2.49091867998161;1.99391705484151;-1.51836310490586;52;52
4.00704569547027;-5.71164095079412;1.99400742998518;1.71717803007177;-1.03836646022447;58;58
2.94513423242025;-5.91310746845897;2.11160509094641;1.80827893110426;-1.11834658251268;53;53
4.3250775928369;-4.43741197910411;2.05636407685034;1.8610301476416;-0.917695586010781;45;45
4.04589224033633;-5.96007716607822;2.14287800853669;1.94708522518298;-0.933269306164167;54;54
1.59589207950901;-6.2316008081739;2.13336633616745;1.65195740088986;-1.36515076018513;66;66
3.3565534535;-4.70938763744042;2.26064442444804;1.93628041547526;-1.19725979525982;52;52
4.35842219673309;-4.74290985381091;2.2975275413972;2.23310865946403;-0.627398933917174;49;49
3.4081947923656;-4.69964675683128;2.15715688931688;2.04037872623462;-0.752246003917921;55;55
3.69785421656294;-7.15511582650228;2.14528526254543;2.11390961678744;-0.484968448291098;44;44
3.35003556108937;-4.1222716201414;2.01611581550708;1.94685484654963;-0.581997086103851;59;59
4.43356853364914;-5.0320684968355;2.29489434520153;2.12669345667362;-0.901245055122882;66;66
4.02249686293235;-4.42863590364651;1.90716287500463;1.91264599601892;-0.253239582836939;43;43
3.33350696635689;-6.78269295152303;2.21078546057289;1.82026887787554;-1.27980951229461;52;52
4.66512008574112;-4.72254362454146;2.1748878222342;1.97550330607669;-0.942106114929537;65;65
1.87748502664825;-5.0320684968355;1.91519194198617;1.46695944559334;-1.24932896719775;48;48
4.5655593347851;-5.36313944835982;2.14829417278635;2.00276160233006;-0.819815701098744;59;59
4.07764797713451;-5.5968834832249;2.32054176950607;1.93564720773861;-1.30330929638675;62;62
4.40923622036323;-6.1294771036895;2.15085511122598;1.93969548729535;-0.966823746051499;53;53
5.2965149453524;-5.0320684968355;2.44997126878298;2.23514450539497;-1.04262496696351;62;62
5.72162677561341;-5.63819366460353;2.24138682217728;2.11659910209597;-0.785662532827453;61;61
2.62154526557899;-5.70755798368963;2.61103709712102;2.0461054441134;-1.64619521811889;53;53
4.04268030609686;-4.72841934647514;2.32806009699545;1.91311521394289;-1.34939029087204;60;60
3.69785421656294;-5.36667017799523;2.29317914447622;2.10634485682573;-0.950864256252829;54;54
2.15489041986429;-6.52820730685161;2.47038125792377;1.85448721045159;-1.65433780456004;47;47
2.43983651453709;-5.74842249997976;2.41460558853243;1.73612592285318;-1.69305123426196;60;60
3.69785421656294;-6.45544600618182;2.21272728920253;1.93429576163581;-1.10882458701498;50;50
4.68620856132406;-4.6770927480578;2.31447301332269;2.18783557059133;-0.827120363110504;42;42
4.0447632572034;-4.7128841166427;2.051257318383;1.90403717735562;-0.801081209880781;61;61
1.57026088226082;-5.0320684968355;2.27859274446288;1.71401523066578;-1.52082005785815;50;50
2.66327507517625;-5.34418568682174;2.1456821000473;1.9868020664032;-0.850572754504597;59;59
3.69785421656294;-6.08378647956094;2.13051603405152;1.92478473946226;-0.949558955878301;55;55
1.98100275848947;-6.36196149048546;2.38311744119548;1.99143159029972;-1.33674593559572;54;54
5.20184686450605;-5.34105119218143;2.33064259330543;2.29087209483516;-0.525234979936555;57;57
4.35768246294318;-6.81235471474016;2.45902536417443;2.22834161480506;-1.08749080626608;49;49
2.99448672361948;-6.63688260451473;2.48534033205407;2.14382117572195;-1.28848289919338;58;58
4.04491971783508;-5.0320684968355;2.27681379719689;2.18951511838993;-0.70809069895864;43;43
4.04815410744899;-9.39702985352028;2.78959576285792;2.32087397065727;-1.57793781890616;57;57
2.96193268556369;-4.43424765645195;2.06490769439166;1.79608433784289;-1.04619305435843;57;57
2.26297152820551;-4.75354408999121;2.07002794599467;1.61479288015812;-1.314023904678;53;53
3.37128835744615;-4.11620676264041;1.7523727561818;1.57859961737858;-0.790557551510202;54;54
2.79896124155235;-5.0320684968355;1.94823277254042;1.7340865092301;-0.915341966075552;61;61
3.08156528169363;-3.49642139417806;1.78680608024563;1.62976436061812;-0.774458089433465;42;42
3.69785421656294;-5.0320684968355;2.19618433234618;2.00207076495235;-0.941549166825325;56;56
2.36533205300995;-6.50445457673684;2.32347325096046;1.8928676254325;-1.37139513154847;55;55
2.89845616475104;-6.30274792943885;2.4564872143095;2.05827793821397;-1.37403050647433;47;47
3.09145341976037;-5.73053259592233;2.40796803642371;2.15356195667595;-1.11788639153272;52;52
4.01445654531715;-4.35805011066249;1.86650797248055;1.66147889649864;-0.881150758627069;52;52
3.00147633582491;-5.70013503924773;2.2382408599307;1.99639501114454;-1.05484493683875;45;45
4.37940656995472;-4.70981419397463;2.12229423308979;1.92549671092244;-0.922132125448064;69;69
2.55076382092837;-5.0320684968355;2.16787231869771;1.78685242996688;-1.25013741193645;57;57
2.71723641609984;-5.36180111891561;2.5212224756817;1.9006806679705;-1.67733377633658;52;52
3.01704816294458;-5.97665906373256;2.38710030774197;2.03567319266825;-1.27410698961904;60;60
3.03509085786602;-6.4796223111879;2.51539834176705;1.9199125014251;-1.64911846103681;47;47
1.88883690198742;-5.68965470582645;2.20238785508011;1.69370117971763;-1.42725415331196;52;52
3.08796484121133;-4.71992321604697;2.13799311519715;1.95157259358813;-0.906075806016449;65;65
4.66737959066181;-8.67333574032109;2.55007935958695;2.45476794376658;-0.773005042417094;50;50
4.01708340138153;-5.0320684968355;1.958999830609;1.75963809149673;-0.90281569324608;42;42
4.70091507429613;-5.64216444927498;2.39032236743866;2.20453194820737;-0.968231554202351;58;58
3.0394856884547;-5.0320684968355;2.28501658380419;1.82926526611171;-1.38859779682354;63;63
1.9170656429701;-5.91096759577472;2.1835779463364;1.70018278881723;-1.39031651347178;52;52
4.33939305919026;-6.06069091427238;2.37318562908849;2.20412471100963;-0.921820550943959;64;64
3.69785421656294;-4.05866110513442;2.15328053947687;1.97161628641087;-0.914182747583308;45;45
2.31896621271679;-5.68214012738876;2.45236867389552;2.01947945098213;-1.42154120090411;48;48
4.03001833668464;-5.92382398549063;2.37949749502065;2.06075167857429;-1.21681742897565;65;65
4.04115910185665;-5.36402015396614;2.13011675891387;2.0278535735475;-0.705231151536551;57;57
2.64717589727546;-5.0320684968355;2.15951605045927;1.7967749148251;-1.2226588504495;54;54
1.46716434242291;-6.13568119630281;2.14800780214976;1.74731343456965;-1.2756195007694;46;46
4.66822371415993;-4.71324705999531;2.0345876401629;1.9531393847198;-0.63997320911534;45;45
2.51190164042514;-5.0320684968355;2.01181728707198;1.70755480046209;-1.09086216723843;50;50
6.25787365199933;-8.01619414646729;2.27989867289157;1.99906314713557;-1.12308951848911;67;67
2.66095952557983;-5.0320684968355;1.86055994636934;1.62078667179226;-0.939883551479768;54;54
3.38145214586448;-6.03695212074215;2.38603249482185;2.08228765510417;-1.19720424015048;57;57
3.34133551540271;-6.14384432560109;2.40950039879005;2.09645477081493;-1.22412091633881;50;50
3.69785421656294;-5.3742452612536;2.26177554230162;1.89770910492897;-1.25690370985949;55;55
3.017095665347;-5.61514001067118;2.50985807977123;1.95613043983938;-1.59413634332178;56;56
2.69737653035222;-5.34110100463859;2.09256206507636;1.70242477400559;-1.23905199624952;53;53
4.87139524606712;-6.06585971966763;2.39305618786049;2.09453047839232;-1.20388389866543;40;40
4.03248234205727;-5.81204523078275;2.15908100399871;1.72952580392183;-1.31222891111371;58;58
3.37013786344585;-5.0320684968355;2.08826205649437;1.8199494459033;-1.05409538097315;53;53
4.99386232407305;-5.69520569428046;2.37155479713038;2.17449875037131;-0.989334378572344;57;57
4.03375311063623;-5.39762241818371;2.51321416244776;1.9466692655125;-1.61071233278592;56;56
6.53268008581792;-5.645723317936;2.64432125365106;2.62226590253147;-0.540806121758026;39;39
3.28536490871578;-5.0320684968355;1.74589333604945;1.61783201927101;-0.694322895655857;51;51
3.69785421656294;-5.37329709174861;2.169159440486;1.96269496131548;-0.953798064646292;68;68
3.69785421656294;-3.83351585692228;2.03114528542422;1.60949798220497;-1.25930981688041;51;51
2.33581367811924;-5.34453599446422;2.05245995492342;1.75336496543502;-1.09189653999741;57;57
3.69785421656294;-5.34384864005953;2.04140895315998;1.80951002703983;-0.975445586813158;56;56
4.90140753271131;-4.71529922741892;2.29109006189137;2.12124886534781;-0.911706965596388;55;55
3.69785421656294;-5.93715766572702;2.48663322678296;2.17156537199007;-1.24456970315237;58;58
3.03120593863205;-4.03403546345242;1.98505410523548;1.80418437310194;-0.862255762229593;56;56
2.08299456095554;-5.0320684968355;2.35534187732127;1.91599712574637;-1.39696444429371;49;49
4.34632267307158;-5.33948057630526;2.24956365838223;1.99237887449687;-1.08879600028122;42;42
3.34928715127465;-8.02232855296615;2.4150958482421;2.03339774117397;-1.33013894887438;58;58
4.07838352743897;-5.0320684968355;2.10321018467386;1.97813863376043;-0.76021490602318;58;58
3.00919850587452;-5.63566104838542;2.31906474831972;2.07123061444475;-1.08267383009681;51;51
2.9986342802871;-5.34976785577931;2.05183515734281;1.8795438998205;-0.857470183071336;61;61
3.05073781158385;-5.35889678038876;2.25851142810797;1.80061217153372;-1.38690798630062;50;50
4.49141677981627;-4.66871276113446;2.19253424706516;2.08865842374015;-0.734540155349139;46;46
4.8866209851792;-7.12657153981835;2.45586258253567;2.16850422456113;-1.18740325782908;58;58
2.73642189008376;-4.73540007069844;2.29664282045112;1.74756035159177;-1.51436936267818;42;42
4.72258561390132;-5.0320684968355;2.62897242643459;2.29313606154917;-1.32941252158271;46;46
2.15566770892329;-5.34846660090182;2.49120452461215;1.7438843477049;-1.79571640762526;51;51
3.08061518679399;-5.0320684968355;2.10435926655784;1.63627165200365;-1.34117614375664;56;56
3.99874444447112;-5.43204517218025;2.43668890769152;2.01838060410378;-1.39300317940274;53;53
3.34774650314099;-7.06177497704831;2.29042401266;2.02670173186162;-1.10208322342548;54;54
3.11458806138195;-5.83232087109734;2.26627862078392;1.91545439611833;-1.24000414237131;52;52
6.49647018444501;-4.31402405654145;2.25993756078223;2.11238675783154;-0.849749412606492;58;58
2.8083415135602;-6.95552953595617;2.40956724724111;2.09499270340616;-1.22344586734791;55;55
3.97819791162315;-4.72497970777069;2.00364194163701;1.82120066492348;-0.874927648460714;49;49
5.33408675659604;-6.34698592767718;2.20685012742126;1.81704035077879;-1.27573885562902;56;56
2.71610833341007;-6.0139729526833;2.12684003794412;1.85405204035551;-1.075217570033;49;49
2.28559136537179;-6.91895532080142;2.39433507454588;2.22446855610645;-0.943325091022099;47;47
3.37356943387805;-6.700823274941;2.61112259067778;2.13391966480653;-1.53155560394744;56;56
3.01741197102418;-4.35631723194543;1.85000424023113;1.73689305607643;-0.680979835926918;52;52
2.98142780028165;-4.7181172681159;2.22095828246568;1.89050210327312;-1.20156260147776;42;42
3.69785421656294;-6.005353364677;2.44270078128377;2.07331831805939;-1.32094657176404;56;56
3.69785421656294;-6.81362666287698;2.61030877092558;2.25831202515641;-1.34826546435774;49;49
4.50545357032788;-6.3812533615331;2.44987914977371;2.19227693244172;-1.14239167924568;44;44
4.65531487235552;-5.0320684968355;2.23118683218729;1.90164055615212;-1.19761538543035;50;50
4.32202514851764;-4.43767415476946;2.31035619232421;1.79347269050024;-1.4792608908669;48;48
1.42999202072173;-4.68206951059256;1.84783087413399;1.60782131164157;-0.943137278809281;43;43
3.69785421656294;-5.43026825035869;2.42556770845803;2.15721485107519;-1.14647863729472;55;55
3.11606931165061;-6.09942387405508;2.36082706500635;2.13816491347658;-1.05385312307106;42;42
4.24890906810208;-5.38469199984213;2.15124401173032;2.00792484849435;-0.820745081747207;52;52
3.69785421656294;-5.79136153739311;2.2999151400305;1.97449493933097;-1.20755834190121;58;58
3.05750343792188;-6.88470544455445;2.44164538410038;2.19822468051486;-1.10560716351725;52;52
3.07358013541948;-5.63444040016211;2.52204279497144;2.24427052403062;-1.19360155761264;50;50
3.35455621479879;-7.44021669341265;2.31646890675898;2.05282359501836;-1.11514753326193;46;46
2.33392846951215;-5.0320684968355;2.21577347220544;2.00501043011973;-0.98748093244387;47;47
3.69785421656294;-5.0320684968355;2.10208255846388;1.93266114233763;-0.869138860385854;52;52
4.65744927288377;-5.0320684968355;2.09799593475418;2.04152026543875;-0.560296389503098;52;52
2.99977382204651;-5.0320684968355;2.22466807812908;1.98734007687587;-1.03856530286386;50;50
3.00234361580599;-5.0320684968355;2.18125501638662;1.81773519387347;-1.23644926502843;44;44
5.02371238115175;-5.33507654688968;2.26010300279014;2.00741073959319;-1.06928145632584;62;62
3.35983475714553;-4.65374179771075;2.17722492775593;1.64663829960279;-1.44257871334713;52;52
5.77765105694187;-4.11211542498328;2.05152698248842;1.9462133011698;-0.701771797608941;53;53
2.77327193662615;-6.67967961891827;2.41442425719631;1.95765110696839;-1.44365736530871;44;44
4.25966048725335;-4.69014887125094;2.316139128502;2.10324481306064;-1.01939433101431;45;45
2.47013964530341;-3.88357596742934;1.96902329575899;1.59456015541678;-1.17537919168413;54;54
2.77783533112144;-5.33659640519506;2.12067367768324;1.86027531065968;-1.05159169852066;50;50
2.69570250240587;-5.64945092621042;2.46114932337871;2.09059171782533;-1.33331762184256;48;48
3.07333854672382;-5.95678186098713;1.9339518682013;1.84970980277332;-0.622231469095785;50;50
3.29810984268474;-4.71455458048231;2.40983980479001;2.10542077502753;-1.21460965870224;44;44
2.99255920490025;-3.39643228145434;1.67063239258368;1.59978833992188;-0.537181251628336;45;45
4.35230392439574;-5.0320684968355;2.51953714631059;2.13840675281887;-1.36324081080255;55;55
4.90330542763485;-5.0320684968355;2.33479440428281;1.99424759822057;-1.25257034236467;42;42
3.02178284350195;-5.90076238008208;1.98088480370641;1.66016447706288;-1.10399196422693;54;54
3.40434435660807;-4.74096900643302;2.01220090933734;1.93009492225361;-0.631024103190211;50;50
3.00147747195434;-6.03356503799626;2.04230808128154;1.82456923720371;-0.954633262722333;48;48
3.69785421656294;-6.54355620318228;2.00326803215968;1.97389541785287;-0.437890197409547;52;52
3.69785421656294;-6.14094154326221;2.08055852358024;1.80302824178622;-1.06353493111542;61;61
4.41077501748084;-6.0025696138988;2.43861988760091;2.38198398041849;-0.629574291151998;46;46
4.05353309108372;-5.0320684968355;2.38691296690021;2.14947294109906;-1.08837809956351;43;43
3.69785421656294;-5.35350142957811;2.28682351562969;1.92062879872748;-1.27184791593612;48;48
4.34854923395056;-7.84917810871288;2.44884206119538;2.33191299967943;-0.814605812808246;52;52
4.93489834548578;-4.02139713591932;2.04456359304147;1.82997193041356;-0.942963893151476;58;58
3.09145757973353;-4.71489693635974;2.28608460069232;2.03359510212842;-1.084007336591;49;49
1.04789035927295;-5.0320684968355;1.98691602844872;1.44887482840816;-1.37667961959539;45;45
2.24501323723272;-5.0320684968355;2.21139637701813;1.64031891675109;-1.49981817836964;54;54
2.49567868815117;-5.7486818244897;2.15122549764641;1.75889223664217;-1.26380616198678;49;49
3.0830704880657;-5.32466753929148;2.25512676818226;1.75625538543159;-1.43763347043237;47;47
4.00536793225976;-4.68515784681555;2.0518251020277;1.96652335828459;-0.644777818134358;53;53
4.95219914722616;-4.44848732947164;2.10778752570322;1.93456366218526;-0.89095179697818;40;40
5.5401371772745;-6.26906997574324;2.58462523628347;2.32007050076341;-1.18452697424219;51;51
6.6428848754176;-5.77529394969918;2.20021040292426;2.06039223263601;-0.815661309762946;61;61
2.16404205692371;-6.26313323664311;2.12939238023649;1.58743334318449;-1.43625476966961;52;52
3.69785421656294;-7.36649811859016;2.32161753400994;2.28630774421169;-0.533167643241441;43;43
4.92713065852342;-5.33877333771473;2.37129223056923;2.13503712173164;-1.07268381531824;53;53
1.98111096270753;-7.72815012659636;2.68770367815687;1.97729160762886;-1.84269386237337;48;48
4.38993914916861;-5.61373715665484;2.41939211646314;2.19706089783226;-1.05553145538514;55;55
3.69785421656294;-5.69749155948071;2.14878268686722;1.76988660413324;-1.24500153863871;48;48
2.74314496575628;-5.72271211522097;2.32356368472279;1.93047116376486;-1.32056690639303;52;52
3.14112083947738;-6.81145203885226;2.57938169566201;2.04275688830444;-1.60474043285934;44;44
3.38833073491755;-5.76877518216299;2.33149810165847;1.81460963959954;-1.4849928314504;53;53
3.05567246014933;-5.0320684968355;2.2644823155642;2.01709815682699;-1.06722692993507;51;51
4.31350976164452;-5.0320684968355;2.22441849118181;2.09574040173627;-0.791675794702079;62;62
3.69785421656294;-5.0320684968355;2.30847491840537;2.15024278581401;-0.904589286770869;41;41
3.00091949495627;-4.37764346550974;1.86460578997685;1.73960960398994;-0.725375225023941;40;40
4.04327398690025;-4.68573985182597;2.2381813738449;1.92212841296534;-1.17725434644315;52;52
2.92059037056674;-6.41201049283098;2.01042495592958;1.79935494187522;-0.932139399827448;50;50
1.55900176231557;-5.0320684968355;2.06067423046015;1.54602915995629;-1.37984645664512;50;50
1.79814721413621;-7.17078573446551;2.69156716535124;2.09828528616309;-1.70737010706639;60;60
2.57481578960571;-5.37572540205359;2.18645285788914;1.85549507137754;-1.1932249112648;40;40
2.08991413743825;-5.38893097581859;1.99602582335556;1.79787480101052;-0.902178439886334;52;52
4.01277542711209;-7.57793475924741;2.19949911380236;2.0638290838617;-0.815678981402239;49;49
5.91825995907549;-5.96439824513398;2.47988640391273;2.23900473836376;-1.1171828490919;45;45
2.8377002132919;-5.0320684968355;2.08756033104945;2.01703810813155;-0.606386584102084;52;52
3.36546003940297;-5.6217411446591;2.22852155249309;1.94325748607386;-1.12432324696649;51;51
2.03881256942376;-5.70698880449526;1.75770250929601;1.47395671768803;-0.978754915655139;53;53
2.62369256013495;-6.13050192400505;2.3279202324091;1.99543835757025;-1.22383343732186;66;66
2.6392686741191;-4.74159396912594;2.0971137419162;1.83658263597417;-1.04020207926973;59;59
3.37458967888459;-4.01857519940151;2.0025172317284;1.81920337953451;-0.876421794965309;49;49
3.34501575722145;-6.2734036615087;2.46639679835711;1.97861355865247;-1.49936576853695;49;49
1.79680048190382;-7.49781721495334;2.4980310512078;2.00498983224968;-1.51906743327592;46;46
3.69785421656294;-5.0320684968355;2.34851978372824;1.98255575203673;-1.2910863062757;48;48
6.14134315571419;-6.0888123508158;2.36540288031127;2.16507561640674;-0.993493030938542;59;59
2.25084427883231;-3.89930648360672;2.03738934006336;1.6138124546509;-1.26829570098653;42;42
3.09823228940222;-4.66847377687391;1.93271904427012;1.68115765549242;-0.982104532766111;51;51
3.39193128476552;-5.32400694571314;2.14903438929541;1.83420542080768;-1.14419923782083;61;61
1.20108834450391;-7.02635188603222;2.73154422204235;2.05661581226674;-1.8268571243228;40;40
3.69785421656294;-5.94985603317849;2.59952721467573;2.430032247923;-0.984007337316646;51;51
3.35479180920072;-5.0320684968355;1.92136965783161;1.7845617288629;-0.753052941755045;53;53
4.97555833654072;-3.89213799386984;1.66243532765973;1.64865391113649;-0.31977764788237;48;48
2.80142489445709;-4.41283051320938;1.78058016957765;1.73603511062486;-0.463255730252453;52;52
1.76762125814074;-5.3671045360786;2.02803788266777;1.7469971219192;-1.05614330972855;56;56
2.97932421428539;-5.38297079648477;2.17991147875688;1.89384206001168;-1.11291194426464;49;49
4.01878529120295;-4.75157416904593;2.19759024468026;1.90509243938469;-1.12944132471205;48;48
3.04104268402146;-4.24355266325249;2.25067081037908;1.88011473051201;-1.26855804190844;45;45
2.76158633260444;-4.3809469696061;1.84561446525909;1.73693693189278;-0.679098659698725;42;42
5.07026317575089;-5.59024961859684;2.32610761634267;2.13189254162253;-0.971685295374783;58;58
4.63921780423607;-5.33341336900393;2.19663900292909;2.04546925513987;-0.863641735507221;40;40
3.69785421656294;-5.0320684968355;2.2263711899842;1.91354714057504;-1.17038191448784;49;49
3.69785421656294;-6.45132207944941;2.30411729798963;2.07483875748839;-1.03837566919719;58;58
2.46586132618419;-4.67441280739801;1.99390990231253;1.67101122151194;-1.11946646161536;40;40
4.03824403542342;-6.80842078060421;2.46333396871113;2.28262727208051;-0.980731728570719;50;50
4.69248920170107;-4.69727742381283;2.07693744030321;1.97645563532482;-0.690687326145169;56;56
2.44288313658659;-4.26533922416497;1.98068220349788;1.85261184069663;-0.760878265000878;39;39
3.38308196122422;-4.36648350283241;1.83653308240917;1.54467739256813;-1.01916421393084;46;46
2.83228796736172;-6.30648627935442;2.24476600328855;1.94687519435589;-1.14403463436215;63;63
2.80661334663326;-6.61254721124731;2.27233036904325;1.88990028327259;-1.29141640591356;47;47
3.69785421656294;-4.67911819744803;2.10957027007632;1.96733141180154;-0.810741449665709;50;50
4.38345858980115;-4.65003220377318;2.00888258968785;1.90328823316502;-0.69207435141903;55;55
4.72150471570685;-5.72805071376271;2.44782046343394;2.14673731666499;-1.21396305095598;51;51
3.09195942854964;-5.64627479875091;2.5573639616574;2.33641851368211;-1.09008956726588;51;51
3.69785421656294;-4.38737906357776;2.3131932162137;1.94760432681803;-1.27400926099766;58;58
4.38129818245775;-5.0320684968355;2.43452993525767;1.91229306884648;-1.53283015529033;46;46
3.10241461624327;-3.40649381982723;1.63859284262503;1.48754828336765;-0.730515757743555;36;36
1.96626316229383;-5.74349540814955;2.60016120829613;1.909902623212;-1.78344071896231;54;54
3.09464347032962;-5.67425688627444;2.13465542661263;1.9820341904759;-0.837283410051765;54;54
3.07989916677769;-5.0320684968355;2.16858678930424;1.99576521967558;-0.893190592890736;51;51
3.36912225384333;-5.31097316530113;2.00843350782421;1.80945662582544;-0.903394957044477;58;58
5.31065696125544;-6.76290844357103;2.24563199122093;2.2032809321143;-0.542169371858253;46;46
4.76981605653169;-4.40632967217108;2.18861057063284;2.12128215526304;-0.628351527876022;43;43
5.64272520225553;-5.0320684968355;2.37219297379809;1.99131172460008;-1.31498516127838;59;59
3.36974727046434;-5.0320684968355;2.32827193425488;2.11320076549977;-1.03157657201387;41;41
4.02474847232688;-6.9286389087631;2.14329781233863;1.88705255686028;-1.05364628494074;46;46
4.00526083657162;-4.43182345155656;2.36749873896962;1.97852030758605;-1.32938459781016;51;51
4.39724776271926;-4.33420830667761;2.14238842176005;2.14488727467191;-0.295246657329645;47;47
1.93489632560589;-5.0320684968355;2.01554203669276;1.67186934651741;-1.15078512697189;49;49
2.76660504767082;-3.88968766472778;2.02716876866881;1.7976479732042;-0.970174456433518;51;51
3.38866431862682;-4.3901508077732;2.33862661060051;2.12288784130937;-1.04130834227879;37;37
4.01336148421059;-4.71993776887622;2.10791652322532;1.86243653290909;-1.02046431539061;52;52
4.01581553606632;-5.0320684968355;2.19092472295619;1.86070873428832;-1.18458405109261;53;53
2.92815771583715;-5.96655494219866;2.16115715291019;1.97022127835915;-0.939949848099121;41;41
2.63132688022506;-5.70032165121429;2.01390447138595;1.61521278766261;-1.22572739376731;47;47
3.37784902414912;-5.37722219447347;2.59022927188371;2.07423672148043;-1.57396372326832;61;61
2.96773417908934;-5.34234508882062;2.21036332283654;1.86631008165883;-1.21655053996201;45;45
5.65208125484531;-5.0320684968355;2.35120731400768;1.90969887220498;-1.40287497255488;42;42
1.54355468688937;-5.66692554945643;2.08895025111743;1.64455233442352;-1.30669673192053;56;56
3.01867426730347;-5.0320684968355;2.09829552481436;1.67033193139668;-1.2909257775132;52;52
3.69785421656294;-7.27732054949658;2.26433960740651;2.05852560970374;-0.984712914724935;53;53
2.66569059223291;-4.72550309922756;2.1862923746732;1.76508758128606;-1.31921522740873;41;41
1.68701832951967;-4.04008703601202;1.93457915369261;1.38074691027781;-1.3713025916788;43;43
3.69785421656294;-5.34455453426057;2.05304303618497;1.81547081694224;-0.987377695849725;59;59
2.95912390124675;-5.36784300200954;2.00977774445062;1.84919116383436;-0.830352032832366;49;49
3.37752573957892;-5.0320684968355;2.33515656693327;1.86000036108066;-1.44143517698082;41;41
2.56449882459453;-6.07767186880238;2.52608616309606;2.14659201848412;-1.36795231146976;47;47
2.32024471649632;-5.0320684968355;1.95189740260644;1.72107292283628;-0.954376602157563;47;47
3.69785421656294;-5.97232284494988;2.45525010940901;2.25106424282952;-1.04000607771178;42;42
4.45527365427503;-4.43480995418204;2.24765246289609;2.08983216481791;-0.88288536175988;46;46
3.69785421656294;-5.36710144646398;2.23682349667674;1.96714026511353;-1.11038736133336;39;39
2.67445157078546;-6.06298280480318;2.13554119807626;1.94479642210386;-0.929657425596815;44;44
2.5688042298273;-5.28650276272321;2.37408697721567;1.87257303874418;-1.48145027818037;54;54
3.69785421656294;-5.0320684968355;2.18939026744763;2.07038579729308;-0.783642027524252;40;40
3.69785421656294;-6.1722298462924;2.45890808691785;2.29839833728288;-0.933489656578391;49;49
5.83259225268082;-4.08098663131283;2.07741988185496;2.00471879416296;-0.621357187081325;45;45
2.44512769569909;-5.0320684968355;2.45648394024812;1.98693524998471;-1.47517013482957;44;44
3.36418525217018;-4.30678596616052;1.86489391886748;1.7539961746424;-0.679448546971512;51;51
4.04287256069805;-6.52485869512695;2.21697256281236;2.14885104506217;-0.624305811822465;50;50
3.69785421656294;-4.70487843081341;2.36717373841287;2.2327600860175;-0.8657273491151;38;38
3.00563243407262;-5.72330401668618;2.42992088306862;1.95142183290875;-1.47206919676223;54;54
3.35692736183174;-6.2828211291543;2.03534176220529;1.82347013355601;-0.934339418950987;60;60
3.99252074880862;-6.492566561854;2.4752108140164;2.19984372614148;-1.19086035366546;37;37
4.0790448710135;-4.34853476685167;2.02978459753662;1.75226838049655;-1.05524813593095;48;48
4.32716341744131;-5.30853481535895;2.33184987949224;1.95478070828092;-1.29889129888037;54;54
4.28810867088555;-5.36361717094051;2.52737375298267;2.24647038194202;-1.20762261470801;43;43
3.38214367493029;-6.99167169773857;2.28622857489375;2.23274665677878;-0.605237477472933;40;40
2.37789267501514;-5.0320684968355;2.3979839089399;1.97378896125969;-1.3918959148002;47;47
2.89545053515714;-5.81216642508523;2.26965077842323;2.05601672552417;-1.00119501111483;54;54
1.85162658510026;-6.4076931519423;2.17952783043318;1.71026318532825;-1.37095152001465;54;54
3.69785421656294;-5.0320684968355;2.45766393460525;1.92312941410384;-1.55630519289954;46;46
3.3991681295433;-5.0320684968355;2.09563720529496;1.97893829941534;-0.742165736281325;52;52
1.91806860639172;-5.0320684968355;2.08360503381677;1.70729179992788;-1.2212039087006;45;45
6.61767718470461;-4.70610995136756;2.22352706060134;2.10290778719285;-0.784819240166521;47;47
2.88277633955034;-4.67508251833341;1.98763691579004;1.92367975615198;-0.585380474467788;40;40
5.19637664308958;-4.33873301807879;1.92956353625988;1.78817102891578;-0.764066218908052;55;55
2.57603775186049;-5.33540606635032;1.99530410687409;1.85315463928075;-0.776758926124488;61;61
3.03863903339806;-5.375745115963;2.05143913512571;1.90634154073313;-0.809334960925716;45;45
3.69785421656294;-5.91883328622691;2.36555240585716;1.96558987960953;-1.3421201360473;56;56
3.41047493928169;-4.75458337529705;2.21112001779813;1.69587197595223;-1.43936217803912;49;49
4.0227516468096;-5.9421839153162;2.5384654822739;2.15592978339214;-1.38073937861486;42;42
4.62764406448032;-6.74668586499533;2.70476274714033;2.31323843622156;-1.43312734601135;60;60
4.03830320384128;-5.77282146574441;2.73203800867223;2.03601221644594;-1.84390000391573;51;51
2.95333220668938;-4.34153625752202;2.08506668079304;1.79623483123863;-1.09072983379646;47;47
1.3797829680169;-5.72923446117636;2.34386263268838;1.7539998410892;-1.57867462144204;41;41
1.89996920544607;-5.37543186767935;2.52548511520672;2.01730043614489;-1.54704728089625;48;48
3.69785421656294;-5.9954332671245;2.14398235796187;1.82893701593333;-1.14515591745877;56;56
3.0712407897275;-6.70446347359164;2.11965365669785;1.78706005368884;-1.16812806023;49;49
3.40696726324126;-4.37000209795388;2.16190790577038;1.85929541832708;-1.14468258374015;37;37
4.01264030234867;-5.0320684968355;2.0783054780283;1.94138171729583;-0.788354740369034;53;53
4.04837206213666;-5.32474697054722;2.1783482382254;1.94551888051932;-1.01319376637186;57;57
4.34911276414118;-5.0320684968355;2.2900969196182;2.18117452728888;-0.765595605429437;48;48
2.47040756621696;-5.37529303506354;2.26419058893865;1.95961914630767;-1.16572152646591;53;53
3.08795311237125;-5.0320684968355;2.28623420406518;2.07562682324516;-0.997783917625953;56;56
3.36414280200965;-5.70971789233538;2.59011198162143;2.21660412590883;-1.38857446077858;37;37
3.36352952256201;-4.00184013468634;1.76297045046131;1.59493660715398;-0.784956545924243;49;49
3.69785421656294;-5.0320684968355;2.30167781723613;2.00045318424944;-1.165106941419;65;65
4.25841612451986;-5.70429525053065;2.39546687135406;2.10924826771843;-1.17821829438017;45;45
3.4020658592359;-4.38437937297747;1.89825687551949;1.80981437538099;-0.633039005622816;45;45
2.21701624237567;-5.0320684968355;2.21115993539296;1.64238821175824;-1.49583038058981;59;59
2.14154601173595;-6.12570494060028;1.92559025097106;1.58465943175394;-1.11811489926541;47;47
1.57935605507701;-5.39713255518211;2.20217418693939;1.67101038511022;-1.4578750728427;41;41
4.75327025948887;-4.16118678674255;1.8370265050906;1.6890270965063;-0.760861418608901;50;50
3.97033014960433;-4.42354324984423;2.08951281425558;1.77535340859711;-1.13709325416007;40;40
2.22473153291072;-5.0320684968355;1.92275801883416;1.74832657990009;-0.837547303503285;50;50
5.18378299541397;-4.31070404396428;1.87986688872075;1.70060633676913;-0.828450883784947;65;65
3.69785421656294;-4.74290985381091;2.19403807354767;1.92315287419868;-1.09697129345974;42;42
3.36249742871311;-6.38684896397261;2.20351670857489;1.75753667051026;-1.3512784079471;52;52
4.54985713583866;-5.0320684968355;1.89730792429621;1.67501854178371;-0.920341098191222;53;53
4.54012170879809;-4.61121394216943;2.46396926767332;2.21432114639354;-1.12048377027396;56;56
3.11075163655866;-5.91956844710526;2.63821970532704;1.68724796419547;-2.04110659810621;54;54
1.9535884494886;-5.77757374868231;2.41053909137733;1.97203591376907;-1.4200791917594;41;41
3.69785421656294;-3.57247437406186;1.78773299550009;1.59961157775691;-0.829098168677082;51;51
3.29446094917633;-5.0320684968355;2.30435468557203;1.77741265381323;-1.48714778662054;52;52
3.1032672022924;-5.39574784362155;2.21441944698928;2.13658236426252;-0.658614549954415;48;48
1.84176786467772;-5.0320684968355;2.20482756119073;1.79375224001185;-1.31468238297535;38;38
2.59567633836776;-4.03882728862219;1.80985979839422;1.57784557891058;-0.913166292638656;52;52
2.7979210961411;-5.63810280183434;2.21251172768884;1.95720600076232;-1.07832033610806;39;39
3.33246287701703;-4.65615138224401;2.02083358256411;1.99550314698178;-0.451485286780709;39;39
4.29343455382154;-6.54034936098808;2.24607671099995;1.94139834092143;-1.16307867425438;49;49
3.40763922510403;-6.2727848290707;2.47093617057774;2.32890163527972;-0.885481935047216;53;53
5.30487654028338;-5.37436954892574;2.31508712474755;2.03369237808018;-1.15436705756035;38;38
4.65643783067783;-5.0320684968355;2.12212047495642;1.91336598340768;-0.951039564030721;59;59
2.58744555406837;-4.12314241430167;1.95377718485724;1.5774151323553;-1.17421103651808;50;50
4.00822046707726;-5.88127476080565;2.13606265478234;2.04418801588414;-0.675355945164789;58;58
3.39022574405271;-5.30312153842591;2.19021546091749;2.01744437850295;-0.897347618889353;52;52
3.40384272806814;-5.0320684968355;2.29035793339779;1.7254968179893;-1.52947351215988;42;42
4.09323236337602;-4.72944941127597;2.21445005253102;2.07280645720372;-0.837057452328898;46;46
3.34208274594842;-5.0320684968355;2.28101927636333;2.06795476857454;-1.00691918108032;49;49
4.02769934434135;-3.96566688725836;1.84359074626348;1.61462043228451;-0.92328521397378;43;43
2.60076896458497;-5.35129146881726;2.03141947417598;1.81078718062171;-0.963166269139858;41;41
3.38315463331431;-5.41102894998646;2.51385463218315;2.1387422078077;-1.35459862462964;51;51
4.95540856804681;-4.37280207183017;2.18264039558472;1.99915552846109;-0.918778755060052;52;52
3.04136745717453;-5.29076529649487;2.31178857070469;1.83474489676725;-1.43115637749635;48;48
2.75750844700224;-5.81232578004078;2.33528453176539;1.99680152304189;-1.24950840086922;42;42
3.06541884213154;-5.60458103270306;2.1329793080017;1.91317115457556;-0.982665520690026;48;48
3.3900713201236;-4.71707522740807;2.1116346422634;1.85199792032496;-1.05055581883817;46;46
4.26933421229559;-4.70486875113972;2.03243899644529;1.81638581346909;-0.948094212117231;49;49
4.79452195085464;-4.35855637635398;2.07671257650302;1.89572383410096;-0.894786474594799;44;44
3.08284558833809;-5.0320684968355;2.28461770312005;1.99380201009219;-1.14797529113773;54;54
2.45311810675016;-6.40850301213907;2.26979991086595;1.89946198849265;-1.26871391055419;55;55
4.0770825940792;-6.416043371151;2.48893326386959;2.21733849189934;-1.17895694827071;44;44
3.34391548737466;-4.70738334783616;2.06791287203441;1.82573746385579;-1.00233450369878;54;54
4.03351311052293;-6.62704465576632;2.32870336058427;2.08165384099003;-1.0899818007319;44;44
3.69785421656294;-6.04131893018446;2.42968720062008;2.30206732862104;-0.831109611184675;61;61
2.78309454944703;-5.69644156212629;2.26631659126063;1.96387554317062;-1.16168305019318;55;55
2.33251569279909;-3.64942221447741;2.05698747511526;1.73081963334543;-1.14390891946253;41;41
6.33622271875316;-5.68951971894507;2.67520701068786;2.62205458512548;-0.656523057801469;46;46
3.69785421656294;-6.31818651634651;2.43560021760755;1.97710332692953;-1.45016726300168;49;49
3.36629970076308;-5.0320684968355;2.28724196269062;1.87118373530229;-1.34397286547706;46;46
3.99332050709236;-4.42940129691075;2.03088620528183;1.93665908291054;-0.674823095515495;46;46
3.69785421656294;-7.324556296144;2.50674924179072;2.20914089493729;-1.22519155131258;50;50
3.00230499768845;-6.01505475513373;2.05114805614376;1.91179284815976;-0.803724560521403;39;39
2.59023872679482;-5.0320684968355;2.1207659620838;1.76457348214615;-1.20750357033453;42;42
3.34270297082594;-6.14893050684805;2.16960497847951;2.0663975030521;-0.716545251710216;56;56
2.86940436632473;-6.29529653229586;2.52655214567555;2.17907795168244;-1.31845011021448;46;46
4.09516982839091;-5.34433352460569;2.35352256050614;2.13948243504925;-1.02718030314529;49;49
3.69785421656294;-5.0320684968355;2.22924582659052;1.95069737871294;-1.1124270784235;52;52
2.04636789947483;-4.74985855741359;2.19830912390744;1.98583234150668;-0.992580765669838;41;41
3.69785421656294;-4.33552580979748;2.115980665922;1.76805036374929;-1.19016685104123;48;48
3.69785421656294;-4.7220419001759;2.37162207902912;2.28602001307845;-0.717519768982625;45;45
3.32188047750374;-6.46013234423416;2.0434209491077;1.89344385983156;-0.823335722237219;41;41
3.02045013770055;-6.22152023062822;2.56352745180245;2.14788224567333;-1.42851565078292;56;56
4.63533743487796;-4.73748471492177;2.30441449923438;1.92986812850295;-1.29250935807847;44;44
4.39469346853467;-5.69817460399966;2.40667455929492;2.10304142069965;-1.20665672696567;51;51
2.55937154219812;-4.68807442898346;1.99864075616636;1.61354211099599;-1.20318117869781;46;46
2.78070738772049;-3.74042493274798;1.79019547512997;1.56071887227519;-0.907918783886214;44;44
3.69785421656294;-5.37919205369173;2.52236571017591;2.16824130685884;-1.33056013770531;43;43
4.71386854244878;-4.69733720835986;2.25887517280309;2.14181955264515;-0.780221939337245;49;49
1.49020489161227;-5.34805618079658;2.08972850936872;1.68261331666232;-1.26681925502735;41;41
3.34462055067291;-5.33822624357605;1.9880704214458;1.9118307761767;-0.603144585873302;55;55
4.38265297797975;-6.10518400717495;2.47972669578985;2.45217610096562;-0.49320872768165;56;56
3.06280046165971;-5.7487789477269;2.53708025298961;2.17506755577092;-1.34851706087477;42;42
4.28910463091975;-5.3455149723054;2.37642014613139;2.30289620846899;-0.713982391975789;32;32
3.69785421656294;-4.73368526303372;2.15368851130469;2.00697532422989;-0.828506673091721;53;53
3.41255008216666;-5.93995170110074;2.36027997830836;2.29937778720686;-0.647573172753232;39;39
2.56854079207996;-6.09870830156684;2.33757751573178;1.97830520104085;-1.27626447218387;50;50
2.79838183652877;-6.32484230823209;2.50896796524542;1.93009731695068;-1.62258585690586;59;59
4.66155604752223;-6.2287572074966;2.34216405922383;1.95913489747105;-1.32809348843655;33;33
3.36488975195308;-5.0320684968355;2.17472730580009;2.03719887325291;-0.823452121897065;42;42
2.43703371787037;-5.63919276412213;2.09281564688796;1.86876771414533;-0.977110044346255;52;52
3.08170025410368;-5.0320684968355;2.29806148760608;2.10986664029778;-0.96856772607668;41;41
3.0773328349302;-3.91011431705923;1.79420208681818;1.71003805073489;-0.596533699405616;48;48
2.34153179582507;-5.32467715172114;1.91948351931873;1.64335750116043;-1.01872743255905;50;50
0.832160822346155;-5.36495567480614;2.14991881976085;1.47707781802674;-1.5799792993748;39;39
3.35205778418167;-4.71734732939518;2.06191747490677;1.94909118718259;-0.730326008121031;47;47
3.99928120932936;-5.35330801325548;2.30731347096034;2.13606760796659;-0.92215887817901;51;51
1.88646114101192;-5.0320684968355;2.12787915529329;1.76981229279279;-1.20984553767104;46;46
2.40705665877741;-6.7934786650269;2.61565932799944;2.14307707108414;-1.54046212504411;37;37
4.03809004463769;-4.75035159496583;2.46180614832074;2.00665550267632;-1.45251438597311;53;53
4.05216923022634;-4.31244942644529;2.16774145754984;1.99114063884254;-0.911680067331884;41;41
4.02432198176576;-4.72172648364789;2.1819090425177;1.89727120064383;-1.11110353307307;49;49
4.8646518774731;-5.71949511334397;2.2818803587637;2.07340416722307;-0.986970955531987;65;65
2.33237912431104;-4.68075410286936;2.29266771247909;1.8778450276766;-1.34684181033414;42;42
2.62842199700138;-5.35289565209999;2.04202021089391;1.85517463662755;-0.889892293059193;54;54
3.0461810295623;-6.14788791235908;2.09802712436355;1.9348013985832;-0.852246564784395;55;55
3.98435279512691;-4.68644761487946;1.93268075048482;1.90121944759428;-0.436040954936751;52;52
3.01706438579714;-5.32814605847495;2.40527512339687;2.03670855361738;-1.30974587867639;53;53
3.15357645885142;-5.0320684968355;2.30839629459048;1.87903892088036;-1.36801471291113;48;48
2.76496382585528;-5.68826955066617;2.54551049198997;2.21171847092109;-1.2999367129231;48;48
2.39873724227234;-5.37368953736371;2.0700543164029;1.68760935022979;-1.22549067806898;44;44
4.65866243665625;-5.35786472645878;2.28109157504687;2.10411477294151;-0.925513987516335;55;55
2.46746990446199;-6.07221833615177;2.75195083612432;2.22414848622018;-1.65277002510214;47;47
2.96526269118673;-6.09390942516184;2.16572079211117;1.95678300266888;-0.977106476751948;41;41
2.99761312634525;-5.37347207085958;2.44320618309564;2.08400046811765;-1.31514434329293;42;42
4.03084897297492;-4.19431298188058;2.04906927576404;1.9588771655585;-0.663170676453727;49;49
3.07705585041437;-4.03232815104148;2.01108405283989;1.84189664071125;-0.850032146404278;48;48
3.69785421656294;-6.78163705347636;2.60276022210013;2.13256410837033;-1.5206377624331;53;53
4.59794451401954;-4.37494606569516;2.47835267147123;2.30648807494548;-0.987087383469548;35;35
4.82110278322721;-5.35558074944943;2.20880485584205;1.99923053229011;-0.975094165022777;58;58
3.38706555484293;-4.74200286751734;2.18663119471304;1.95661618963814;-1.02292882602009;41;41
4.07827042767955;-4.67244683758813;1.93521546249011;1.78072010031328;-0.803842133728357;44;44
4.02143578053875;-3.92410324153653;1.82444655701626;1.76081069473709;-0.536446696246474;52;52
3.98586254915071;-5.57832534017725;2.59744475581743;2.19449389979158;-1.42596622928121;47;47
3.69785421656294;-6.8736327544132;2.11194659974498;2.01868066048756;-0.684405989061116;49;49
4.34827664087696;-7.31960419693032;2.46517962962775;2.19699196354788;-1.16516031341032;45;45
3.98788707465769;-6.25078738622502;2.48808663525309;2.10712906154414;-1.35987085085685;45;45
5.27413065072522;-4.69560755737054;2.35119732964018;2.05254447685319;-1.1918529792651;40;40
1.81597543047888;-7.14930998948331;2.22675140757212;1.93622816772312;-1.13543288453726;47;47
1.60206314112265;-5.0320684968355;2.17272134008824;1.65630730361024;-1.4220890099336;61;61
3.03247959011091;-6.46236947787877;2.28728113183974;1.99761884352623;-1.15004883405545;49;49
4.03000368963288;-4.74737604491342;2.10217332284978;1.91733013694689;-0.893687384506963;66;66
1.85031457727319;-5.41741053855242;1.87253845177327;1.58544583744676;-1.02528945146011;43;43
2.53848371243615;-5.34202659716375;2.21034200660325;1.65258449850651;-1.48884023677784;44;44
2.74905205478992;-4.69768801559542;2.40245869455091;1.99350013874671;-1.3695573678184;51;51
3.00886218122015;-5.67832342870763;2.49316401643162;1.90706226829039;-1.6354472957079;38;38
4.52622930875976;-5.35151361441381;2.22971743507879;1.9637321697134;-1.09873160511502;42;42
3.42138789802505;-4.01657515914026;1.85876128964469;1.60823556698456;-0.962992317177427;44;44
3.69785421656294;-6.06852215835077;2.77247661769391;2.52461149148802;-1.21506817660883;39;39
2.73593338981357;-6.59562604776344;2.57440620861373;2.14943032757624;-1.46145521191401;36;36
3.69785421656294;-6.68362515893132;2.10678747826475;1.8206826794573;-1.08968612720447;52;52
4.64685229948415;-2.76413386394056;1.81510329615218;1.83971332490962;0.0637965517485811;36;36
2.83286744999901;-4.66712494635636;2.02146231678892;1.78259626010543;-0.988063780290827;47;47
2.11149153092358;-4.46703173329077;1.96067364810578;1.59957560729323;-1.16170783074537;40;40
2.63134798927471;-5.0320684968355;2.07272933046721;1.83935803045588;-0.996755836721553;42;42
4.00850848248754;-6.60447625308826;2.47064721305656;2.21221703874931;-1.1506542274071;43;43
3.69785421656294;-6.95089351417126;2.44352145770287;2.14741406356277;-1.20073150752357;56;56
2.43971851311273;-6.8252147665259;2.59333836023802;2.3119703900154;-1.23639586740582;36;36
4.32239814940163;-4.31380942068446;2.25045042730257;1.8867344467173;-1.25783404695286;46;46
3.36672436816763;-4.69360890634257;2.14073469515199;1.95015435037361;-0.91935508304284;58;58
3.0093264052268;-5.68406289692637;2.00205365806936;1.87615700497737;-0.749390651707019;48;48
3.38174562849145;-6.49984794940157;2.3107162633713;2.0664340086611;-1.06736244485007;61;61
4.35061161447958;-5.70678989464182;2.18556723526521;2.12147946355219;-0.605014485675009;50;50
2.24061111949146;-5.0320684968355;2.28255392018215;1.86577390174453;-1.34927697796899;38;38
4.98039814923466;-7.4626397412809;2.23953857711736;2.00563728625922;-1.04035705484433;45;45
2.13669077487114;-5.0320684968355;2.17639652188509;1.80621200177271;-1.24132173653821;49;49
4.36082639216887;-6.36697281432699;2.46580433964985;2.18736465770615;-1.18963902058508;40;40
4.07827042767955;-3.98523247739931;2.10548783421352;1.97470696578956;-0.783066019392329;49;49
5.59633981061713;-5.0320684968355;2.51843091700667;2.23100272115047;-1.2086520823708;52;52
4.67489785177872;-4.66998538217371;2.05462636741105;1.77516047586541;-1.07388126499093;38;38
3.05813716668826;-5.0320684968355;2.11128686041683;1.78558469970451;-1.1503298160923;59;59
3.38080843408974;-6.92507260595429;2.23169664486076;1.84402414318247;-1.28092417799363;56;56
5.20815780981336;-5.93586871799403;2.57168492369103;2.25751559128658;-1.28792574310466;36;36
3.69785421656294;-4.37057191777182;2.15980960811101;1.76216065511753;-1.28030783116722;39;39
3.37842042228084;-6.26885334831632;2.40710215729126;2.11792885167405;-1.18246802379511;50;50
4.07989050961082;-5.68023119078225;2.49255051370399;2.34310487852426;-0.914901917200393;48;48
4.42458007583266;-5.0320684968355;2.18360857756804;1.99541491250707;-0.936460618255019;44;44
2.17430178217566;-7.53122632682729;2.11137126451725;1.74306730777595;-1.21485369038139;54;54
2.81387451458364;-5.98082533399692;1.93225975949269;1.65829840346958;-1.01715252041085;54;54
4.9218502166629;-6.10903472642324;2.4941692193994;2.47821295687854;-0.46135925561565;46;46
4.01356438670701;-5.86556703033032;2.19050382667745;1.95613145226565;-1.01819047592947;59;59
3.69785421656294;-5.6700937172942;2.24805040743626;2.16400742516271;-0.692609416415229;43;43
1.91396620849309;-6.10698475547897;2.41095196838284;1.85402580963757;-1.55998041857856;59;59
3.0333171500663;-6.8914270976894;2.23996664634651;1.92801277785745;-1.17306402581654;49;49
1.58113981850172;-5.60614761070251;2.20460056665108;1.60793256965601;-1.52676844436623;46;46
3.69785421656294;-7.05368652461044;2.38142435081018;1.97063390884823;-1.3652578492013;51;51
3.36812068999579;-4.44879926424374;2.26493299262274;1.9832458661223;-1.14276621997244;36;36
3.08829138053108;-4.42415295026609;2.04209389570997;1.85703055068283;-0.894405630803066;44;44
2.91747199358022;-5.71798507918006;2.62957866164518;2.33641071396268;-1.25585664548168;45;45
1.94919256809646;-6.86917081630764;2.32832308038816;1.96011738561878;-1.28622032106104;51;51
3.69785421656294;-5.74439367812388;2.40108842471835;2.17460679189887;-1.07186945617069;42;42
3.69785421656294;-7.37238890613213;2.38813962083304;2.02262575928647;-1.29817168551501;56;56
2.69896261235457;-3.17952819520423;1.59905277228823;1.44607523016977;-0.72618188205165;34;34
2.42265758120034;-5.78197947449312;2.27627068177242;2.12353968927424;-0.877506861505642;46;46
4.245860851;-6.97531800747851;2.50323846822941;2.30305521286211;-1.02803449924821;56;56
3.69785421656294;-4.42315396738469;2.11069654875294;1.96050563552944;-0.834787706556611;45;45
4.37562906131199;-5.6600088361308;2.24466179568139;1.99910617591801;-1.0674993522922;41;41
4.01090635203103;-5.62667644452111;2.1026466721101;2.02604358508254;-0.617597611471344;63;63
4.05493108456719;-5.0320684968355;2.31430316047235;2.1775821121282;-0.846887985722282;46;46
4.01940186861194;-3.89823054395156;1.86180620244008;1.70475168895421;-0.784205054611605;53;53
2.43777550397513;-6.01441945177972;2.60326420643647;2.0718169539438;-1.59995773326254;57;57
4.28755112102281;-6.01745198952735;2.47955377342302;1.99827157977902;-1.50005705346888;42;42
4.02131417758727;-6.02717131241782;2.46259189553943;2.20691609832502;-1.14110167739496;45;45
5.31613319119146;-6.45109645215472;2.4331508742128;2.26041352268564;-0.947288265318014;59;59
3.34518632657718;-3.85834623088636;1.93451126766744;1.8600486866928;-0.596795687026433;47;47
2.60681641798576;-4.73658542009705;2.12569439547341;1.79560735156421;-1.1674635002988;47;47
3.69785421656294;-4.65885664612911;2.09777656464793;1.80104480622763;-1.10859719010242;45;45
3.40532120703368;-6.62654022157913;2.54065186291509;2.37733407092058;-0.977723743998494;37;37
4.02105477430823;-5.37323759844793;2.20612059085247;1.87523662425715;-1.18880214024843;56;56
1.9649560359845;-7.81688506506036;2.57466581512169;1.95966040768776;-1.69991024890909;38;38
4.02683739831651;-4.73112114836159;2.35205147941343;1.87286266589914;-1.44940818510263;46;46
5.42771251730212;-5.72064538433847;2.5901222217158;2.23780074332215;-1.34714271918702;44;44
4.34249913593577;-5.65521016293101;2.32046414813702;2.14767371308694;-0.930690166754818;49;49
3.99178856938542;-6.023458881464;2.6092084610951;2.23480218209797;-1.39344466006963;39;39
2.66620315842687;-4.68877821801028;2.18178024999694;1.796821870199;-1.26194794628425;53;53
4.04709381616922;-5.67926042869958;2.64633414569548;2.27453854395937;-1.39740402295924;42;42
2.37624867942682;-5.38729250683428;2.21598197357548;1.76511025754303;-1.36281846566354;50;50
2.63105269270547;-5.0320684968355;2.17685533546629;1.71701543126784;-1.3579984322504;55;55
2.30330717486027;-5.3494581507475;2.28903829975943;1.95765248964441;-1.21638914958123;53;53
2.67652862481036;-4.21622504514709;2.33626140713965;1.83771978842801;-1.48103921028544;30;30
5.32630328731903;-5.36292856404361;2.46797528491655;2.20905942844831;-1.13739586613997;59;59
4.02607845146676;-5.0320684968355;1.80365537102534;1.67064252833952;-0.716807007109363;54;54
1.53920898919745;-5.72009448912141;2.26693628360133;1.86116919218059;-1.32300893021142;46;46
2.57519012734024;-4.7321078559441;1.89201058878615;1.68736949825231;-0.889834389519948;48;48
3.02530735182283;-5.33599537662414;2.4514557071524;1.81849097894633;-1.66669813594416;44;44
3.35391736780299;-6.48749380137963;2.71030224699388;2.10547244797134;-1.7414175938805;37;37
2.13100070347041;-4.68998907746167;2.38327272336347;1.86763026411363;-1.50104623642603;57;57
1.98118163502438;-6.97936561624097;2.36837543703808;2.00809441150357;-1.29249247320385;43;43
4.62495274642292;-5.36587021744503;2.62557577395727;2.26945177417007;-1.3694154297109;39;39
4.30142767725056;-5.68461330774381;2.48512404222311;2.18914112724878;-1.2286646455175;38;38
3.02421857141813;-6.28240644136415;2.48202571778839;1.92538554197825;-1.58890929430484;52;52
4.02112483543523;-4.38086833791304;2.00757053519761;1.86361538487923;-0.79349392919913;48;48
3.1271477968665;-5.94468472047358;2.43502251478847;2.13708876899187;-1.20155834753087;56;56
5.53776884309559;-6.78049455944998;2.38177151009353;2.25318587579659;-0.830665162994709;54;54
2.98189730311772;-3.43081042049774;1.81628142342455;1.73460809041052;-0.601375614760811;42;42
3.69785421656294;-6.43385733089343;2.55000573242264;2.3146794901824;-1.11890254980614;50;50
3.34402984808955;-5.89975741535633;2.03660710646684;1.69055132530541;-1.16010483499468;51;51
4.77055051882895;-5.0320684968355;2.23947585823061;1.99705824200862;-1.05623770488589;45;45
3.37923666680403;-5.36144604006679;1.96721709760933;1.80131852032795;-0.823642698239174;61;61
4.03008670075206;-5.36144874390925;2.37117338676982;2.01123868751196;-1.28838458801581;49;49
3.38842354951107;-4.41303666310415;2.11827161216069;1.88334777900845;-1.01320675749143;41;41
3.36924429494972;-5.73074926533344;2.34166954115166;1.99333061812482;-1.25549674207308;60;60
4.01019999913793;-4.65629029810608;2.22458955736542;2.09785045695033;-0.787381302420577;61;61
2.61075660473302;-3.89843632653161;1.80234390417045;1.66153415795348;-0.736859352939964;50;50
3.04984171220799;-4.59638100106811;2.09294614575872;1.93665367274484;-0.837808791918701;52;52
2.58308015172465;-3.84896562876752;2.03652997353021;1.61973508298735;-1.25473715166884;52;52
4.39559686169219;-5.0320684968355;2.20250037075304;1.73228144332076;-1.38451916075257;45;45
2.82831682108032;-5.36306540945112;2.50795209620216;2.1756757281148;-1.28346754406412;52;52
1.93083800267181;-5.3375289588346;2.16864599039689;1.76523159409577;-1.28886552475016;42;42
2.09959887208678;-6.75255286003792;2.40864794814946;2.02837118775867;-1.33368809031454;45;45
4.02002013243642;-4.32422561365933;2.31771968238664;2.11110694088092;-1.01052740765218;42;42
2.68749282324224;-4.20813336589136;2.12108482355207;1.69560129491185;-1.29762638647715;48;48
4.37967479405853;-3.98660257297381;2.04521716368488;1.90167840179788;-0.810519599616985;40;40
2.37545666727658;-5.73503539326638;2.0002646540206;1.77440156941302;-0.956186733296692;51;51
3.38982579409953;-6.94167164110127;2.11234323326954;2.00932983001284;-0.708681874659825;52;52
3.02398630465678;-3.86888949769776;1.76149343841932;1.52718528497225;-0.908187015494529;43;43
4.05946561421732;-5.37821457837038;2.1209676655718;1.9834405729591;-0.806219489152865;46;46
2.77157610737485;-5.90345045341298;2.20263805418213;2.05442808235399;-0.843864014042928;52;52
3.37397224229451;-5.90345045341298;2.75054222426294;2.31437927473547;-1.53299958142095;38;38
2.38659508468463;-5.31101689039744;2.49131453189778;1.84862971403971;-1.69318787563759;44;44
3.69785421656294;-4.7049982812752;2.33947968590618;2.25506572231304;-0.719886550459956;39;39
2.10816359810922;-5.37637164314829;2.45648934095903;1.93864620465243;-1.54285104975575;36;36
3.69785421656294;-6.13891295968796;2.31293195490995;2.09137935347723;-1.02527954151058;58;58
3.05275942498831;-5.74434931854206;2.27612054057767;2.08675468798899;-0.957548577127542;48;48
2.5410655918941;-7.25229586936747;2.48793447250644;1.97650282645175;-1.54383380239287;39;39
3.12805146274073;-5.0320684968355;2.11524788757465;2.07037737753876;-0.536186828022086;43;43
2.91486978135407;-4.69248829137928;1.80222863254899;1.67025349258552;-0.717784731803096;49;49
2.54305810150314;-6.68298450843512;2.3131060683621;1.90187029602987;-1.34176472998322;54;54
3.36323312238772;-7.25521483566542;2.56668198255448;2.2322269574189;-1.30215830448911;55;55
3.38018275977419;-5.0320684968355;2.02005730617868;1.88685318581504;-0.775455060879843;44;44
3.39002259214969;-5.91760116067871;1.80749330068031;1.71111742275165;-0.64357139622026;39;39
3.008776306164;-4.71018770915412;2.27772688886205;1.83743116574243;-1.36788787949048;57;57
5.251490801673;-6.10603080681491;2.33751314661577;2.0550930657397;-1.14837774791836;54;54
5.59835125378136;-6.20617685570228;2.10141810932392;2.01043481112138;-0.675719347770789;49;49
2.41073800844727;-3.65915397066714;2.02621876392772;1.60714808561101;-1.25391751891042;52;52
3.36949575320834;-6.22752273957147;2.37189029018117;2.21066763835423;-0.929581170114683;39;39
3.69785421656294;-5.77000578871253;2.21282005646099;2.09977971923697;-0.759920293675044;49;49
3.29744119927715;-6.64803512250129;2.44220811354908;2.1500577518601;-1.18905953438273;64;64
3.69785421656294;-4.67810260046821;2.25781873488533;2.0408605091335;-1.0182149145942;40;40
4.02297534998058;-5.70788350832648;2.43728794144394;2.0672993711593;-1.33172406554898;40;40
3.69785421656294;-5.37632432246072;2.31285253352929;1.93180866983166;-1.30022164092985;51;51
2.88350480440541;-4.02344719863089;2.05108167424532;1.66661278757052;-1.22829060032101;35;35
3.03646493174215;-7.53723420788372;2.75680403563649;2.37450037836291;-1.44666464140117;43;43
2.72794330409303;-5.0320684968355;2.46356184949125;2.12621403590981;-1.28239533632596;47;47
3.69785421656294;-5.63350776691581;2.16006391960931;1.874745658803;-1.10586293771403;49;49
2.59357792592993;-5.0320684968355;2.38425193285285;2.0112541839324;-1.31045988340402;52;52
3.0795269248731;-4.7112041836136;2.11052617810267;1.76406483635921;-1.18517277074493;50;50
2.24338887138323;-6.71490586161005;2.23851207946794;1.90740499341279;-1.21519171967543;35;35
4.63668420418411;-5.37527879624195;2.27883952754822;2.17044654181345;-0.750661541285214;58;58
2.22600777510436;-5.58970801463833;2.05610194682608;1.78806065743047;-1.04737854672823;48;48
2.5795368089671;-4.0166135145786;1.88551838164773;1.77959838112939;-0.691877184138068;35;35
3.37643829752678;-4.37621029861976;2.00456001979453;1.73703559604685;-1.03576469938854;42;42
4.53220821132343;-6.25144068241108;2.82157053108065;2.48962690264772;-1.3775930245419;46;46
4.28245060183575;-5.75410615016806;2.11826651313533;1.95453606025893;-0.873124899478481;40;40
3.04893353221741;-5.3447279455863;2.32257810140474;1.95221312270118;-1.28245970595378;62;62
3.409046310367;-5.42285905749359;2.08762519356029;1.99668531385047;-0.684590801731772;41;41
1.79976325931727;-4.70042446477897;2.29507796543591;1.77799862736536;-1.47203857888516;52;52
4.40210954084211;-4.38911929260421;2.10083482297426;1.94917824522854;-0.834748171243351;46;46
3.69785421656294;-5.35803155776295;2.26657298998562;1.89200995097592;-1.27641901326808;50;50
3.69785421656294;-5.38977430356684;2.5075368591406;2.24283943042708;-1.16908826067218;46;46
2.20034933336675;-5.34899507620065;2.09755165833944;1.84550137516877;-1.02594815757314;58;58
3.69785421656294;-4.36893947524457;2.2031504731307;1.95884519408869;-1.04431192992076;52;52
2.48018294618923;-3.81282239460465;1.9842946745335;1.48095485440094;-1.34180276924412;39;39
3.0232264830281;-5.98474982415989;2.58685371249663;1.87353089530158;-1.80330154841642;50;50
5.05567467314305;-5.62030820740401;2.43830227924849;2.17542221928045;-1.152511202199;41;41
2.64032720349271;-6.08896225908321;2.23696805908721;2.02784961514576;-0.989618664370802;47;47
2.23005208760969;-6.30273426431452;2.28808859234249;1.68085802137734;-1.56753110969015;60;60
1.24622377102529;-6.1435412916649;2.4411990644762;1.74860868457955;-1.72330146108082;45;45
3.11678707198161;-4.36951850427351;1.96277528081736;1.6974592932822;-1.01813770590768;44;44
1.95943183094482;-4.40372048069085;1.77574786359674;1.42719687312774;-1.07877667594262;43;43
1.93599387627235;-3.77183286567494;1.66904754025082;1.49777648948787;-0.773607548739194;40;40
3.28397129899115;-5.0320684968355;2.36145238276361;1.91506481064676;-1.40744284674949;51;51
2.61362757115851;-4.66157929178637;2.14232402636841;1.70619825960597;-1.32817946407371;34;34
3.3812861965027;-5.0320684968355;2.07143324829969;1.98448773869582;-0.659310075115549;48;48
3.33075664126152;-5.0320684968355;2.26742058646889;2.02837145258997;-1.05096788419697;53;53
3.40801600733802;-6.02170639002131;2.09419746695036;2.03071276340127;-0.618996584477368;34;34
2.72049299757132;-5.0320684968355;2.23106006245865;2.0845073974885;-0.862480466707387;39;39
4.00406325244295;-4.6449414355766;2.28636485687835;2.06262244459989;-1.02356812445338;57;57
4.00641468163815;-6.87962514411249;2.56269295965692;2.2383804267429;-1.28658088257627;51;51
3.69785421656294;-4.38242521743474;2.0842095438609;1.81389842048009;-1.07131155240861;35;35
3.04076963170697;-4.26837191673562;1.82063792050076;1.6172215159565;-0.866371436127286;51;51
3.3880568557875;-3.86706107954542;1.81787816197263;1.56337238380227;-0.955866691543888;46;46
3.40003808945014;-7.13335241230967;2.484470257807;2.25194626118943;-1.10547493463293;42;42
2.68643642385495;-5.33076067898604;2.1872879980984;1.82278682239455;-1.23418220849482;54;54
2.79189396786845;-5.58125930774238;2.25226017450605;1.95569364859109;-1.15295951501956;47;47
4.82980030293013;-4.42662931005334;2.21425204880594;2.06968737145868;-0.844054610568385;46;46
1.84632129684622;-6.49016198226361;2.26297018991696;1.64744239932776;-1.56817129392869;52;52
6.08191568464457;-6.80618855174412;2.64401457303179;2.42580351730715;-1.10972652872701;47;47
2.19630310192256;-5.0320684968355;2.07980438359757;1.80879146050761;-1.05515196235215;55;55
1.94290141333018;-4.46943763611247;2.10286483663986;1.52164628099038;-1.47341439828394;36;36
2.6452033375365;-5.6786677603694;2.43058835835048;2.17862760956529;-1.1313717174818;40;40
2.70060321791096;-6.04335535531345;2.19004208934538;1.97859008570507;-0.988407309485981;41;41
2.40253184750672;-5.98242572545887;2.56205008716018;2.23816114870584;-1.29173702181659;44;44
3.04064898578416;-6.31987529726551;2.36792088130397;2.09843315743075;-1.1336544581604;54;54
3.69785421656294;-5.0320684968355;2.16776784488458;2.04228497143872;-0.777254512731411;55;55
1.7409176538307;-4.04333648056124;2.06663431082602;1.82650573568908;-1.02101471570119;31;31
3.34687425682169;-6.41072372517071;2.55571834061405;2.17165294100321;-1.38418271680191;47;47
2.3579917433171;-5.65342566633555;2.2448904934805;1.79217353194681;-1.37989884939134;42;42
2.87264530760968;-5.68841343959664;2.08632448508276;2.02071258538679;-0.596949569407773;47;47
3.05461717496785;-4.66453320302577;2.3334485610982;1.91432175997841;-1.36447446290281;45;45
2.4682429815117;-5.96667887070161;2.32757700368313;1.91609086790924;-1.35007336162995;48;48
1.62553412159551;-4.70167186864379;2.17423278011141;1.75676427634606;-1.31599341077004;34;34
3.39562487406144;-4.64827771697664;2.25259590931744;1.86138783695017;-1.29676761550333;48;48
2.82360843111771;-4.29710383942772;1.93376204122125;1.70876136216456;-0.933164480618372;57;57
3.40005035357059;-6.08825521643334;2.28243064702427;1.95036754668639;-1.21786181013992;49;49
2.67010162767887;-6.6476320040344;2.2190764037619;1.8603938100106;-1.23634059750373;53;53
2.81322816512727;-5.67605195889953;2.83191224477452;2.19371766295114;-1.8198755747202;46;46
3.39728865786556;-5.37232581688691;2.37744628867784;1.98682689833289;-1.33883962234584;45;45
3.05134897570425;-7.74675029568768;2.27746005721102;1.93213780665057;-1.2345463634351;53;53
7.15726327125968;-5.70788350832648;2.53923249604665;2.32698519400513;-1.06447957367431;54;54
3.69785421656294;-6.86924916734066;2.19680113700981;2.02801330159519;-0.890921526017587;51;51
2.29061769553537;-5.71317851405027;2.11787889399968;1.79184169772423;-1.1576868150656;49;49
2.68268075445748;-4.7533653892353;2.42384076510642;2.18273685209384;-1.10519794498673;43;43
4.03457988991253;-4.26514155556751;2.3067313477976;2.08661775452115;-1.03246782230699;44;44
3.41073197281537;-7.08979673327621;2.3966501115145;2.26775895756408;-0.831519340028935;57;57
2.76594591376158;-5.33631034829594;2.30399549860375;1.88243806331672;-1.35715009942439;46;46
3.36270250273233;-5.0320684968355;2.03821186214006;1.82071648035857;-0.951629793121315;50;50
2.1071941276578;-5.0320684968355;2.12120041406457;1.74021068817435;-1.24034440845949;45;45
4.38569201221383;-6.51198544199269;2.26283940302875;2.04748585506605;-1.01064523944823;45;45
3.09408872676404;-6.9254896865544;2.39083439179421;2.11016945851071;-1.17243094634413;40;40
3.36132690519263;-5.0320684968355;1.89441961727522;1.78554252301678;-0.697732132053456;37;37
2.56468187459184;-5.36900969981283;2.29037656006938;2.01975809079755;-1.10911812804996;64;64
4.34140341103996;-6.1468080088014;2.48243763296763;2.2009229696889;-1.20867989659688;34;34
2.75671837871853;-5.39011867436763;2.41168589361304;1.9477124822755;-1.45153256959232;45;45
2.94045783754402;-7.42961305392894;2.39024878567961;2.03212733144114;-1.2960646646233;43;43
5.18740223537526;-6.42475636200607;2.89526339907102;2.56910979401089;-1.39854130542987;38;38
3.06855724322231;-5.6749040285633;2.1980543521474;2.03768647643135;-0.882121226474574;42;42
2.85077944819642;-5.84086994383394;2.8589178348593;1.87545299878992;-2.17283751452394;54;54
4.37869954229612;-4.4328643351212;2.03066175999036;1.69252503719653;-1.14586038074789;53;53
5.37117636964617;-3.69087748521371;1.90737983811965;1.79280199500034;-0.696971462000754;52;52
3.97607933773341;-5.36108792342284;2.48090637853438;2.17572520640895;-1.23640697114272;44;44
2.1578461037117;-4.74633093023214;2.25760063289811;2.02932044808496;-1.03547731081601;44;44
5.31953419473628;-5.0320684968355;2.28612955553904;2.067230655403;-1.02945705429471;40;40
5.50001444976099;-3.90633260882771;2.00320493772424;1.66538892768113;-1.13889921177823;48;48
4.06357887336944;-3.96579230911019;1.98008169675413;1.9272741685279;-0.529740992900601;50;50
2.49437592091854;-4.66947183860168;1.95853532327122;1.71985174326536;-0.966878014048315;52;52
3.69785421656294;-4.08763365357211;2.06593570952022;1.91810009631135;-0.828131032771932;38;38
2.7209716785816;-9.69577951924741;2.7920383675165;2.25731026244448;-1.67452004840829;49;49
4.02197426840963;-4.73712304890238;2.41471345195321;2.45183025392804;-0.498758748409788;14;14
2.01057723480029;-3.88995574833548;1.81948634761774;1.32701882249838;-1.26236923591475;40;40
2.04964552016674;-5.0320684968355;2.08014684107897;1.72985359135018;-1.21269753727848;22;22
3.69785421656294;-5.40548394905268;2.60259704457851;2.18979140090738;-1.43774988949024;54;54
2.21950310278853;-4.22027068517313;2.12427084552797;1.80872694485786;-1.14844510465939;42;42
4.03590208118024;-5.0320684968355;2.4604756362255;2.11074662996759;-1.30878807844557;39;39
3.37865669929052;-5.36987885491439;2.2462460033251;1.98041488237097;-1.10217435369165;43;43
1.62652163279902;-4.73567908211042;2.10646298054134;1.78859863175077;-1.17622879594624;22;22
3.38016400521868;-5.71589108016586;2.23524477699651;1.92344527668686;-1.17862993513291;40;40
2.81576159005013;-6.95246191255433;2.14762243418137;1.84387668600408;-1.12495512393976;64;64
2.54483621039265;-5.42520095691324;2.25919246349546;1.8601367871604;-1.30687329542536;54;54
3.11811017648848;-5.76879918960929;2.32379089549437;2.05671346465211;-1.11541275298594;57;57
2.67075056933759;-4.68406685775653;2.35326167388286;1.95626521213889;-1.33693918977104;50;50
4.34381536189573;-4.34708931043698;2.12152505228658;1.93493851182376;-0.927836808424256;36;36
3.69785421656294;-5.76536204162012;2.39679552478998;1.90800633845994;-1.47362038801333;54;54
4.25337344592666;-5.0320684968355;2.16278029698968;1.96860584078193;-0.927862044814142;66;66
1.98957155008924;-4.71331028141113;1.93647091424141;1.5151795008001;-1.22515432047953;49;49
3.69785421656294;-5.3844745492969;2.13673600390975;1.80972009509075;-1.16193844973246;55;55
4.65484356973076;-5.33625572685101;2.18970383038594;2.07315051588134;-0.751002876088838;64;64
1.94340124538874;-3.76879096044153;2.02438776972404;1.50863765046797;-1.36933860862246;43;43
4.80527380037634;-4.71628693199233;2.17083086322541;2.08149681091158;-0.685668116889246;48;48
3.69785421656294;-5.59560405622648;2.2553552151131;1.94807461997918;-1.17007747319132;49;49
1.94484500247639;-4.70967636779509;2.15670322076115;1.71460539018887;-1.3319337817207;47;47
2.59403976049173;-7.67187349276194;2.46716646989435;1.94311031421238;-1.54823885548582;44;44
5.04758206320169;-5.36086200972001;2.60211043275756;2.27766046881775;-1.29520808667951;55;55
2.13418341450432;-4.70320220013414;1.97368339884802;1.69553148824404;-1.03408172456793;59;59
3.69785421656294;-5.0320684968355;2.19017982863412;1.87453363418714;-1.16056020821318;55;55
3.69785421656294;-5.65511780019829;2.07474893502182;1.8867721803628;-0.900332232206358;54;54
3.3443289998097;-5.40601103329848;2.34353035810203;2.1504483234191;-0.980858108552411;49;49
3.07009044308346;-6.45720001234821;2.4463081323341;2.20757828674727;-1.09527571566951;55;55
3.69785421656294;-6.03834244667347;2.23273652386386;2.01745246820258;-0.991959129405611;59;59
3.69785421656294;-6.419361914166;2.62263906312839;2.09586418267369;-1.6094023141407;42;42
2.91191579670371;-5.60142540570299;2.17283404070703;1.89346701415622;-1.09710347954391;53;53
3.97872319015885;-5.35004711308836;2.35972068215841;1.97541894781868;-1.31528456312763;61;61
3.04012829617669;-5.78192876280597;2.24956108108753;1.97152384405886;-1.11730344459627;52;52
4.02214136584475;-4.74503163025521;2.05040209663247;1.88724086382851;-0.842420413417431;53;53
2.42152858202186;-6.86526821991016;2.07778967761333;1.63138914567922;-1.30813832198149;48;48
2.59038071218206;-5.62491278503851;1.98972797922199;1.77122359413622;-0.949855927597745;39;39
3.69785421656294;-3.87937576385907;2.00526817243976;1.80654674390364;-0.907062031092266;50;50
4.77274683507484;-6.32965900417423;2.39586857015041;2.11558028837902;-1.16286915832259;51;51
1.83712193016139;-5.67346439495275;2.52153488314508;1.70701103908025;-1.87150453195457;50;50
2.83127278077844;-4.41662677637874;2.07121160731497;1.77958700736752;-1.08560940464964;57;57
3.07374937566581;-6.8451745891591;2.06051999961136;1.74444055722806;-1.12921385342009;42;42
3.69785421656294;-5.0320684968355;2.05644453020867;1.79582671943009;-1.03791416255796;44;44
2.45723034444587;-5.69781514348614;2.56871048121393;2.06351542246922;-1.55204916276488;62;62
3.40075320688581;-6.43303686422236;2.30650899956347;2.14660210142158;-0.889679574338637;58;58
3.40123914591825;-4.43816435318241;2.11136158609152;1.66127214265622;-1.3229114813768;53;53
2.41910051794613;-5.7478009377751;2.4829498875548;1.8810196173748;-1.64593130883832;43;43
3.35766039958393;-5.34619803386643;2.13837199505751;2.02950452012068;-0.721989581603726;61;61
3.0333171500663;-6.89006564827273;2.46738094854742;2.06404519007818;-1.37836656130626;59;59
4.69982704117246;-5.0320684968355;2.30062572687581;1.91113918293142;-1.31077745025053;47;47
5.51185465824238;-3.55655750751393;2.0979984683236;2.0236651202986;-0.618234964229332;54;54
4.02012489834144;-4.13540564800933;1.81522943335688;1.65377567626148;-0.783396993395011;51;51
3.99678399532942;-6.26995738115677;2.01641072121996;1.9775139444622;-0.481693336707876;51;51
3.99916644928084;-6.56034595273028;2.25135063595519;2.16138572476574;-0.682415754521054;68;68
3.38017750818322;-6.27261238548992;2.27049126907801;2.1370239153531;-0.822243172429353;52;52
3.38257435969316;-5.972606524608;2.20925753396729;1.96742011397087;-1.03944892711328;55;55
5.81698388756017;-4.35362057806872;2.14227403017772;2.05781778231956;-0.657051731159896;55;55
4.7282970511095;-4.6761541948097;2.03726296415691;2.0550306337472;-0.235082430976502;33;33
3.04446755344773;-5.70229311324073;2.11321095380564;1.91882404020377;-0.925965740168337;50;50
5.26718798722772;-6.31293073903468;2.34881495441054;2.317749536673;-0.511615654382483;46;46
3.40724182613446;-5.0320684968355;1.99637197613974;1.81268966387109;-0.873410873411716;52;52
2.41560024039509;-5.0320684968355;2.06293441402427;1.73298403516426;-1.14327117470295;55;55
4.76002174865123;-4.69608440573556;2.17365051049635;1.86165233236227;-1.1531421052574;49;49
3.36346243628997;-4.3957778495249;1.95444927829591;1.84583398867524;-0.712327607805802;36;36
2.45059212325409;-5.77304270715721;1.97125823757879;1.85642108563221;-0.712133616033624;51;51
3.30510606992022;-5.0320684968355;2.192965883271;1.76529026965347;-1.32744100554172;45;45
3.00931888103036;-5.0320684968355;2.17681424284693;1.8418261587074;-1.18803772719932;52;52
3.69785421656294;-5.94502700598741;2.09730381650605;1.87987979476501;-0.964457743106724;54;54
3.69785421656294;-4.66946746532805;2.26235871849259;2.07413302193853;-0.949884063608564;50;50
4.37877875061827;-4.33575383069646;2.04968813493966;1.75803570715576;-1.09172608210202;38;38
3.03804490240919;-5.86994866700835;2.30294439331599;1.89052967595819;-1.34146593819389;51;51
2.52893832250366;-4.72488900278521;1.98581283043784;1.7322589792289;-0.998644077316852;55;55
3.40464756483569;-4.3126207429376;2.06868926308293;1.84180029816926;-0.983877162173799;42;42
2.52679119361699;-5.89977151580485;2.00117193600595;1.81379138703119;-0.877843897373869;59;59
4.06239166543028;-2.94173516625729;1.76488609820117;1.71934628716679;-0.490700120424799;36;36
1.67360744386837;-7.16113475451316;2.47670372766676;1.93440182491911;-1.57391052891519;44;44
3.11446731876696;-5.40732554670212;1.84243431289579;1.78768719335627;-0.500284187884438;62;62
3.05612175696411;-4.41285955234597;1.58450026943772;1.44820282226354;-0.679796961140554;43;43
3.35839513033737;-3.90890712698556;1.83406357107161;1.73271665287745;-0.653260841496796;46;46
3.33386703095458;-3.33737264410829;1.61748732765575;1.60021102561856;-0.326807948413034;50;50
2.9986439683374;-5.65009273556846;2.1886254411526;1.93216949431914;-1.07473091976709;38;38
2.36243819601581;-4.11491531779412;1.93150349830085;1.5553360297148;-1.1727298665133;38;38
3.32615226670225;-5.37031427893691;2.55182452887206;2.20501576061876;-1.32580559137537;45;45
5.79400841738844;-4.69738007424619;2.28874811282873;1.83601305013194;-1.38919001260966;54;54
3.30297354702544;-5.33443374992832;2.41185430842788;1.97175943226019;-1.41667309268908;50;50
3.06955951030141;-5.39953815121738;1.93114730723672;1.68586637611038;-0.968011717292988;57;57
3.09282191776931;-5.0320684968355;2.22454199925464;1.82594187933113;-1.29884679867173;46;46
2.77430946417082;-6.23676102863285;2.46714429731354;2.0600343027603;-1.38977369844724;48;48
1.74644533321731;-4.26810396331212;2.045824877782;1.54414867808221;-1.3600240497268;49;49
3.39498405506523;-5.67333409684022;2.85181109957692;2.26741099266632;-1.76552199196028;41;41
3.69785421656294;-5.0320684968355;2.66645360662796;1.92812386551479;-1.86317266493949;47;47
2.93304531972465;-5.60363188414467;2.34545519417669;1.67247026446861;-1.65804665627462;62;62
1.84592467399924;-4.71876421202333;2.2633816614823;1.72565688941172;-1.4860566084211;47;47
2.54394942483444;-6.03029264918137;2.56017304080235;2.14902495616367;-1.41841027497287;61;61
3.37163270707432;-5.72990560039742;2.03047167945826;1.88415175738553;-0.803266421604519;49;49
2.29020658622218;-5.0320684968355;2.15115355745648;1.69668682216313;-1.34534953592719;47;47
2.97954075567866;-6.43354963054529;2.3714559800919;2.10652140399503;-1.13356986969475;45;45
3.69785421656294;-6.05266749914234;2.22204507628745;2.05681087342482;-0.890701686447246;49;49
2.22363098341484;-6.29051370319549;2.18017452583202;1.7556809278692;-1.32279315767819;39;39
3.11583045202837;-5.71656800849683;2.30347970693735;1.82566906789767;-1.42769236195737;51;51
3.38740950723163;-5.69359633739598;2.24570611562887;2.02563596458229;-1.00866931385231;53;53
2.30989395955633;-6.04480164923112;2.38913916843071;1.93710418276295;-1.4230606919626;54;54
4.00217841112169;-5.59069330740998;2.39412726934599;2.08798623021221;-1.20599217247593;53;53
4.02700611555856;-4.70603911823407;2.05381579182138;1.87223635769406;-0.881931242311271;54;54
1.20373164491019;-8.64313776100089;2.55944497078999;1.78630567944748;-1.85462739589021;40;40
3.69785421656294;-5.0320684968355;2.3704404470002;2.16416530213868;-1.01442036991237;50;50
4.0217967850508;-6.69222433102426;2.14894225711708;1.85208616543259;-1.11757936868547;56;56
1.06332383937516;-4.73224288385647;2.35741690485207;1.50329709912297;-1.83524773199915;32;32
1.83692812328614;-5.42431207275215;2.50513483097902;1.85908396765172;-1.70136473378307;46;46
3.34336502138708;-8.04425190415931;2.51616969603011;2.0131653358355;-1.53549425797351;51;51
2.97557627361827;-5.92899833197567;2.36753870045818;2.15328214995624;-1.03412361695137;46;46
2.70058686468644;-5.34172045971931;2.17881816842795;1.84693569241407;-1.17871825008983;64;64
3.32269345066857;-6.53047087779734;2.4009762843247;2.08353187784669;-1.23205271055342;46;46
0.725098973372325;-6.37057928029174;2.21406300575834;1.60823470516423;-1.54515406840153;36;36
3.09123456874564;-6.131584280641;2.55899079428619;1.93887224109102;-1.69491789296933;45;45
3.30981475400324;-6.1566819888376;2.46260244398205;2.08816584803093;-1.33202995872748;62;62
3.38282670130952;-4.31785443702793;1.97025465965289;1.74526609436911;-0.956060176810124;39;39
2.35059235383967;-4.3154698064122;1.8645842315803;1.71506649689388;-0.771525062951851;49;49
3.03988993177146;-4.70407228683121;2.0108985267551;1.75695458974363;-1.00370722785362;61;61
4.39960954594926;-6.08283176079679;2.71227852794977;2.37402470954507;-1.35856754991456;45;45
4.94207267534328;-4.38774658553225;2.14427622172543;1.98670617615242;-0.852539124237556;52;52
4.04888727642524;-5.62643817898887;2.09277289957969;1.85758771057092;-1.00559644686753;42;42
3.69785421656294;-5.0320684968355;1.92831688761115;1.75061908445331;-0.84961317979408;45;45
3.01420269293821;-6.32061929930359;2.7223875778953;2.10689614966992;-1.7537432998313;43;43
3.02180568434527;-4.67882883194349;2.16405140428266;1.69471537099973;-1.36501925548076;55;55
1.82122461654737;-6.26699911894287;2.33852170276944;1.77204554793645;-1.54681056721608;49;49
4.75103734916198;-6.63117014093971;2.5744656549754;2.00651644189421;-1.63366672883914;60;60
5.43361435265064;-4.49668954597909;2.45909877932497;2.29953121585652;-0.937817286175434;44;44
2.30361460267946;-5.0320684968355;2.13487606097161;1.8486398740755;-1.10440139617547;43;43
2.84098984656018;-4.71204830754499;2.21987203612255;1.80304352649863;-1.31756380121877;55;55
5.3275921369445;-5.32346641066891;2.06564699735507;1.98873671178374;-0.614606950849263;60;60
2.6913135206755;-5.38306730409829;2.07259802988425;1.82242024736189;-1.03281315987335;36;36
3.38722580466686;-4.69990714417524;2.02572501255863;1.99305052394365;-0.480226712385317;40;40
4.02350789127558;-4.344885793361;2.07366845426697;1.93660988803875;-0.798036935216026;43;43
3.69785421656294;-7.79782760469736;2.8730547913853;2.19178647650075;-1.88274016836758;51;51
4.1043020727698;-5.68859676530024;2.03955281642209;2.0007730176814;-0.493666665222212;46;46
3.0834439104958;-4.1619964486301;1.81514144498663;1.57689674684516;-0.925684635031184;51;51
2.40863406359956;-6.44084397452638;2.52017191437013;2.08141521027256;-1.45947303533711;39;39
2.05353624085891;-3.91764619639141;1.94130276235626;1.41264977095004;-1.34677509238484;49;49
3.69785421656294;-4.64885182449672;2.30036294420684;2.04495032346476;-1.10083763740179;41;41
2.99652841785812;-5.95344059135412;2.25423542368835;2.0063209207893;-1.07037626309478;45;45
1.74313328704982;-4.33061607564944;2.17750764560905;1.59025978236405;-1.50509113786138;48;48
3.15796803645253;-4.46008646382727;2.171916968468;1.68603189846411;-1.38858045195693;53;53
1.91067384639691;-4.19910044719375;2.03135379160359;1.78697833380057;-1.00455831724619;42;42
4.85774026732787;-5.33548603812903;2.24648348285267;1.98636208402745;-1.0855501318987;51;51
4.72201437265788;-4.39155452887066;2.27493008704969;2.05852662811798;-1.01120010871565;50;50
4.40689138122709;-5.67809939272493;2.39824107258294;2.17900951071528;-1.04549713328883;53;53
2.93609584383411;-6.06573914506161;2.57769181662911;2.15187633636744;-1.45076492215038;51;51
3.69785421656294;-4.08985823299088;1.96835319387454;1.7683689428877;-0.897935413218057;53;53
3.36940688972133;-5.75841383677287;2.32800777255696;2.05388900449795;-1.13985256424397;43;43
3.69785421656294;-5.39673673539288;2.16251328280565;1.86303472460161;-1.1224072792468;64;64
3.07603766799126;-5.71434396708806;2.44141452756497;1.80594301668847;-1.6596244133835;59;59
2.92716840419504;-6.52846046208314;2.36930515839811;1.97393617454585;-1.34304508967564;45;45
3.37067945296191;-5.95282496668439;2.50753141105699;2.09150592796128;-1.41647061682535;47;47
2.06291782958453;-5.0320684968355;2.05722139552543;1.58654992890572;-1.32605360769653;58;58
3.98906748473989;-5.0320684968355;2.32168358374312;2.00121422821791;-1.21055914500073;50;50
5.09527809140027;-5.0320684968355;2.18787455308272;2.03321438169278;-0.860692133814011;47;47
3.33005588913439;-5.66701027531274;2.0577032456735;1.81460449154348;-1.00426738045122;49;49
3.00291337557224;-5.57062096498265;2.10703213848662;1.94797095673189;-0.861562989909758;39;39
3.39521625240174;-6.78831511480434;2.39827799642127;1.91790059610772;-1.46216516836427;57;57
2.94621366392659;-5.60319865403074;2.33219810988384;2.08483875100757;-1.07777006116177;63;63
2.37863481569639;-5.61802538882322;2.6435764100027;2.09482221892051;-1.63799079512693;53;53
3.69785421656294;-6.64638391647865;2.39037212885654;1.9565028356161;-1.39596851057086;61;61
2.4797411468957;-5.37520941903696;2.16496393402897;1.83244001954481;-1.18484218258979;45;45
1.89089329736478;-6.25050372518321;2.64842700859722;1.93985189109094;-1.8277680658081;42;42
3.69785421656294;-4.17197999786877;1.912263911187;1.81840556461292;-0.646247689917332;49;49
4.61686335382517;-7.24283026334636;2.69339330786096;2.40725800512632;-1.25808265347458;47;47
3.35351547233684;-7.20427763674919;2.32332604025595;1.95440663824704;-1.29111151249555;43;43
4.62462340103708;-5.0320684968355;2.1797188022078;1.91668794942487;-1.07150795502368;52;52
2.16349579298013;-4.69498106669575;2.56123191773826;1.81236481813202;-1.82747036165106;51;51
3.69785421656294;-5.37574484908105;2.34154185956233;2.02582025372543;-1.22316238834484;35;35
4.68080185064892;-5.0320684968355;2.38139222953765;1.97318465141843;-1.3610457259929;52;52
3.3743647169967;-5.67853249404113;2.26907600888699;1.91677320490924;-1.2507184524187;41;41
3.32931022940684;-4.33048146916763;2.34687648976334;1.94531852981191;-1.3425363730299;48;48
2.02007984954501;-6.17455062827134;2.38646825519259;1.85247615179193;-1.52474346166395;56;56
2.98692041697754;-5.0320684968355;2.24975132508338;1.97857256397915;-1.10540276637824;52;52
1.37002651218334;-5.97414075658409;2.56058070018286;1.92810825969806;-1.73028093727952;24;24
3.12271344631621;-5.0320684968355;2.63682997123889;2.10777659920774;-1.63197653844264;29;29
1.88888498243428;-3.68836969924246;2.01328630515596;1.64219165430225;-1.20533910918078;28;28
0.720337011656173;-4.67663720296444;2.59126014528567;1.80106650329527;-1.90603793737646;20;20
4.3564042167591;-6.1405349435449;2.42585155124802;2.17022779909275;-1.12272053011276;55;55
2.48702057391016;-5.73680257669128;2.29030413004345;1.98754451100813;-1.18064311052768;40;40
3.04449191372298;-6.16989001269128;2.6156789129272;2.20652332234752;-1.44629903053066;41;41
1.53350789132166;-4.35950915655197;1.95164019371672;1.423985515397;-1.35066946000199;47;47
3.00425501674144;-6.65231918175608;2.27229049523163;2.09355347502622;-0.928996994885715;53;53
2.74877588988289;-5.38654924514484;2.53998578738194;1.90208523951247;-1.70872487274572;42;42
3.36812159446839;-7.3474477351555;2.5823754992595;2.27902841135453;-1.26203704521701;44;44
3.10345152962293;-6.04477134880687;2.26401722598107;1.9193309285579;-1.23110495510598;50;50
2.07495350937526;-6.23061154901564;2.44543765277843;1.93633982632085;-1.52711782387886;37;37
4.64487088132674;-4.13895813540573;2.00705638774801;1.87970442939024;-0.775922649202236;33;33
2.07182789509148;-5.68482314658581;2.07846662079603;1.80933712576366;-1.05265882382342;53;53
1.97091240989275;-5.64035548368155;2.07050677943561;1.6251733263802;-1.30901977100417;39;39
4.31555533613503;-5.67290044271053;2.25844461197479;2.08985166211361;-0.89984140342988;57;57
3.36763127482555;-5.0320684968355;1.99492118995032;1.80045444671673;-0.899191132020489;46;46
2.14784361135694;-5.0320684968355;2.23374946933837;1.70665160400243;-1.46561163844684;41;41
1.79326463637866;-7.63852571729024;2.68454578157904;2.30877791493242;-1.45950738446844;21;21
3.02541039786366;-4.67672273525803;2.0982563500138;1.86401184396946;-1.00026287001603;48;48
3.98220601476534;-5.73158552458773;2.14694461102028;2.03360814160804;-0.748309182340305;48;48
2.9052855248362;-6.03758297141796;2.33237921011431;2.02078340914089;-1.19853957238727;51;51
3.40665086302383;-5.87063555261125;2.52169294514697;2.27449121000352;-1.14533983793109;41;41
2.81377805023969;-5.74492265782513;2.40634671521049;1.96359038210988;-1.41737967942328;52;52
2.76035537901738;-6.93535395446473;2.15089731593517;1.86781658655723;-1.09646100558649;54;54
4.94533225869153;-7.95218903962558;2.79918181101799;2.5198184457895;-1.27000925641814;50;50
2.47277664964106;-5.0320684968355;2.38217385691594;1.84374720931379;-1.53172106619807;48;48
3.98005472810077;-3.6570012627937;2.26266639260907;2.06915985700848;-0.985916398050657;32;32
2.7054922748818;-5.0320684968355;2.76487009282007;2.07313230096949;-1.86688786586908;31;31
0.953086200635083;-4.01962306648076;1.77421449032211;1.32654053697244;-1.20769021412242;25;25
3.69785421656294;-3.01906516525165;1.46444219010461;1.2309409558293;-0.812206626515193;50;50
3.09577381814368;-6.12070421442316;2.41028595044918;1.99995041636741;-1.37300569955233;53;53
2.27660502042735;-5.87275814694568;2.36016387809576;2.07989937136659;-1.17640975998703;31;31
3.01466167817879;-6.11241787535023;2.25614738875922;1.94298100992632;-1.17683324511757;54;54
5.13603856288224;-5.70176894967627;2.43892708160555;1.97722669898574;-1.45674951671345;47;47
4.64010852491299;-5.32473064229369;2.26022035022416;2.11235563986685;-0.866209098336418;43;43
4.04684245044336;-6.43967260885245;2.73086708764054;2.30834658061155;-1.50645074572684;38;38
3.69785421656294;-5.85929327079657;2.29943637453438;1.97930514936036;-1.19988198663851;56;56
2.60127344230169;-5.38866125959351;2.06739737096374;1.89268960920841;-0.880435477097663;43;43
2.85680232300996;-5.37450606562318;2.21908021847134;1.7775190765032;-1.34878403150097;58;58
2.94016427679787;-5.0320684968355;2.45208212973405;1.92609809922071;-1.53809354806333;59;59
3.08765349856505;-5.33565981484864;2.35826025816967;2.00319527018681;-1.28314968459199;41;41
5.39914960382055;-6.27775389799913;2.75989974181494;2.27593688727027;-1.59758145587015;45;45
3.39219957403365;-4.73371942751985;2.21969401559899;2.05532262525859;-0.882114091231159;56;56
3.3384620761128;-5.0320684968355;2.42586841365482;2.00503345328755;-1.39466182085191;50;50
3.33922416572538;-4.09823023663576;2.20469105696101;1.77058987436971;-1.34314886219058;40;40
4.87677413718354;-6.39737300842325;2.76208835372684;2.63054918299974;-0.917832193310877;52;52
3.37857463090197;-5.40844601306709;2.5228099241839;2.39451057302324;-0.897015571116887;33;33
4.37895460754109;-6.41258179037106;2.36747458264697;2.01365702545442;-1.27851342887781;48;48
2.36586719819124;-6.58304878030528;2.1185933760605;1.81416362547094;-1.12119937794544;55;55
3.01212172863559;-5.68820479683466;2.29689123721379;2.0793787535314;-1.01986984356919;49;49
4.98399816757174;-5.33803052784277;2.30524284113319;2.05045159844105;-1.08914441571103;55;55
1.46491206034259;-4.0979603156168;1.71405626725277;1.28327430555585;-1.14917490437847;56;56
4.04476434099341;-6.88314526978658;2.40912927124143;2.06641193329009;-1.27318090387786;49;49
2.44312756820546;-6.25120651232314;2.35962585723747;1.8697416319731;-1.46132229436155;55;55
3.33702267446236;-6.18536868041849;2.43132507336492;1.93208469514386;-1.50205198354528;48;48
4.30899829634899;-6.52201156471594;2.34335437890474;2.17143628912927;-0.935096881703146;48;48
3.69785421656294;-5.61736653818811;2.25439624147096;1.99432200219251;-1.08695404363923;52;52
4.37743909281568;-7.28531182683442;2.38330209122903;2.15335154552086;-1.0625793719322;54;54
3.34892546867533;-5.64407020864455;2.28400238454948;1.9089538169702;-1.27840787831001;59;59
5.01116800008106;-5.36233373835867;2.10241651973225;2.09943927693227;-0.299728302049066;57;57
4.85297368073624;-5.36373456228709;2.45369008547284;2.20162189424886;-1.13782008439062;40;40
4.06308998685048;-5.37636712225842;2.21412134891705;1.84439605447831;-1.2529808324802;49;49
2.73332902182133;-7.36804130637011;2.00801022210159;1.82946732842727;-0.861893492801207;58;58
1.71231960212442;-4.1724943609196;1.67581839759438;1.4090078485054;-0.931226090492403;45;45
4.32911477348926;-5.78441773040054;2.50421479075295;2.15982218228687;-1.32040175558795;34;34
5.92439404846157;-6.11999377326364;2.56884086131795;2.18644958977592;-1.37976401507634;56;56
3.3408704498492;-6.06559658405625;2.22374373778652;2.04891631106416;-0.906610988195524;56;56
1.94834503220951;-4.14368249179528;1.91480136028109;1.46957480055053;-1.24370723049603;54;54
4.90029497120232;-6.02048462005325;2.69053471260092;2.57097669639137;-0.898722640486311;37;37
3.27614972462115;-5.0320684968355;2.25869618232639;1.87067252493431;-1.29489320085032;47;47
3.41497765316285;-5.40445803791366;2.33456728506693;1.95667364368599;-1.30502553000653;47;47
1.39305738055806;-6.36016277839296;2.31558381765652;1.68057078528091;-1.61256717011331;45;45
4.56330600701395;-5.43367793076599;2.45404379093105;1.87578876109952;-1.60485366235873;49;49
4.47185578754343;-5.0320684968355;2.41512577986412;2.13064514836841;-1.17566853528222;51;51
1.24104286400155;-3.8296144308395;1.96580812705241;1.35916471578922;-1.43400757816016;47;47
4.04493971374768;-5.92536485394379;2.39729702382209;2.16658178174123;-1.06842121225309;53;53
2.23463259702408;-5.36622366289658;1.95350135803539;1.59741751758593;-1.14419939109946;57;57
3.1356624148527;-7.00970642454611;2.2030859718638;1.94565244533495;-1.06876147734861;51;51
3.28868100578707;-4.11725746731361;1.97233521342767;1.92642202643915;-0.550188844223964;30;30
3.69785421656294;-6.627822221687;2.34176014674514;2.07059677018188;-1.13476440702237;47;47
3.69785421656294;-5.0320684968355;2.02862991535605;1.71837419956792;-1.10757436006753;46;46
2.42197050690689;-6.27751517556567;2.06486885143879;1.80797597728064;-1.04079371980026;37;37
2.46264181883172;-5.31729915956458;2.18801966171487;1.82498466593684;-1.23663441797935;46;46
4.04581444036927;-6.55794774675002;2.39604551120241;2.03573143153488;-1.29162045392173;58;58
2.00506569793736;-7.25742209463463;2.40925409422338;2.03373281032466;-1.32270009515285;51;51
2.38046108336858;-5.0320684968355;2.18921623209713;1.63562621555601;-1.46920136190297;65;65
1.18554187018768;-6.04951471882052;2.94287451317119;2.16234954365827;-2.05690234299713;19;19
1.93800935324053;-5.7100506252835;2.31790423989009;1.91057300410339;-1.35651838392895;31;31
2.9947751169019;-5.0320684968355;2.38332100354335;1.90403730461202;-1.46327680141568;42;42
3.69785421656294;-6.46578926734811;2.67983170602264;2.24426805178269;-1.49849713583871;50;50
2.69304007968164;-4.18697039702594;2.24851735573657;1.99390159118853;-1.09574668187317;33;33
3.69785421656294;-5.75355490388402;2.40690887796678;2.03389784356788;-1.33216458919688;35;35
4.00272361497532;-5.42933205219688;2.5482024556042;2.03121929643325;-1.58000531462344;32;32
1.83709835080362;-4.69121457548711;2.65939214191454;2.05849974115728;-1.72657561433207;29;29
3.40055274251972;-3.31829955359625;1.81135038932092;1.71179295664622;-0.641717750731002;48;48
4.80180789284189;-5.65201677339832;2.2274933672256;2.05539717174415;-0.900658629146216;57;57
4.82772334159684;-4.74842746850268;2.41678560086523;2.0407825641861;-1.32989102273787;45;45
2.87595819676827;-4.36425870175099;2.23217508102982;1.78972408619935;-1.36691939390962;36;36
2.50650504961499;-4.11638076500879;2.08595821837353;1.732033284838;-1.18797355821126;50;50
2.98517073479272;-6.42776792639082;2.27040666388045;1.92647919622425;-1.22732558443318;59;59
4.35431793516683;-6.28891632826939;2.1053718721254;2.02765196758924;-0.635173730802578;50;50
2.78923577857165;-6.27491869759702;2.56343785857981;2.18185475441105;-1.39024722116255;39;39
2.65126585579457;-6.02516189353566;2.41915896116662;1.80492399571491;-1.63214377194025;47;47
1.83113253742843;-6.3026206228623;2.4011179802586;1.77616079734753;-1.63277886402502;57;57
4.27790049389941;-5.0320684968355;2.18324810057665;1.75472602359624;-1.32511602597443;45;45
2.82508692532003;-5.68769034890558;2.30936888225157;2.16165024818974;-0.900658715906793;31;31
3.69785421656294;-5.72026343362978;2.34661856117016;1.98241053957072;-1.28784359096829;48;48
3.69785421656294;-5.0320684968355;2.36457889716588;2.0663974988339;-1.18531017077175;51;51
1.89729308560749;-6.12790609262469;2.00138385025537;1.85547343309039;-0.808303886264922;38;38
2.67688158479354;-6.43012606469415;2.40002816065905;2.16967194322238;-1.06763023493632;54;54
3.69785421656294;-6.65547966563508;2.37701942299369;1.80287092765055;-1.56846080707559;54;54
2.76031103688203;-5.3955693901492;2.26629170249683;1.91298515804255;-1.24489200744991;50;50
2.47221552102695;-5.0320684968355;2.3328550035555;1.61739863817929;-1.69873134024998;44;44
4.66693253076523;-3.57427821264486;1.82993560257153;1.6882994954265;-0.758515490914353;37;37
