5.7476864388965;-3.02571232108706;1.96603997178514;1.68712439523876;1.02964870521676;69;69
4.38259803840365;-2.48507915049746;2.01239947482952;1.59227585515404;1.24374982899181;78;78
4.60486812489527;-2.48507915049746;1.63605149525973;1.3092452947815;0.99841059593348;50;50
4.6910943157557;-2.93057743490948;2.32037598057556;1.98481299656934;1.23705415671664;46;46
5.04349957805996;-3.09520974290873;2.09449755601096;1.88385003338886;0.952688386022512;51;51
4.36116118502834;-3.90206057871753;1.88207555246656;1.69818071606258;0.835729420933222;72;72
4.00225025979881;-3.00086047112382;1.89196332869268;1.67807048132284;0.893046163604241;83;83
5.00156631225057;-3.99654872116946;2.06895317751319;1.9067699302063;0.830470801851664;81;81
4.97518616029944;-3.64316493581155;1.94840881240355;1.80024791370773;0.782471797250269;57;57
5.36654172617935;-3.24100401606706;1.97896360231331;1.86364469666862;0.707821712333084;60;60
5.52977197779372;-3.77699864909872;2.04458714422236;1.82624312913299;0.940933218675966;83;83
4.39808544693346;-4.32251961190802;1.85405766629089;1.7985572956996;0.497025076945321;73;73
4.77019612271218;-3.44552992769087;2.02953838738926;1.74816216735493;1.04733540308391;90;90
4.26722495367806;-2.48507915049746;1.72890305728354;1.55896027024799;0.779330353416916;50;50
3.63925754581477;-3.02828062226723;1.56173647051773;1.35398283677933;0.794489369186698;72;72
5.32145343222721;-4.19700333750776;1.95293839585266;1.75789032228714;0.871383546200283;87;87
5.14305960801424;-4.29605076883359;2.05369148370339;1.79060091037789;1.02671666568386;75;75
4.29919643421431;-4.30930479417612;2.04734501259194;1.93042385178354;0.726806015635822;59;59
5.57436008679632;-4.16477698409158;2.44169818671243;1.9788290266228;1.44722786309919;81;81
5.61155850123999;-3.654675545055;2.03780561125955;1.80429655582277;0.973669665562003;64;64
5.69908977447835;-3.05103819307521;1.84173326388665;1.6979265733983;0.742578722120692;68;68
4.97952148487888;-2.48507915049746;2.24696963982977;1.97597174066328;1.09078365880806;86;86
5.04440253824581;-2.8408551007188;1.77356515290869;1.64121563479775;0.702413282037636;65;65
6.16469339656423;-2.12106175263663;2.1312077696899;1.71869578315994;1.28213322689106;53;53
5.88962877626908;-4.0562706355387;2.16333648845897;1.87852066714779;1.09280350396842;82;82
5.54004248087228;-3.01313480000514;1.98939445043316;1.90037341887911;0.629080792251435;73;73
5.42553749239052;-4.09185318940981;2.35041679727849;2.00325460198269;1.25041888193879;77;77
5.50876803882829;-3.31243358125389;2.12817394636761;1.84762114304806;1.07865694000166;71;71
5.15172215688315;-3.79301699249593;2.16852991395112;1.9805392879196;0.914342574441472;70;70
4.3271426899072;-6.80996542402831;2.08347584554298;1.92445327489269;0.827182686515419;79;79
4.00225025979881;-2.20932564901047;2.03159223396629;1.79588792560224;1.00481872917407;30;30
4.96737695839922;-3.32219188014065;1.90126854461953;1.71572605015237;0.869029555058136;35;35
5.2401191437756;-4.18220686529297;1.97251313166778;1.81482853375156;0.807526361467532;60;60
6.16469339656423;-4.64752228726288;2.05204227835881;1.9496889414084;0.676997040047224;78;78
4.70011914270402;-3.73799501586659;2.13795481160297;1.93789242449894;0.933528187849693;67;67
4.45529627942473;-3.69981299402294;1.79812311008967;1.70142543630597;0.616241172366539;70;70
7.15905962022675;-2.48507915049746;2.44889317046767;1.99980894717898;1.44754422120588;41;41
4.36880622778314;-2.48507915049746;1.6585892563167;1.46487084064548;0.802550393280881;55;55
4.90399052764741;-3.12592944840015;1.8380479974021;1.70439905875711;0.712474897297655;85;85
5.72355128709646;-3.25922607049422;2.23110491321345;1.92847365625598;1.14608456227073;68;68
5.12076924121809;-4.10176299581891;2.02659258890037;1.96259078934752;0.572703833681296;53;53
4.30500180264168;-3.05143276550581;1.72855525613336;1.64074975787879;0.579165451112147;68;68
3.5444052201847;-3.22050142927687;1.7894097718873;1.65549113434947;0.719213519584399;49;49
5.74666211328106;-1.95255537758368;1.84512011651731;1.49620273132544;1.0931233471581;77;77
5.1216716109796;-5.17433347531749;2.04935240720774;1.95132396202185;0.667689427472453;71;71
4.82786047871411;-3.62847559078451;1.88705443108463;1.65803786911671;0.923871053127007;66;66
4.00225025979881;-2.78561613012211;1.86902329034693;1.62176934141234;0.951960736264245;61;61
4.65946956238603;-4.30744757671879;1.86062739047071;1.70320213932047;0.781155882961586;59;59
5.88909443405508;-2.48507915049746;2.08687759727226;1.81819870712093;1.05488650541957;52;52
5.25177244710581;-2.48507915049746;1.96989350510282;1.64608525272691;1.09821369924276;77;77
5.12209615332686;-2.99375899562708;1.86635022435973;1.66764889410194;0.860111691015906;74;74
7.19398199731693;-4.00176031486225;2.05706301096582;1.89337885626158;0.828262676841103;91;91
5.09273615903236;-4.16633207108182;1.99472553268573;1.74317907484792;0.990070304074703;76;76
4.84848788550298;-3.65843391498175;1.90927353729106;1.66568102625318;0.952798720994977;75;75
4.36386140257545;-3.03479895971135;1.89034418879496;1.71304280547937;0.82310239142973;76;76
6.77127962929824;-3.00086047112382;2.1314948711738;1.79970621920661;1.16304356556234;67;67
5.22301273022717;-2.48507915049746;1.80326236080611;1.58078263550901;0.888311298269379;69;69
4.79375135829332;-3.91706364175442;2.00968132759782;1.77598915218057;0.959873734878588;86;86
4.00225025979881;-3.42936767696071;1.90121517452013;1.68925128983916;0.896110195866025;68;68
4.66131212157886;-2.87556182913909;1.75527933743496;1.63294829811787;0.677441813372559;60;60
5.27279605100822;-4.07355204342074;2.08967202342224;1.9065522383338;0.878482862313779;91;91
4.58601320838287;-4.00176031486225;1.7713169546032;1.7240020174728;0.452204011361524;76;76
5.84397448379928;-2.48507915049746;2.10119538860255;1.86018941893105;1.00138762421186;72;72
4.86765110821232;-2.14301551493841;2.07762151032368;1.83894212988775;0.990518930843095;73;73
4.9450814979267;-3.12948877904071;1.93330577612624;1.7688034952099;0.807022110581211;74;74
5.27852790728355;-2.48507915049746;1.74244284196597;1.6003845037601;0.719418983375409;60;60
4.65778956066592;-2.94008883533687;1.96124592337986;1.5755895042298;1.18095351965682;81;81
3.66977155673851;-4.64752228726288;1.92106240032012;1.90702595885805;0.320745976612867;74;74
5.48914893680659;-3.38061381050195;2.37811951424504;2.02694264494838;1.26350935722071;83;83
6.16469339656423;-3.43466042352044;2.07257209378849;1.85805336639148;0.941460195917282;80;80
4.41230725086589;-4.21938707371731;1.82840215190773;1.676721733632;0.75257374844272;81;81
5.80825465440857;-3.42565168461941;2.19260828397481;2.06352451149508;0.774269568422426;85;85
5.03137901668394;-2.48507915049746;1.81512119158908;1.6480072399855;0.781958502452308;83;83
4.00225025979881;-2.48507915049746;1.65371484671105;1.45793634893294;0.801831488740713;63;63
4.00225025979881;-3.03432562644806;1.71082342536472;1.44963094579916;0.924269238063009;73;73
5.36081062340339;-2.8395971003748;1.97701436065163;1.64514486711451;1.11439922964985;68;68
4.30284821317194;-3.25488599292728;1.80655276508937;1.5836827191878;0.890832593725822;66;66
5.21698410332429;-3.6417864206726;2.00849249070916;1.91463320380218;0.643913479285403;79;79
5.55254794270967;-2.77203957430722;1.68010966303718;1.57559244141846;0.615683253557501;64;64
6.64180766664462;-4.23557468710813;2.17502648473765;1.89825228434759;1.0871866740372;66;66
5.47183641736819;-3.40108141331912;1.95188270682684;1.66669501572457;1.0307763553407;91;91
5.02758860729302;-2.82556209176445;1.82072894750396;1.69007742878828;0.710997740410902;61;61
3.66229379633939;-3.27216948792932;1.65720606279514;1.54128211965607;0.641669019575201;58;58
5.30549911120581;-2.81064754063431;1.88625559826327;1.63295962809526;0.961631425925688;80;80
6.16469339656423;-3.28368034530554;1.93354504411297;1.79929064379699;0.740782781137534;68;68
5.06912457470294;-4.33985414687633;2.01982438140357;1.87842779089373;0.77156056352075;80;80
5.39352835354231;-3.77717016837152;2.01134999779445;1.82827176178512;0.875917529120375;52;52
5.26754817246271;-2.82510557955612;1.86647159227481;1.71323137845115;0.76562701597039;78;78
4.48596912571517;-2.97878041164633;1.81507963356405;1.73198704380501;0.587138207695371;60;60
4.36116118502834;-3.40108141331912;1.95781383037394;1.81675280053126;0.761311731438471;70;70
5.14305960801424;-3.45551184720677;2.00346362130223;1.89091693273224;0.695384767748728;79;79
4.8916797669226;-4.10499437347043;1.92892661903059;1.77378956881353;0.781948916220337;85;85
4.97799931105491;-3.37670029360052;1.73703131589847;1.67740885263371;0.492058101671635;73;73
5.55261867045143;-3.00371156501447;1.93178078341688;1.72082034834494;0.89890942546104;79;79
6.54940987020029;-3.75139082931077;2.26577521625471;2.10098987467683;0.881422492486889;77;77
4.00225025979881;-3.11460890061579;1.74416705131991;1.67204106694351;0.53859123566815;64;64
4.51025646435466;-4.64752228726288;1.84598854009343;1.7043742571085;0.732502485498098;86;86
5.74606758218514;-3.03404246626067;2.23956659341179;2.06126692104431;0.903782794541154;85;85
4.32738108282171;-3.75591313586994;1.92556946237299;1.82237737551368;0.657939419121184;72;72
4.79425681527716;-2.167151346399;1.80775851371008;1.52228727286909;0.99339872657327;64;64
7.537967588316;-2.48507915049746;2.1157562857008;1.99354470066962;0.74091816140359;85;85
5.58474721679854;-2.01770006094254;1.97049673709752;1.59437335999055;1.17330054493825;71;71
5.00502208154586;-2.954730694735;1.75395619479207;1.52557922422762;0.882720926220132;77;77
4.68443095853103;-4.04060464262054;2.0503249729225;1.94286875168621;0.684709867683642;95;95
5.09231463011019;-2.86677316236826;1.97735293628532;1.83650932197905;0.765531722846439;69;69
5.14506933559912;-3.56215906364463;1.95961313232844;1.77312585016728;0.863720277285919;63;63
5.74606758218514;-2.48507915049746;2.28232258144669;1.91117738044498;1.26667197772171;76;76
4.55121357550478;-4.1316627205577;2.05706399068614;1.90694412173497;0.803481444897417;72;72
5.06262654281909;-5.64865984345392;1.91276835542525;1.81242346708353;0.64222238415138;85;85
4.51803158042516;-4.11997828243193;1.80194467448877;1.65680324286148;0.733898892334314;75;75
6.55750649582133;-2.48507915049746;2.46327766367207;2.0846550181152;1.3370847222476;66;66
4.35514815563116;-3.82053709798702;1.82254595237016;1.67383961962204;0.743060275930707;87;87
5.61155850123999;-4.64752228726288;2.24991908225952;2.03232467425938;0.992343397193276;78;78
4.00225025979881;-3.78829005556388;1.91488692711976;1.75203565336688;0.798140541366821;77;77
4.3258152415798;-3.1859309498449;1.99784435009246;1.84169750565388;0.804140142330997;72;72
4.00225025979881;-2.48507915049746;1.51912857107785;1.45023440129284;0.481918266346939;76;76
4.66131212157886;-4.32189621767634;1.5752152319822;1.37771341783922;0.779653346174897;77;77
4.46703908541837;-3.16864516406511;1.869799800428;1.7299873133344;0.733277460624284;87;87
6.16469339656423;-4.17560538923288;2.14189054446158;2.07509905232313;0.585810403288378;70;70
4.83574580208135;-2.92222346933342;2.30692165183642;2.11101420025936;0.968794085182927;61;61
6.49260356469972;-5.07265949382984;2.15092324606608;1.95939882736561;0.912952898433305;83;83
4.63184908698929;-3.68975375685116;2.15436439037158;1.8233125331746;1.16833130452156;69;69
4.67040604958264;-3.34254822451686;2.17836155414986;1.8224523589851;1.21328550428638;69;69
4.49292719741391;-3.70799066083687;1.97667518401776;1.79499635529529;0.850116534611528;86;86
4.00225025979881;-2.97878041164633;1.73946670516919;1.64817396382858;0.591967695117301;66;66
4.91380399077044;-4.34393354708819;2.25261034326225;2.08691199927264;0.885468619547241;67;67
4.90062254572264;-3.23104752091588;1.99099100499818;1.88558198633604;0.673521390895413;79;79
5.15316672771288;-3.36585420869888;1.97734730830863;1.84213148858899;0.749874234470223;74;74
5.22058373301622;-2.97878041164633;1.94946067469099;1.78723914036112;0.804771149200516;77;77
4.88819244103467;-2.84586854846061;1.81429210745245;1.71884928604866;0.610580609109799;83;83
5.72566133055302;-3.03753727476828;2.15801169549005;1.95340630715381;0.944508104635034;75;75
4.37587992030871;-5.55908068513397;1.74296708623846;1.64291776581843;0.614714577335028;69;69
5.12388822159368;-3.81817842217538;1.97250744011675;1.72236908918913;0.978361920379332;90;90
5.56932005593551;-3.62899788021396;1.8182005278155;1.75781210458607;0.505037093214099;79;79
4.89337068946102;-4.15061886499426;2.22326234577336;2.07950205410418;0.823788071797299;72;72
6.16469339656423;-3.85569419099032;1.94506834093651;1.86595445104148;0.585623318391947;84;84
3.3632743501411;-3.24100401606706;1.41628871860835;1.37795052911103;0.371823996819345;61;61
4.33966371822654;-3.39090195447532;1.72333696282729;1.65542596550585;0.517220223082693;72;72
5.82450892456103;-3.43166274137538;1.90345647608855;1.86883504647304;0.414355986379398;85;85
5.12680464629543;-4.15000396337135;1.77125200710656;1.72763525758273;0.43864154372255;75;75
4.57482928467658;-3.51511880672952;1.97315542154766;1.63868331158246;1.11643204342063;70;70
5.36417584553081;-3.73460133786171;1.92138974688599;1.8207437958401;0.645423619980706;83;83
5.85266783438772;-4.64752228726288;2.15901262296714;1.95366153466044;0.942556790084067;87;87
4.63992499000384;-3.37670029360052;1.86832261254653;1.78066099796026;0.60429485745629;70;70
5.76748529499354;-3.37670029360052;1.88373796247889;1.80669438386034;0.568491845902563;84;84
4.35818172160976;-3.73381043271745;1.97571619262467;1.8549262048806;0.717520621705826;66;66
5.3717318987161;-3.13892913897029;1.79878673708552;1.64133905784228;0.758775995508035;79;79
4.73523995749438;-2.92398836525892;1.95515852131312;1.64044810958313;1.08094348410748;73;73
3.49252522895825;-2.15108919872446;1.62862920124757;1.2742306720998;1.02955989305748;52;52
5.84828208482205;-3.40108141331912;1.7642828595162;1.63160696309705;0.697171387428913;75;75
5.29997692351476;-2.78204095121007;2.06553970794951;1.73874101825667;1.13247364570556;77;77
5.31214556798448;-3.8726054788816;2.21274898993351;2.07696996443271;0.804869262362198;66;66
5.6702967696299;-2.82599481785671;2.11158262536835;1.76061104635104;1.1813118085695;85;85
5.86776626449283;-3.38507637790911;2.20871431584877;2.0268032024798;0.907654925385949;77;77
5.74082652537327;-3.02162986165859;1.93507518722554;1.62454752085975;1.06774859013293;76;76
5.02687883830179;-3.36585420869888;2.13140307922982;1.73184955274739;1.25839855283492;75;75
7.13600346544724;-2.77927571995811;2.14561814418565;1.81632357044017;1.15947974252827;83;83
4.43365111266503;-2.9008945692248;2.15894685705221;1.83282601330147;1.16042679755115;75;75
4.47667076761914;-2.48507915049746;1.78887915540833;1.64110167267302;0.73336922720374;87;87
4.9424743437912;-2.13166286632926;1.74740222486752;1.60383420806307;0.717312105293913;77;77
3.30114627209898;-3.31936159282668;1.60272000291284;1.54788202870062;0.457246908803855;66;66
5.33193031697514;-4.64752228726288;2.19587757321109;2.06242828685806;0.790086347496;76;76
5.78777987056609;-3.51210352971014;2.01043158527946;1.95555680145025;0.519633611007008;73;73
5.30549911120581;-2.48507915049746;1.91253145647144;1.62880399263639;1.02059854093807;72;72
4.93646737844981;-4.32746986827554;2.02199191555585;1.92508190339747;0.657208878197774;75;75
4.32327455548765;-5.04536234212897;1.96546574772029;1.83817020297569;0.730667619767114;68;68
5.44020618418521;-3.51210352971014;2.05217130438805;1.84223584603173;0.927649750947594;79;79
5.29997692351476;-3.29666092043686;1.88806228289171;1.80940445313875;0.58694627517531;61;61
4.51245751146324;-4.0389584293715;1.8565381178871;1.77811709833176;0.566534890010475;88;88
4.00225025979881;-3.77699864909872;1.70533006483103;1.58333210768104;0.659269247712283;75;75
5.09273615903236;-4.93227480273523;2.02363016732076;1.78144484153254;0.983629374789727;69;69
7.2981867754178;-2.48507915049746;2.1902678703863;1.95953209275556;0.999621882868255;92;92
4.00225025979881;-3.09037437544793;1.74475855375445;1.55237607574345;0.817763820302033;70;70
4.79028541944676;-2.76034445096049;1.56817357816631;1.42965392043281;0.664426081417708;78;78
4.55121357550478;-3.74487832181333;1.76171641682433;1.76543740550432;0.166989886035386;76;76
5.42725794524706;-4.15859192381591;2.13996556607364;2.05480616073231;0.652169244282084;62;62
4.8916797669226;-3.44880890991475;1.79760451533908;1.61998395863634;0.799157442715103;83;83
4.63184908698929;-3.57955808325408;1.82947541859595;1.77158242723897;0.499235221917857;77;77
5.72355128709646;-2.48507915049746;1.7625609038962;1.57898559993297;0.806620907646276;67;67
5.59806609900999;-2.97878041164633;1.9665431103048;1.79621875719944;0.826987709675935;75;75
3.60418799954758;-4.95725560469447;1.70515991757925;1.6485479308786;0.474994115657833;76;76
4.48781206434794;-4.33711300219;1.97139866382687;1.80959650137116;0.808888731315368;77;77
4.97024483047254;-3.79136532467615;1.97161731203406;1.87682300494246;0.639842474849927;79;79
4.55322586466698;-2.01710499259767;1.78547277136472;1.55903292420604;0.892846567040785;61;61
5.22636632382841;-3.24221801757703;2.11567413230654;1.98885617075318;0.756686765973117;76;76
5.10598173503909;-2.76055025640088;1.73682360607889;1.54525311048023;0.81446606085062;69;69
4.85679917281506;-3.61672282307584;1.75927919118779;1.69377390625276;0.515789341051475;72;72
4.70011914270402;-5.55186223607181;1.90528821508141;1.87170945787334;0.420563880712296;70;70
5.09273615903236;-4.64752228726288;2.02785078272698;1.89739467368219;0.755705226537055;61;61
4.87225879808751;-3.60146832970784;1.84907855442815;1.73264355862528;0.673206596003182;83;83
4.30595366799339;-3.51385773119913;1.86824482021389;1.74737770555688;0.696760647292135;63;63
5.72081966801823;-3.38653447726943;1.95230644411621;1.85330336029323;0.644151232475639;90;90
4.36116118502834;-3.12558880417837;1.90125113606303;1.78209889576731;0.691438905197289;81;81
5.1161538694729;-3.62035591050962;1.84431164207832;1.72778979289773;0.674166446504696;78;78
4.58661292742845;-3.09741093380267;1.89745071015975;1.66975027562622;0.920382550529301;80;80
5.48914893680659;-2.01194443474991;1.89508953630368;1.64276026780607;0.964734350572453;71;71
3.6170603984648;-3.02828062226723;1.753097791009;1.67039812516383;0.565540024719899;76;76
3.61911705422413;-4.64752228726288;1.69523833100639;1.6541241848288;0.419175311117564;72;72
5.88364958376749;-4.33778896988853;1.94410441239414;1.77438286997167;0.818817946284196;80;80
4.33677654268301;-4.24673367859399;2.02857126494761;1.65322637094824;1.19278553726301;67;67
4.35514815563116;-3.4628676658901;1.72953854846702;1.56773720011663;0.751674076644328;78;78
5.02927463895424;-3.10519455347191;1.76671867986553;1.63138773756242;0.699600130763437;90;90
4.76396721311177;-3.5029709336915;1.93656224822595;1.75929272174635;0.835916007420174;71;71
5.27056291309174;-4.34142680922226;2.13216591128033;2.06863616335498;0.570522424000831;73;73
5.36493534130214;-4.17563381208323;1.91337290459249;1.86756815196469;0.4644559697882;82;82
4.87487505088249;-3.40591323096447;2.12140869311105;1.75698586802451;1.20779656891936;68;68
4.00225025979881;-2.48507915049746;1.5819916669408;1.51551647581049;0.491164615465728;65;65
4.00225025979881;-2.80304323773146;1.61052776831724;1.49470114461304;0.62202386373331;82;82
4.2719591632757;-3.74560351487489;1.81601595539018;1.75013427598897;0.529773476261868;67;67
5.36417584553081;-2.96849405302688;1.7888055155722;1.58451399281541;0.84907090207593;79;79
6.16469339656423;-3.01997572361555;2.18555447552337;1.95117593125637;1.00853827131151;80;80
4.90484061586297;-2.48507915049746;2.04747116734155;1.83948174394705;0.930481501727466;59;59
3.7159562455675;-3.22251460175739;1.64092251198055;1.56548015179813;0.521684279224373;81;81
5.61874168247896;-4.64752228726288;1.82499256754752;1.78057669968157;0.444346643651953;85;85
4.28145719527108;-2.84763517988451;1.88300954244275;1.64145424995141;0.945944235159852;62;62
5.85628941630278;-4.00176031486225;1.9269060389278;1.84661575008511;0.588808093885935;78;78
4.2976520210544;-4.14700814843254;1.60107227669311;1.59224109544805;0.243925984729503;81;81
5.25530060505834;-3.50990350277926;2.03554459317384;1.91317782206356;0.733928290696798;66;66
5.62340553833704;-2.946954323977;1.76463689341014;1.60143094267105;0.761271202247272;85;85
5.85297852775356;-4.34947180370858;2.14055724449271;2.00300988893838;0.783597567687652;91;91
6.83078733708687;-5.08811165073522;2.10315324457255;1.9926038237131;0.713795889491781;70;70
5.09231463011019;-3.37670029360052;2.07507175396041;1.9824405148454;0.656076748730007;72;72
5.21908592857772;-3.16057934096494;2.09487267844868;2.0346028831761;0.545512536764557;85;85
4.96591614182767;-3.19584628082852;1.90918474601848;1.70415175853176;0.885549801086842;67;67
5.31572895863159;-3.56586949191623;1.9344515714123;1.66836306021574;0.997172326834577;78;78
4.36234578220409;-2.48507915049746;1.75120126724319;1.6202028562211;0.69006435254762;76;76
4.66750823323591;-3.49479859409066;1.69101127882129;1.63782076359858;0.462945608701583;72;72
4.48962253244667;-3.98453144163875;1.92435402071559;1.81096148042474;0.679808962160416;85;85
5.60411840722359;-3.42565168461941;1.65267248212643;1.59801391294818;0.460637200251693;74;74
5.86495832692958;-5.61953856106906;1.94692717789266;1.88479285335915;0.536116440088596;72;72
5.54125488013715;-3.30876934952281;2.049509764358;1.84122059965068;0.922897382593838;82;82
4.00225025979881;-3.0946646658472;1.81340532311645;1.66961704008066;0.735675275243355;69;69
6.8380072015075;-2.48507915049746;1.97601132175516;1.57341775856212;1.20827266946783;80;80
6.83151509865172;-3.03454432260048;2.28912804365325;2.21161393224979;0.63698183198785;86;86
5.25679143762427;-3.74492404967771;1.9505223291957;1.84518381318868;0.671305086728963;67;67
4.00225025979881;-4.06978167279728;1.77829157158061;1.66970509073374;0.639065558487505;82;82
4.96007601535115;-3.17681996244132;1.90091304247793;1.7510836090922;0.768752747156288;70;70
4.58771422096706;-3.7089955682171;1.79405030363724;1.64772189021622;0.736117058643095;71;71
6.16469339656423;-3.72170804977137;2.20806973962952;2.12803333149481;0.633211763359585;84;84
4.00225025979881;-3.03404246626067;1.87851473681269;1.79243115980912;0.594815864072186;85;85
4.9120639477888;-2.99941631550865;1.84098723923251;1.79401163745143;0.464851516417628;71;71
5.2337269452975;-4.64752228726288;2.03505967849623;1.94606117569617;0.639687491504299;69;69
5.86729423291058;-3.35797692059765;1.92737065059396;1.8290483467686;0.641215637004621;80;80
5.1603693843692;-5.83131555318898;2.23844280856462;2.13359036593361;0.719401098186784;77;77
6.44044689805122;-3.79651804542067;2.01206272191145;1.94454810060553;0.558224488147359;85;85
5.80825465440857;-3.74493193119872;2.00034297874097;1.92817614192716;0.574952483453209;79;79
5.10643668833254;-3.75035702153194;1.96837124552767;1.89859474297312;0.568879853324896;67;67
4.3050634775155;-2.85685046255687;1.85977253712824;1.64559161318529;0.887914889684387;72;72
4.87616408373524;-5.13119718708615;1.91473747531692;1.83289658556285;0.59444895966365;72;72
4.34185472777789;-3.84964365862889;2.07642890794686;1.8731198608071;0.923634960278972;70;70
4.00225025979881;-4.64752228726288;1.64178067710924;1.62145867788542;0.312433502368599;84;84
6.49937935274261;-3.44067981416035;2.43584866794672;2.16802082722545;1.14352638336952;63;63
4.86938985552306;-3.74718724319823;1.95002715051865;1.8817199072901;0.559511422607976;69;69
4.94311072386678;-3.59187835287309;1.73155954113996;1.73396659109498;0.166981692013284;83;83
3.70982669531126;-3.81172229175971;1.79506116046626;1.75221741674385;0.440496459605744;73;73
7.04081919781482;-3.20446279651813;2.02328576965323;1.98466093226865;0.461227688913685;68;68
5.57192834501371;-2.78123516760138;1.53445123060586;1.50502687595362;0.347698843677782;72;72
6.16469339656423;-2.48507915049746;2.03604691706194;1.79660602519333;0.982076091986829;69;69
4.94311072386678;-2.97111240169948;1.7748344947951;1.68293403380367;0.598048163406283;71;71
4.35493659877654;-4.64752228726288;1.8670764846478;1.67082133366275;0.850898942397188;94;94
4.53582127984304;-4.00060003939156;2.08957737272246;1.99022964780999;0.67792330836473;73;73
3.67054334741703;-2.93057743490948;1.71287152487824;1.47807587989206;0.886707115326797;59;59
4.4248496610178;-2.48507915049746;1.73777899786821;1.67815457729085;0.486625993575665;85;85
4.98167090972485;-2.76055025640088;1.9708734110799;1.77626026605543;0.879239620619595;72;72
4.73547211274601;-4.11438967271799;1.89486480877927;1.86008707345955;0.421882614944755;73;73
4.73506832689096;-3.78847225135726;1.84800405022819;1.7622622480272;0.587231885131805;88;88
6.84355257762086;-3.12000056926797;1.93168031777387;1.79997992877469;0.73472323809077;67;67
4.33277375453702;-3.49660581934881;1.85793365358664;1.69607600399906;0.787083331015753;65;65
4.3676709210516;-4.64752228726288;1.75253954445801;1.73360107044684;0.31589621032576;89;89
5.22242319389793;-2.84151789265312;1.78748974370026;1.61777492205216;0.78169875584297;79;79
4.67040604958264;-4.64752228726288;1.96321242120476;1.87247685804601;0.632135068055353;68;68
5.13494446539224;-3.59627372398008;1.80530012202138;1.74829138406587;0.498202277907007;67;67
7.22907221021048;-5.48324310088038;2.21581553974489;2.04370049499795;0.887740686230616;76;76
5.21809154689226;-3.12887057533445;1.99889811115155;1.81713608364687;0.857871339225575;78;78
5.84967436952667;-3.31378318706489;1.88721868963303;1.76702179070894;0.690873366047737;82;82
5.02977873959342;-3.01313480000514;1.76893111182474;1.6272437913222;0.720432081614282;70;70
4.42467678064947;-3.00199802805037;1.75925815862198;1.6063132181866;0.742353387921623;71;71
4.50039775200305;-3.7725138149952;1.95453620086918;1.90087330374031;0.498422360630624;87;87
5.06238113395768;-3.5290033058436;1.97145444902639;1.7989834536482;0.83458050996135;70;70
5.15116347813909;-3.29121000260188;1.82819752486236;1.81382167432011;0.317393647691103;68;68
5.140064818004;-3.53333839425331;1.73780390280565;1.73650515304499;0.19594315598043;89;89
4.42467678064947;-4.00176031486225;1.83715475129425;1.65871029842662;0.813652568267301;72;72
4.87616408373524;-3.5029709336915;1.95582728350056;1.7252086089803;0.942378930809754;76;76
4.48781206434794;-3.85569419099032;1.89663514916443;1.85099179974776;0.458244480180948;88;88
6.16469339656423;-4.94097638549321;2.02067255772709;1.95186760184037;0.569924609374984;74;74
6.80574370796759;-3.17139231888773;1.98968399578421;1.9240379392274;0.556601303783229;70;70
5.53123809118424;-3.41431552925522;1.93159827163825;1.81406857347159;0.695776562024076;75;75
5.51559584877923;-3.01299207168922;1.95636508766976;1.8663408496049;0.623997531076433;77;77
4.46703908541837;-3.58739141310401;1.76131042804346;1.61533562370561;0.730531109957811;64;64
5.86816514939655;-4.22896371858155;2.0778701576629;1.98311452703393;0.657406733533445;83;83
4.34378399114297;-5.38319775224902;1.88767120734039;1.81553544633151;0.557747747248624;75;75
5.13799616681399;-2.86678075528825;1.8361365095386;1.68675023685793;0.755930986279681;63;63
4.4248496610178;-3.72170804977137;1.86500165621751;1.7573307199084;0.655065798467216;79;79
4.37839344814043;-3.70624414625495;1.85057339808025;1.71198566618347;0.734042009397475;65;65
5.85565820603195;-4.3080370686875;2.08215445020971;1.91022381541186;0.854620057753895;83;83
4.5940648116723;-4.16477698409158;1.89794757305222;1.83058743769413;0.541823755558707;79;79
5.13936162679213;-4.64752228726288;2.02279766473675;1.87286051495002;0.799318607127519;64;64
5.13465374033217;-2.91782664549062;1.73301062770266;1.68322449184536;0.458863890412409;70;70
5.74666211328106;-2.48507915049746;1.85303907420207;1.68734163296435;0.789388108314373;78;78
5.76583681878508;-5.06994880817078;2.12828859737421;2.07575060654555;0.54212662220605;59;59
5.21809154689226;-3.51385773119913;1.83499866620749;1.70619878474089;0.701147064280886;82;82
3.64897446439803;-3.05340258252307;1.59224243111805;1.53250157084167;0.464792327957797;80;80
4.82124010129055;-4.64752228726288;1.91435609085892;1.88965516969648;0.385872926601947;65;65
4.00225025979881;-3.46341641462974;1.58190433322954;1.50109316508754;0.527640042837777;77;77
4.88654771423543;-3.79297337424663;1.98854289669951;1.91742130494118;0.566169977338671;86;86
4.00225025979881;-3.5290033058436;1.82993022494878;1.76395793209364;0.531217407977737;69;69
5.41663104652429;-3.74493193119872;2.1650384219716;2.03624519960391;0.773746909198149;72;72
4.38965753693345;-4.03614945222638;1.51652138433852;1.45785355019899;0.447332767514732;83;83
5.09347958198207;-3.62969921074488;1.88363263441097;1.84913559864942;0.414791211181556;79;79
5.08992336224529;-4.64752228726288;2.13031428252902;1.94234276196825;0.902875554209684;76;76
5.36609220175615;-4.64752228726288;1.8939615267549;1.68860621695055;0.881154620606917;70;70
4.59487693357073;-2.78529836580231;1.88424072120145;1.73313802715036;0.769485088791427;66;66
5.20438606369432;-4.00592262547661;1.95201104832826;1.92977325752448;0.377818641555029;66;66
6.16469339656423;-2.78883562069712;1.92217940988403;1.77406282889698;0.765722080876063;81;81
4.61648732333505;-2.78790296597333;2.01114016358554;1.71525272862241;1.07138031865557;65;65
4.55121357550478;-2.83761311345954;1.7632268859497;1.6802881376756;0.568547038860824;75;75
4.3423249703429;-3.11652529542049;1.72503545070641;1.6180616255553;0.626900253924613;74;74
6.16469339656423;-3.20428447417173;1.99113151058533;1.8909509537811;0.660271010999709;76;76
4.85046092080514;-7.32025928965571;2.07605333884754;1.97206398119562;0.686163654052949;78;78
5.85937145603392;-2.48507915049746;1.85549520589996;1.83405493729489;0.421946667959874;34;34
4.79375135829332;-2.48507915049746;2.19971292110417;2.07379513173019;0.813010284407923;35;35
5.58693809899224;-4.64752228726288;2.05855610708972;2.03242757631896;0.448076270582088;44;44
5.27056291309174;-2.82396483044584;1.68432043961202;1.53601270946621;0.711117164468157;84;84
4.00225025979881;-4.37236346849897;1.89317611358453;1.75928336746762;0.733598017784949;63;63
5.024083245444;-3.09715387655302;1.88094389851937;1.70299372831731;0.830392302267866;56;56
4.51093010487118;-3.66995802281958;1.9816454239132;1.95446294997913;0.41310844458692;60;60
3.67235336853334;-3.0453702015384;1.91373469662577;1.87225812735942;0.488415573635978;43;43
4.48118634379874;-3.54877935301551;1.91852310330437;1.79451320458866;0.706577513277964;83;83
4.57974973122602;-4.0389584293715;2.10675729362584;1.87061631385323;0.993556853457749;73;73
4.00225025979881;-2.78251797297986;1.83995501571307;1.65147508982028;0.837470043889719;63;63
4.36015977526123;-2.79368870884443;1.77903673782555;1.61399720224677;0.768762964314659;84;84
5.36417584553081;-5.3587939357945;2.00426306589802;1.87934649052039;0.733921996725101;66;66
4.63553137917991;-2.99941631550865;1.6432163274708;1.4412201241613;0.809021568769946;66;66
5.39215484032498;-3.22555518053472;2.15912503209101;1.94096799176064;0.970338146460116;80;80
4.00225025979881;-3.73424104793538;1.57095688006623;1.44081508086048;0.649989284743356;68;68
5.28391833836281;-4.38947150072021;1.81474940929838;1.80431044247793;0.284932263327687;75;75
4.71286404436442;-3.2601277683225;1.91153831827708;1.7613519421941;0.770053820734343;75;75
4.88421324175779;-4.92292266055918;1.64113347374714;1.60630255909157;0.38023297785377;82;82
4.00225025979881;-4.64752228726288;1.72643946318358;1.64915257064013;0.542269437820458;82;82
6.16469339656423;-5.79629861118344;2.15193039935667;1.96443958719505;0.907323090466031;75;75
3.37646142903342;-3.57359592737102;1.4395227655329;1.40126273124091;0.370331759373276;69;69
5.19769185443669;-4.04960752192489;1.8948527723516;1.82443469062042;0.551886727127317;78;78
6.16469339656423;-3.19815547364263;2.13699972660312;2.01944022636389;0.73688817877384;75;75
3.66229379633939;-3.40108141331912;1.67200029594824;1.64653159832696;0.34879303310297;73;73
5.70078165016715;-3.77699864909872;1.92115655520689;1.73130126124335;0.855207738470745;79;79
5.29387406610545;-4.16512557428594;1.86731127020261;1.82941544955598;0.425920800612554;81;81
4.91380399077044;-4.33665990694449;1.86294021876687;1.84285300811241;0.359464841012601;62;62
7.00983635436128;-4.10237154673114;2.17266950470774;2.04681956218406;0.772995462754309;63;63
4.00225025979881;-3.22555518053472;1.77418198937547;1.70409879870268;0.526816768647186;86;86
4.32787632938535;-5.03953183650689;1.88513350713862;1.83680760723248;0.485898333175549;60;60
4.30312531468404;-3.86820132198565;1.84498135757601;1.82615247341535;0.329884441565245;84;84
4.72782934577225;-4.1316627205577;1.6906784601876;1.65828904375699;0.374271837439904;87;87
5.80044435797667;-3.66067909017091;2.01426420227811;1.95324777111674;0.55384784526474;59;59
4.51245751146324;-4.11971803877974;1.92131283360835;1.77409596252875;0.764112056780912;79;79
5.3861621942764;-3.51772737948615;2.16598574530452;2.01426825956153;0.825466693767122;86;86
4.46703908541837;-3.09854848672247;1.64338441564922;1.5720139066324;0.514575425116403;70;70
5.1980784202782;-3.45429613973393;1.98596899347581;1.79196107064403;0.880142760949308;77;77
4.86160248999345;-3.55216478711679;1.95866093650013;1.82658492568499;0.739107053006064;72;72
5.48927712076441;-3.35489694514799;1.70398357697162;1.65799670189923;0.439686952117134;71;71
4.00225025979881;-4.64752228726288;1.86150400418036;1.78603161319466;0.560954388426402;81;81
5.60411840722359;-5.28278858631372;1.98281209898885;1.85351856823843;0.739280226311723;68;68
4.92548593068289;-3.84788865120924;1.95539346393519;1.84469137593041;0.68556146239599;69;69
5.62295827544227;-5.58893741387289;1.93609053643871;1.77407757413584;0.802626766791879;73;73
4.91380399077044;-3.20096537142614;2.15614059463422;2.06394611627085;0.668307228769735;74;74
5.06893014874013;-4.33821336604638;1.94789105310216;1.92699004209148;0.362171969428937;74;74
5.78280060126733;-2.83457615152499;1.7838109887992;1.64256661765806;0.719797726232065;79;79
5.25679143762427;-3.31629834455937;1.892758608142;1.85094006633884;0.445349584932858;82;82
4.66308913525563;-3.98232723983825;1.91652235488557;1.89460694888202;0.381327928387236;58;58
4.00225025979881;-3.73962032838016;1.88126530092769;1.78900468487571;0.617957830496116;74;74
5.01734231710742;-3.24158775055416;1.91735052720765;1.86488223651546;0.494173681015294;76;76
4.88339902215008;-3.1448716686102;1.80786473042358;1.62380280787022;0.819141982036487;67;67
4.56078763829999;-2.88403725550556;1.77680693179531;1.69200540304877;0.572574499061986;85;85
5.74606758218514;-2.93893580122182;1.90152110025973;1.68932315819048;0.894726102706299;74;74
4.00225025979881;-3.74320462043323;1.84815726440537;1.8334625163068;0.324088843194109;66;66
4.85679917281506;-3.55629296502238;1.71100759894824;1.64085868250052;0.520604152820305;75;75
4.58491236594792;-2.86812384811489;1.82117447052808;1.68653397376821;0.713936889158188;76;76
4.45529627942473;-4.64752228726288;1.91306722625532;1.7828421072262;0.725746337822975;70;70
4.61251683755376;-2.48507915049746;1.65847178203842;1.49121305503817;0.747381865644668;70;70
5.13494446539224;-2.48507915049746;1.8287551856418;1.62933852582661;0.853605207737693;68;68
4.34866856519227;-4.64752228726288;2.12684306373164;2.08363071349927;0.492182195977265;72;72
4.47667076761914;-3.67853898889648;1.63008919967485;1.53097416434807;0.584716027235705;82;82
5.26552916471225;-2.90037325589872;1.92593556720333;1.85148515738292;0.574631978607393;70;70
4.45522816065451;-3.03404246626067;1.87729506731957;1.77455046772122;0.656089579599676;57;57
4.51093010487118;-3.9391936069996;1.91823278333047;1.89318074557702;0.376869820753141;77;77
4.00225025979881;-4.09260949305466;1.81819340019445;1.66729270528491;0.753294628469814;67;67
5.25672898332164;-2.83005939844623;1.7037682885784;1.65908718260466;0.427813972990195;84;84
6.50131961431366;-2.8772889433445;2.03148554855738;1.7250017618192;1.09018248206282;80;80
4.38237484271976;-3.95972488663836;1.99233813379368;1.94037041602941;0.50809461308255;70;70
3.36555977486956;-3.40965340328609;1.59522890330281;1.55273474670388;0.414776646593187;63;63
5.73439345058452;-5.88733860324676;1.96810845099455;1.72915737247671;0.958244710954115;86;86
4.34092051242204;-2.80579806326241;1.76492511300165;1.64360480517603;0.671215227672562;73;73
5.08852325886851;-3.51485951617046;2.04986624835502;1.99766767592906;0.516431554265631;72;72
5.32001490851043;-4.64752228726288;2.11053382684137;2.02919285659844;0.623056723410807;80;80
4.49051823811183;-5.69246160248042;1.85664295061951;1.79005883872637;0.53720411982373;70;70
4.6968061508933;-2.83479682094826;1.75460081590508;1.73588589639918;0.330144195932916;69;69
5.71261424095718;-3.42728478449518;1.79091386202114;1.78232624714265;0.25686987074267;90;90
5.3005430171643;-2.48507915049746;1.98957631290159;1.89366694749663;0.64731019945996;77;77
4.00225025979881;-3.68989567477176;1.76783285435893;1.74370993963283;0.371552391857941;57;57
6.41593887516347;-4.64752228726288;1.92731123934125;1.85981325892986;0.547693523503932;78;78
4.88975604644864;-4.0389584293715;2.14618678368691;1.97996861763156;0.857231258326251;80;80
4.79838858289406;-3.24658687797285;1.81658399081736;1.60703372409303;0.866331181162617;78;78
5.71158117860696;-3.43245689943435;2.01426818732771;1.897759393638;0.70979256868074;75;75
4.6968061508933;-3.61866878609113;1.89262134174693;1.8572210921912;0.432018754918201;64;64
6.95652443431197;-3.40334224084932;1.81407237719725;1.67531568203856;0.724065895780658;70;70
5.09273615903236;-5.27050924102921;1.96720580179779;1.89142946280445;0.577920542990648;86;86
4.63184908698929;-5.74014048291189;2.02846460311515;1.94972605980898;0.614546974360996;59;59
4.00225025979881;-3.20392108484673;1.93414322352282;1.80210589885873;0.733777687678868;72;72
5.78723257708077;-4.95731213220137;1.97771771487579;1.89215977605247;0.614002948968443;78;78
5.17660757128248;-3.57624868871026;1.70456712731086;1.60125488195324;0.615379203460084;69;69
5.13783601207928;-3.45844461427045;1.82752733107111;1.71388485314818;0.666203201068531;71;71
4.8870120759107;-3.74320462043323;2.04836568185985;2.017552063721;0.419722635700164;80;80
4.00225025979881;-3.483796541058;1.96516097643994;1.88153167555933;0.61951942078961;57;57
5.43505692482128;-6.42788224690343;2.05244976152593;2.0102041185448;0.4797848392917;69;69
4.91380399077044;-4.64752228726288;1.9452134174188;1.94928732172001;0.176193964888931;81;81
3.72658878609107;-3.53198698448559;1.71247987708972;1.70796190278191;0.245626648727694;65;65
4.00225025979881;-2.48507915049746;1.64352459752265;1.56445686742109;0.533143394187963;80;80
4.44084608436042;-2.82564080297058;1.83853948013078;1.74578643242387;0.607967994599539;82;82
5.08761348335982;-3.76207388588844;2.01327450487461;1.90435274269251;0.698700201316715;59;59
4.00225025979881;-5.65186533092653;1.82185365021687;1.8351710743146;0.0103591853239576;69;69
4.00225025979881;-4.64752228726288;1.71664324603909;1.64354725568473;0.528566029246762;80;80
4.56316041944358;-3.45235012153986;1.87003217556125;1.75626768120017;0.676686126098049;68;68
4.99070075439287;-2.48507915049746;1.67013324927515;1.61058557298022;0.481553937734787;71;71
5.18926006492233;-2.48507915049746;1.9460939074322;1.78125338982774;0.80906160991758;79;79
4.63821881076307;-3.34594731404846;1.68065043377726;1.6021221716218;0.541250412746977;73;73
4.2627546220334;-2.79550664639778;1.76744757046338;1.64056440872429;0.680443981676745;88;88
7.24687550341185;-3.74493193119872;2.48879248286517;2.20291679437359;1.18767501441888;70;70
4.58921539520311;-2.48507915049746;1.42604666296577;1.40563025266877;0.2986210399013;63;63
5.29997692351476;-3.49819782666351;1.8194899228003;1.80452356224591;0.315380333544257;72;72
5.52977197779372;-2.87665578018005;1.79033295444224;1.67336798710708;0.664812668007573;76;76
4.38237484271976;-3.51177638019046;1.78356225374747;1.7569458438433;0.37744904550662;64;64
3.51732697785299;-3.72252283570564;1.64406116655523;1.57123711596668;0.516367187262022;76;76
4.34257987756646;-3.02870556156968;1.65047575191566;1.59409407989185;0.469959226038139;67;67
5.57418318644816;-2.8772889433445;1.91563336130289;1.77106078861903;0.763928065246894;62;62
5.21492787039235;-4.16512557428594;1.92307589534201;1.89370290684462;0.392810052689053;85;85
4.429752495979;-3.27558989478471;1.84635159011108;1.72916101621969;0.674892407973859;82;82
4.77478881598082;-2.48507915049746;1.73473196021416;1.61082339442017;0.673253746879844;67;67
4.93957765860935;-3.22125081307975;1.85307596060006;1.73964938458696;0.671841583931138;69;69
4.88871992705691;-3.34016520925596;1.65599182748624;1.55382197536636;0.600849118864377;73;73
5.17699100309549;-2.86348726373677;2.06904605784577;1.94006649850244;0.766025224972604;54;54
5.33655662825593;-4.64752228726288;1.81722834054768;1.76405300447462;0.479402506436099;79;79
5.25679143762427;-3.98200274078867;1.77032538318206;1.78012631225277;0.121307671366701;64;64
5.47183641736819;-2.48507915049746;1.8373115208566;1.61362141037918;0.899520061403499;70;70
4.85679917281506;-4.98512111592351;2.04216014264468;1.99354305000729;0.502969820316204;70;70
3.37524249039683;-3.64016404408199;1.51760457251912;1.48965864438858;0.337088316943814;75;75
4.00225025979881;-2.93943064607939;1.7501183002938;1.61819462932003;0.695300726356178;67;67
4.00225025979881;-3.77872512371115;1.84147337005428;1.82656980614458;0.3104374036887;80;80
4.00225025979881;-2.48507915049746;1.68460540944609;1.55671057363686;0.674489959621425;60;60
6.76833247248006;-3.50990350277926;2.07389292311518;1.88150049672581;0.900086116324889;72;72
5.63092609640151;-3.5029709336915;2.03742303423965;1.95100677898005;0.630501559683588;72;72
5.90652983834276;-4.05355410831337;1.84026278117625;1.77087053030007;0.549540004743477;61;61
6.74372230486478;-3.68987634050675;1.84275362645627;1.71726404375893;0.700542642854183;67;67
5.83016711362279;-2.48507915049746;1.81772502224454;1.66487172279803;0.754508918325721;75;75
6.16469339656423;-2.48507915049746;1.91495770139645;1.72577523231074;0.853820909229758;74;74
5.48914893680659;-3.79371916782305;2.04820195058149;1.91164780921703;0.771542045425214;67;67
4.00225025979881;-3.40108141331912;1.84265115131856;1.78665991033339;0.495753647220376;75;75
3.58393602513756;-3.62975287450769;1.66847872935866;1.47567040870896;0.803623605814253;55;55
3.53538695624796;-2.81118398416368;1.60214410678757;1.49343322987435;0.606947252233646;70;70
4.00225025979881;-2.86052263316282;1.47069178851466;1.46787256280133;0.188569682208422;79;79
5.54217254460797;-4.32611425913973;2.05953858630261;1.97314341931807;0.638273885368867;66;66
5.27852790728355;-5.17383945333343;2.09902571769006;2.09169323300851;0.303892487921491;71;71
4.88871992705691;-3.43457911776708;1.85994463506651;1.81171396649058;0.470576301829438;74;74
4.00225025979881;-3.68145674853536;1.7671042312957;1.73788082890003;0.386805738124994;64;64
4.38259803840365;-3.05265886650767;1.71735644107652;1.62889723439524;0.574861259407306;77;77
4.30304574013613;-4.2525032006224;1.97334945890301;1.88949181868;0.616926468320291;63;63
5.40953628314776;-3.76980209845467;1.73647315367313;1.65826273032139;0.550611212318525;73;73
5.54004248087228;-3.09561780059694;1.9626555629917;1.79814903877241;0.816226690598786;68;68
4.75187788824571;-5.34119648191924;2.02634650728206;1.97347215979182;0.520965073419957;65;65
4.48781206434794;-2.9757560881698;1.89855768981536;1.5659703544379;1.08835875104962;76;76
5.0229597592768;-3.05786940802594;1.80711116064967;1.62450324796818;0.812965443209249;77;77
4.38214987673592;-2.83093516310881;1.67998042615526;1.59420110602924;0.561427957830093;74;74
5.55261867045143;-4.06986274793312;2.06893649854332;2.00120447263006;0.57428048375132;74;74
4.40952077034777;-3.5536157893075;1.79599632611097;1.78952230771702;0.272110827264376;63;63
5.72566133055302;-4.14190883404529;1.95162901560659;1.8774744486579;0.575277596700745;75;75
4.75865598360853;-4.64752228726288;2.22258900508842;2.16610244844828;0.555731167856367;77;77
5.58967703263529;-2.48507915049746;2.03091733415373;1.90682299024573;0.735762581396495;69;69
5.13955478890915;-4.1824052260634;2.19596015156939;2.16468906262202;0.465997062401213;58;58
4.64384992158508;-4.36113299502785;1.79305885092642;1.77681776200578;0.308416629166;85;85
4.98187246164869;-2.86863701782077;1.80416640742486;1.72289330237656;0.574173165296441;69;69
5.13465374033217;-2.48507915049746;2.11686190840178;1.74048746662735;1.22931106345215;51;51
5.18629694678487;-4.24114898817579;1.83078533438916;1.76025080054966;0.541309707354842;78;78
4.33583413402317;-2.48507915049746;1.79946127605237;1.69477030971774;0.639791658433152;66;66
3.56218783514011;-4.32221229343405;1.70941676722465;1.72121757351528;-0.00995853720416973;73;73
4.2885230653467;-3.7522634988104;1.81607273348708;1.79806449538868;0.318450137600311;89;89
6.16469339656423;-3.64610586069079;1.91179196569466;1.80178364160689;0.677679576556551;64;64
6.52083200985714;-2.48507915049746;2.24956085956733;1.99209152133994;1.07621369098308;60;60
5.54845362551125;-4.34393354708819;1.83787387242363;1.69640806654787;0.733723867495165;75;75
7.26575007478709;-5.73612562234823;2.15484062850671;2.11568591204107;0.483755227063216;67;67
4.00225025979881;-2.99941631550865;1.63051859346796;1.59631300234337;0.387545538894354;64;64
4.73506832689096;-4.64752228726288;2.09075794962071;1.83356545452079;1.02895439626652;68;68
4.86228760300155;-2.48507915049746;1.93062531629891;1.77499686793572;0.787311453628976;73;73
4.89753253683698;-3.17139231888773;1.76278579874704;1.68361353967488;0.563159956093016;64;64
4.63745752110916;-3.77789991225104;1.99419979628318;1.91417078519372;0.596994700999997;84;84
4.00225025979881;-3.76342887660985;1.50433324030528;1.45864624586339;0.402449050437651;80;80
4.00225025979881;-2.48507915049746;1.4260063719787;1.41018789650512;0.288283111251738;52;52
6.16469339656423;-3.02828062226723;1.74767809405949;1.65144365293859;0.60504010318712;70;70
6.16469339656423;-2.85368489795833;2.09142464601528;1.86915347920137;0.963421870727616;73;73
4.7679511724166;-5.70500832756675;2.06467574724435;1.97490527264461;0.653941347475597;60;60
5.81141818969889;-4.33985414687633;2.17500043561391;1.93150713342463;1.02389354672641;77;77
3.67624727275736;-4.64752228726288;1.81329973480569;1.76769665651018;0.458965334249764;66;66
5.79759928996314;-2.77188492085059;1.86180449736736;1.75120182847014;0.66589657938588;70;70
3.26885108688146;-3.68987634050675;1.62412326222535;1.58167915259401;0.41511935690919;69;69
4.35197262101788;-5.63852189839588;1.82285224920889;1.78635445169375;0.418151357630275;74;74
5.5978993663242;-5.0229911277808;1.92636986850178;1.90248220473013;0.392258134018355;58;58
3.64466441358647;-3.95980340758075;1.78909531529147;1.70196613900304;0.583815257542611;79;79
4.37587992030871;-4.99519712463818;2.01492077488748;2.00325229164747;0.324107530793374;69;69
4.59432186594551;-3.15050408563516;1.76869208579608;1.63886733488062;0.690845272994016;77;77
3.67624727275736;-3.65843391498175;1.73154375652874;1.72549354387413;0.24015192327746;81;81
4.47883061844887;-3.56780371404443;1.65690931119025;1.52339988389635;0.675250107728051;74;74
5.15589105231732;-3.51210352971014;1.80578860429738;1.72294524562838;0.595127510677363;48;48
6.16469339656423;-3.50189631577075;1.91214195463172;1.81914804608653;0.621597671370775;84;84
5.27779434244558;-2.84221450934829;1.81312724398171;1.74410030102151;0.535923699943174;73;73
2.74083303535542;-4.64752228726288;1.61446771523;1.58757187438315;0.352575084861819;66;66
5.27142150032689;-2.82104194003947;1.91579955693189;1.66873467976052;0.960092249160272;77;77
4.71637675340471;-4.04434695552375;1.85163386252595;1.85859985824549;0.142172806437169;75;75
5.18773778217179;-2.8754805967094;2.08881129457596;1.83814666766512;1.01724090169417;67;67
6.16469339656423;-4.35340745348067;2.18898533210834;1.99780712778488;0.92392635454442;75;75
4.4638488911096;-5.58334390292143;2.26920300108265;2.22876895772641;0.505975944964833;67;67
4.00225025979881;-2.95141354568438;1.75622198773606;1.57252186940658;0.807901225981042;60;60
4.76534449972163;-4.08611903239707;1.89176397029219;1.85148788007622;0.446917311238511;70;70
5.3400757578962;-4.15061886499426;1.90565438248137;1.83159344984436;0.570441409337405;69;69
5.1718466542991;-4.24570909356963;2.0908003505593;2.04408816602401;0.512628470981526;60;60
5.86495832692958;-4.64752228726288;1.9777397678926;1.96846538371185;0.303238697848821;70;70
4.61594797210175;-3.29213210484285;1.88430960764928;1.83991762294669;0.464599458721214;67;67
3.63681194351308;-3.82162670999578;1.74177929448634;1.67600225165486;0.521179389086306;60;60
5.88525180350577;-3.91937997443872;2.02681919175652;1.94985345696035;0.597866995797058;74;74
6.16469339656423;-5.63661065954401;2.11797018442606;1.94677336150227;0.868958447196637;64;64
4.32387779029124;-3.74560351487489;1.61921263272384;1.50892801216281;0.614803895063778;69;69
5.80035889143459;-2.48507915049746;1.90401552767327;1.75101488254559;0.774315707525548;76;76
4.00225025979881;-3.34626279749293;1.6882015443256;1.58269314752629;0.623133283901665;58;58
4.4817524921119;-3.75184101799713;1.73907031285403;1.71509906473185;0.358835200663143;64;64
4.61043606872696;-3.95419195259467;1.98037502861993;1.9050692939029;0.584500372585471;74;74
4.96007601535115;-4.04490442216642;1.88918963003957;1.90057466838523;0.0998686242699255;68;68
4.62933650297792;-3.23383243004093;1.69765524411919;1.6706268782451;0.357439182270131;76;76
7.11156029507821;-4.0353760205517;2.27642895025645;2.08207103148789;0.951677641738646;74;74
5.20424261937082;-4.10402797692568;2.12955913783729;2.06206089967401;0.592882068783133;62;62
6.70945854558341;-3.8241217499614;1.91204870377439;1.86731270175664;0.469415406926343;68;68
5.08322890262256;-4.2201856020612;2.01769738081635;2.00475161914151;0.334752407576183;67;67
4.00225025979881;-3.31973133841457;1.87303940705122;1.80183682719967;0.568258368408005;53;53
4.71939157004766;-2.48507915049746;1.83176238484748;1.7084463081865;0.690324600923521;73;73
4.88828771285654;-3.40706716076154;1.7963267695113;1.73632515802042;0.499184205367053;81;81
5.00885835474471;-4.36279285741089;2.00411616088152;1.93729209467638;0.566675335943088;65;65
4.97981452424211;-3.54504197168671;1.96045390270217;1.81150713825518;0.778187317315076;75;75
5.74106778821371;-5.22655119562067;1.88677151234394;1.87561601289759;0.2941124617477;79;79
3.63484141506739;-4.64752228726288;1.66599008879649;1.61680500179797;0.463478902458244;49;49
7.24687550341185;-3.37697649605347;1.93377733366376;1.80131570728916;0.737508779633631;66;66
3.34946891173689;-5.10765565724876;1.80996804175564;1.79425967535443;0.31550187533798;75;75
4.31791492492589;-2.83721300918503;1.80778999301589;1.76641299646777;0.442598113996618;65;65
5.25158090669529;-4.29357681231159;1.90211347951984;1.78184771087346;0.697529438994292;73;73
5.43119389884586;-2.96975310228276;1.77783832357285;1.74324227596922;0.411458606726518;64;64
4.82124010129055;-2.91926184571652;1.80399120583667;1.57703448570176;0.89661618682859;68;68
5.2337269452975;-4.35388719938767;1.88994735893579;1.84789037632475;0.44480709676905;84;84
5.45203143156176;-3.17069420687066;1.7951936341798;1.68055643635846;0.661164788589926;73;73
4.81952055916999;-2.82506391047988;1.6512559844402;1.52191439658353;0.669622110993704;61;61
5.34108383404925;-4.34393354708819;2.2472640452433;2.17562670555605;0.619282690313624;71;71
4.37152660773479;-4.99274349502675;1.75076243408544;1.63685406212763;0.648249772345468;78;78
5.01390171275974;-3.64316493581155;1.90997068439034;1.8107668705254;0.64344966738663;73;73
5.87978189655932;-3.02656355002649;2.14019192524222;1.91014588254012;0.99191121573222;70;70
5.31390968808724;-4.3237882831059;2.23410229147082;2.19722253442598;0.483108795776899;69;69
5.06655798492339;-3.72170804977137;2.04136558698381;1.94215392953553;0.6745991288169;63;63
5.4567446731104;-3.11340064554023;1.75907190396881;1.64756177387917;0.643610452992824;79;79
5.42850278116025;-3.22370104885308;1.86584824091081;1.77932684401992;0.596636770037431;78;78
5.07805411134108;-2.96085865425126;2.07725738242793;1.83268257911774;1.00757024802012;57;57
5.20424261937082;-4.06646698698671;1.92658143288471;1.77739255702612;0.775366770050924;65;65
4.65108709479755;-4.96150369993024;1.93616818709572;1.8793623292332;0.519096275610724;67;67
3.70331715401642;-4.30474921653276;1.63424486187302;1.62654659989187;0.259030755627839;63;63
5.13297754577582;-4.64752228726288;2.06231940277749;2.02461708790966;0.455325925320938;77;77
5.36493280645561;-4.37657435223347;1.9868806350168;1.9583668331993;0.407137176110249;72;72
4.00225025979881;-4.64752228726288;1.78636044671298;1.66908188187325;0.670424425045292;63;63
6.51470045215815;-4.64752228726288;2.03216195705528;1.94201340302097;0.644522171633934;66;66
4.83097505371704;-3.65346994354047;1.79087464025557;1.67847407992931;0.655466759669311;71;71
4.85679917281506;-2.77980572783353;1.88176975042333;1.85443013848344;0.400540740198734;59;59
5.29794297559579;-3.70729820327049;1.85257724419056;1.73525361132505;0.678643613368435;76;76
4.29611636185835;-4.06454862331861;1.95435076349562;1.85893950920864;0.645751304963502;65;65
4.33048587154834;-2.99375899562708;1.66344456639227;1.6259079679342;0.402923359345388;68;68
4.70922592822099;-3.26308985672327;2.09087130431639;2.0315006362357;0.549606540077858;72;72
4.98851015707963;-4.07512678361388;2.0613026228374;1.99910635260801;0.568027318346631;57;57
4.48596912571517;-4.10794969823554;1.93294218843349;1.93523142017163;0.222850542644346;64;64
4.00225025979881;-3.95501860225177;1.83781633689242;1.80857768080601;0.385423090158892;78;78
3.51525061863456;-3.34610177174637;1.62583292712779;1.52235413721649;0.603128020786088;61;61
4.47293990883367;-3.67886314347938;1.71364651540942;1.63175700812132;0.557160517779073;73;73
4.00225025979881;-3.06944181818434;1.56253489664998;1.53922676180923;0.321667862101714;76;76
6.16469339656423;-4.28242772077946;2.24391640958982;2.09755984528905;0.844151807022285;57;57
4.66131212157886;-3.48658366471794;1.64948265557547;1.62020816503465;0.364268325899329;71;71
6.16469339656423;-3.12904887426994;1.93023505738778;1.81316053626281;0.690936871185369;84;84
4.53267818920471;-2.87054414705593;1.9653176953078;1.9834479049765;-0.0355122267436131;54;54
3.60418799954758;-4.3405666605537;1.60057315858103;1.54021536359481;0.476064790563519;64;64
5.39577454942433;-2.11060962655929;1.75918783817763;1.56975125639119;0.817638285694877;65;65
4.63184908698929;-4.05964039692172;1.8859480141356;1.87101758188697;0.342795899798506;57;57
4.33305505598959;-2.48507915049746;1.9722469274529;1.69046698265133;1.03425352688756;76;76
4.52859062676985;-2.86385762149997;1.759989627336;1.6928087040747;0.524766978176566;66;66
4.00225025979881;-4.64752228726288;1.94534654868934;1.95120765022677;0.193891272367907;63;63
6.16469339656423;-2.79401889457048;2.01830200676323;1.90629193707968;0.703316339704789;66;66
3.7005729534906;-3.98656245975937;1.8219729910672;1.73621513769645;0.592297184415124;66;66
4.97518616029944;-4.95493802007017;1.58172603242279;1.56583509173081;0.301465917459792;60;60
4.55870352514716;-3.99440688134444;1.82303167305889;1.71396275065527;0.655962114958492;66;66
4.00225025979881;-2.84007248252218;1.87919692438564;1.8141712440804;0.542326617257645;61;61
3.69630080133921;-3.1862651516585;1.67929477170693;1.65144298907918;0.37612248802681;56;56
4.7474384863651;-3.08577018988288;1.66838308361818;1.5555323723804;0.632404770219738;67;67
4.35531663944171;-5.03176015170906;1.73008495654037;1.60315538480721;0.67697394099738;73;73
4.6910943157557;-2.92466012683513;1.86439673506114;1.80746410637034;0.525091096088931;49;49
4.91380399077044;-3.26300454592957;1.90832764908577;1.90594231425038;0.246967258567645;70;70
4.54240481123887;-3.37670029360052;1.85311533569314;1.83058250198747;0.373900131542626;59;59
4.60606213325757;-2.82875392907275;1.91302818501053;1.79986951291641;0.684468970138019;67;67
5.57418318644816;-4.64752228726288;1.9505782949293;1.76855360173321;0.847748547826452;75;75
4.39979558662509;-2.81531137124981;1.76193934029131;1.75046717447249;0.29215701877731;68;68
3.4038286596103;-4.18661976825372;1.85503147803041;1.77527585956749;0.579555459054672;68;68
6.16469339656423;-3.8237179003989;2.03598647694936;1.97391296401258;0.55413243867542;67;67
5.07547196910323;-2.85685046255687;1.78624410256876;1.66170614177873;0.686012854935605;67;67
4.88246270261689;-2.90311043378063;1.71997446539958;1.6460742445206;0.539526296570577;64;64
6.55298240923151;-5.22655119562067;2.25609256875279;2.2354930808873;0.411591899829153;65;65
4.50902923327546;-4.35783836773233;1.75151375436516;1.67117415653731;0.565705668613808;62;62
4.37587992030871;-2.48507915049746;1.71037013485773;1.61981434093106;0.591740112060618;54;54
3.65033809099841;-3.58992179976869;1.81727382973357;1.78964750289298;0.375110671177545;78;78
4.88769866117325;-2.16319855319968;1.46754528326676;1.36958448715516;0.552731599771731;68;68
3.64019543284874;-3.23026737712099;1.59956246700979;1.50967973997925;0.566485612242055;55;55
4.60990273764684;-3.73148747898082;1.66562586166565;1.6061419779899;0.47953696926913;73;73
4.991026038309;-3.73492482892557;1.88235588620619;1.77883984132318;0.650814644111433;71;71
4.00225025979881;-4.0036160961832;1.79237655954725;1.71439445228097;0.561125519529827;71;71
5.06655798492339;-4.94924042729563;1.90776616374181;1.79102415793427;0.685895037766057;83;83
4.2719591632757;-5.29300612606792;2.12368685515423;2.1298336900255;0.234217275349896;56;56
4.3693026713942;-3.84032139913667;1.89768781395608;1.77506971158241;0.711073148725698;57;57
4.50144100090464;-3.13391598555344;1.85457035482789;1.8371723540368;0.331420856162652;74;74
5.26295312865839;-2.83479682094826;1.92663072784951;1.85553777842755;0.567322712098864;65;65
3.61866302603375;-3.49479859409066;1.53297857663134;1.51313862295872;0.306765778934855;68;68
4.52636887588654;-2.82397673646859;1.77768619724387;1.66491502700664;0.65324219384403;72;72
4.32269524652148;-4.89766091203161;1.81924357911303;1.8312278347645;0.0973669115646798;63;63
5.82470863658181;-3.81039765382928;2.17375177552965;2.00392666184587;0.876169838606727;69;69
5.53123809118424;-3.40706716076154;2.04773286603273;1.83687539145531;0.930925013041793;71;71
3.55322628971813;-2.92398836525892;1.69236191751752;1.5896211803232;0.608284627100627;77;77
5.11243748458384;-3.35486331185292;1.90354074312329;1.79518734541282;0.671657952889858;64;64
4.92467626904806;-3.72433729235977;1.90921961753083;1.84900880074047;0.527339085418207;66;66
3.53641176725345;-4.03601231162003;1.63341776235528;1.64395012694116;-0.0681856065514335;69;69
3.56047343094197;-3.46048340979363;1.53292145646517;1.54531867457325;0.0830371874442363;53;53
5.21830364345713;-2.85487914329172;1.99549239585482;1.84443405994376;0.790084742577057;77;77
4.67038244382792;-2.85816927523426;1.70567498313167;1.6082544229808;0.600275028307583;69;69
5.20686764101189;-2.96085865425126;1.89193290799575;1.76580391341724;0.719045459183142;56;56
5.74606758218514;-3.83467548277321;2.03346227563476;1.93356143102554;0.671780700949081;68;68
5.16231406064294;-3.72170804977137;1.93929198456495;1.94504925330809;0.177996502776292;70;70
5.24268231962603;-3.79621466112467;2.05692228739084;1.96408399006588;0.65846699335092;64;64
5.81182460730677;-3.40108141331912;2.02763987219275;1.92047976222386;0.691468965299389;67;67
5.48914893680659;-3.60450050167825;2.0419339915611;1.88512676891583;0.82220663105038;59;59
4.00225025979881;-2.79550664639778;1.77627022256037;1.65710180438876;0.672350764699209;64;64
5.33875963907637;-3.84402248393592;1.99119023893367;1.95103861223111;0.451828473514126;83;83
3.28887964077126;-2.48507915049746;1.44890445804226;1.33046345284008;0.596005450334962;68;68
5.50291407455673;-4.64752228726288;1.99896316730692;1.94029515111478;0.548476048587228;54;54
4.88246270261689;-4.03334450313185;1.76623081616096;1.67643917015466;0.593047683238787;66;66
6.6943413728969;-3.10088632968454;1.8802372730883;1.79639119212884;0.598909923111812;64;64
4.55870352514716;-4.28861136203335;1.7578337188696;1.70010262242259;0.492716949827367;67;67
4.34273320100855;-4.94841621746766;2.03049883986116;1.98872441065702;0.473709944118194;70;70
4.91380399077044;-2.80551001878036;1.96070687673862;1.87496359774148;0.621702438899586;61;61
5.09338200799181;-3.16062361019786;1.9340795791878;1.88735380969993;0.502762293771143;48;48
4.61043606872696;-2.95605337759672;1.6448506122149;1.64058894033272;0.221260993680724;77;77
4.00225025979881;-3.10731864971466;1.88553923820856;1.74054594031769;0.756081719260809;66;66
4.00225025979881;-2.48507915049746;1.74854828481816;1.55194533050624;0.832272989078184;55;55
3.5472118348311;-5.81908416821967;1.72048333439686;1.71473583860765;0.254910934635138;65;65
4.3271426899072;-3.59974472221662;1.88236232965561;1.86876249895074;0.321151279579216;67;67
4.00225025979881;-2.84139595998116;1.77942557433888;1.63712500607496;0.725800145354817;66;66
4.00225025979881;-3.78446997767894;1.87628505843321;1.7698256024657;0.662331975275116;62;62
5.57418318644816;-3.14018478860688;2.10779607206203;1.92457666831582;0.892571485402165;64;64
4.00225025979881;-4.64752228726288;1.97340091528613;1.94449935571444;0.426591486269711;55;55
4.53139743688878;-4.20843595624627;1.93957690493281;1.91067673863742;0.405193111403588;69;69
3.2545468956001;-2.48507915049746;1.51519914459692;1.43511973688245;0.516282444982913;68;68
7.58143521072458;-3.5519534654016;1.93761574458073;1.90322970953083;0.437553585627527;61;61
3.59267300095851;-4.25470918800578;1.79426828518715;1.71821813409668;0.557843084847996;67;67
5.09234117510776;-4.64752228726288;1.94028482414992;1.9119904061649;0.403433126088534;68;68
2.98814825470242;-3.04602107514351;1.58822593565827;1.58709730813256;0.236770731750159;48;48
6.16469339656423;-3.62652672847947;1.98248543949321;1.89113659849563;0.636350751085296;70;70
4.73523995749438;-3.92785300590898;1.91849640583367;1.88324257820662;0.440610666510525;59;59
4.87487505088249;-2.9424484307566;2.00875104879567;1.79877925263831;0.925331836634682;57;57
5.15316672771288;-4.08103757881836;1.93576370945835;1.92349707285961;0.327131478495386;62;62
5.61232189799045;-5.28629123707612;1.77881372472788;1.61126384707816;0.781841801215258;60;60
5.57418318644816;-4.64752228726288;2.0434730048841;1.96506921503176;0.617140532334243;58;58
5.23025803549747;-2.84099043902838;1.71377787944924;1.61937915730804;0.590510595234598;77;77
4.00225025979881;-3.45417562997604;1.71570305671329;1.67427379682261;0.426946050222817;67;67
4.55870352514716;-2.48507915049746;1.89626909926176;1.70034719871128;0.866768622960693;62;62
4.46703908541837;-3.85569419099032;2.01339491407542;1.95686299216093;0.533178508539452;64;64
5.21809154689226;-2.81118398416368;1.80752754956127;1.76106584223539;0.463714098939425;63;63
5.22058373301622;-2.83927047087501;1.89499281134909;1.55714225693799;1.09850684121455;60;60
4.56031601866965;-4.25848707730974;1.86202156468607;1.81777041565552;0.459812475683898;68;68
4.76983093853154;-2.91926184571652;2.03509925536882;1.80859703719503;0.963323470561903;57;57
5.88634035189213;-2.90467857284074;1.9923504123652;1.85716457487778;0.758384398373242;63;63
4.48684135590246;-4.29681148265921;2.01215709491118;1.84621351369811;0.82883271936421;73;73
4.88315654325872;-4.64752228726288;1.99578490321974;1.96726988614498;0.412214213016054;68;68
4.00225025979881;-4.27421451660205;1.83419318387671;1.77457065571659;0.520958319152875;56;56
5.28702276379102;-4.33342425099176;2.17642625556492;2.12859499290663;0.527099529398322;63;63
3.26942292118422;-3.65057240715161;1.62369198487058;1.63305361966205;0.140818067283822;53;53
7.19755059833514;-6.28851136214029;2.20991580146282;2.2234504354512;0.163487455701138;57;57
4.00225025979881;-3.78847225135726;1.77733616578938;1.7852092869592;0.139708257469118;67;67
5.11913385640297;-2.48507915049746;1.77640017273413;1.64137780998481;0.708728774267663;66;66
4.91090072878232;-4.01750145320131;1.87245929610074;1.82048318790452;0.503307156336258;54;54
5.57418318644816;-5.2087185373513;2.14449964629462;2.10184440434434;0.49330585082949;71;71
4.84547735752157;-5.34434694911265;1.94115334295843;1.82226871198692;0.706610504881699;64;64
4.96007601535115;-2.48507915049746;1.83836052630901;1.64400238141845;0.847971678139706;64;64
5.26323806979226;-3.10519455347191;1.94437802136902;1.7906599650419;0.786958850155603;71;71
4.00225025979881;-4.19972881714591;1.82791106436111;1.79867145815153;0.398843606103402;61;61
4.48924990090581;-3.61627949773617;1.71449521720197;1.52152076956787;0.813515530140155;62;62
4.69329846386565;-4.35302838456869;2.0137029300919;1.95766965370794;0.520616271432915;79;79
4.00225025979881;-2.82891769246501;1.66766639439815;1.55262188449307;0.637966500080908;66;66
4.61147805967841;-2.9008945692248;1.66682134717032;1.54265038117351;0.664674171238927;55;55
4.27904848822301;-3.65024808577311;1.7137201780272;1.56085918698617;0.730095335555422;75;75
5.8848509663953;-3.5029709336915;2.04524692583629;1.97534203751569;0.592230502653248;56;56
4.26960797964273;-2.48507915049746;1.5898046159916;1.56374335784519;0.350628458594943;60;60
5.11935269851585;-3.1862651516585;1.78901577779938;1.69245430696118;0.616638945167098;65;65
5.36855507341174;-2.78639181622754;1.72996170856301;1.65722215163406;0.535509357299275;68;68
2.88835669495136;-2.48507915049746;1.43640200287746;1.38451647541411;0.424257492398296;57;57
4.00225025979881;-4.03761167969174;1.94472958070076;1.91064154938689;0.425945491276031;73;73
5.41719260355124;-5.29411018718844;1.79392635893209;1.801946466398;0.180069634520193;53;53
4.00225025979881;-2.48507915049746;1.70157489817093;1.59673417641341;0.62202816650742;62;62
4.00225025979881;-2.48507915049746;1.5654648753833;1.47140528509089;0.567751923234547;59;59
4.00225025979881;-3.76298695752759;1.88323771623386;1.68654920498906;0.863653180886683;65;65
4.3603341489481;-4.18661976825372;1.85865995171072;1.79936125704246;0.525150618818139;55;55
5.37873344871382;-3.0168962990378;1.72848970663953;1.61359071510091;0.653211196132156;61;61
4.00225025979881;-3.54504197168671;1.72581882175324;1.54046852738172;0.80742651810048;51;51
4.34211917675106;-3.1785737309143;1.66475796922425;1.6280748640095;0.405270585437263;61;61
5.34712948909922;-3.04177737927027;1.71522884062488;1.607324346319;0.627240360206714;74;74
5.36493280645561;-3.56215906364463;1.88366449167159;1.78461852816349;0.645298133401155;60;60
4.86114734036888;-4.22889647288379;2.13426881380783;2.05021138672816;0.657701007225153;52;52
4.33457072907843;-3.14591802595429;1.91826370669478;1.75146977503677;0.811094965040626;67;67
4.48596912571517;-3.53593291061767;1.76055310909803;1.55119639056086;0.857642829293866;57;57
4.61084120153941;-2.48507915049746;1.59561428291808;1.51769740093995;0.528896246011937;62;62
4.00225025979881;-2.87205110899599;1.94075583012095;1.86963849337733;0.573798075251385;60;60
5.28702276379102;-3.71505480829294;1.72177935111709;1.66666200910801;0.479058123003319;65;65
4.33677654268301;-3.08207327279833;1.80524154289733;1.70712527167171;0.63133859531385;54;54
4.3523690985472;-4.98580469611791;1.98402004219803;1.90768096132163;0.586298461528088;78;78
4.90656792662845;-3.00347899947087;2.05142539114529;1.78192317167966;1.03912982894275;68;68
3.17627224630033;-4.22889647288379;1.67909485483183;1.68018759559588;0.220471120697718;54;54
4.57974973122602;-3.72170804977137;1.75647970912076;1.55218680758677;0.846222083341;60;60
5.58019156926588;-4.64752228726288;2.13430653014769;1.99643359512016;0.797462465095004;60;60
5.75152986736294;-2.85013227022244;1.92269625768875;1.77769383684663;0.772134605911665;53;53
5.88962877626908;-3.96586588013685;2.08424431426059;1.98832439317479;0.666382211170683;74;74
4.89228930326822;-3.05103819307521;1.71247498916089;1.58133933129991;0.685025112322641;67;67
6.16469339656423;-3.11270823193371;1.78253305298902;1.67021389433172;0.656808463712923;64;64
4.91090072878232;-3.81484162318451;2.03041895404763;1.8358898581351;0.894193083188976;71;71
4.57974973122602;-2.12827255480205;1.84332926164435;1.6797207036996;0.790599149243196;58;58
5.42850278116025;-3.05298805495177;1.77237735645051;1.71183469067533;0.507402623265868;63;63
6.16469339656423;-3.511543405099;1.89711809435753;1.789916562647;0.65940038306412;81;81
5.89147297611464;-2.48507915049746;1.90721041391539;1.72679411612138;0.841395411536286;57;57
3.69080704949185;-2.48507915049746;1.70830807365724;1.56888765386485;0.710100543832248;52;52
4.51086548817876;-2.8408551007188;1.77636877895087;1.59063070042626;0.813663454356753;69;69
4.34074735741909;-3.46223213965454;1.88838039210272;1.77011759295659;0.699738236433536;55;55
4.27857717219041;-3.41723532180839;1.80761361375857;1.82145361237285;0.00646485474338193;66;66
4.00225025979881;-4.33165900676455;1.89410568578911;1.89634611670107;0.226811003224121;60;60
6.16469339656423;-3.01008356124941;1.82683813556693;1.775195425902;0.485034153096996;64;64
5.16541441726611;-2.8654269291023;1.78867470827559;1.70764301339978;0.571695378201245;67;67
4.36880622778314;-2.86056780609129;1.70458342608945;1.53557645457928;0.763415721988202;67;67
4.88363622013501;-3.40101907252221;1.73157388268462;1.72757400653629;0.232738921706222;74;74
4.93280552575964;-3.69584474372615;1.75915849300612;1.72544940309049;0.416696635722916;53;53
4.31155918101531;-5.14281312728795;1.68114176364555;1.62614574210067;0.467562549720388;72;72
4.76411728541356;-5.31056222906073;2.06468007955684;1.92283316207897;0.789548337261129;64;64
5.68891389281043;-3.62801408340882;1.94195145496929;1.7850015121597;0.800527222500551;57;57
4.61043606872696;-5.58334390292143;2.09097049305058;2.03047078156418;0.553721301894876;72;72
4.31146840654981;-3.39447194200335;1.75662525432755;1.61287398762917;0.724148289860939;65;65
4.6968061508933;-2.84969091889772;1.59840749815136;1.59224500127896;0.250265110990623;59;59
4.00225025979881;-3.73257519069897;1.73612271438571;1.62747432297392;0.638881784396279;62;62
3.42313159389058;-3.41712332268968;1.655918404746;1.47723683619099;0.770000755673379;66;66
5.35076227167599;-2.99121307980053;1.90256313533571;1.88622213708141;0.355809532657644;55;55
4.32006854816687;-2.48507915049746;1.59916503058311;1.55645287788378;0.412806133654739;68;68
4.31063399448687;-5.70498674654108;2.04038672140843;2.05028163812836;0.185979680238246;56;56
4.97444287088923;-3.41269975957881;1.99741637655799;1.85141054356814;0.788067140827611;58;58
5.79355811908343;-3.68987634050675;2.24589805104183;2.05885182158212;0.932952640664017;65;65
5.11069194123994;-3.12104770151896;1.85503222043937;1.75972093757953;0.626232412305944;65;65
4.69312461901354;-3.06256873845588;2.04172326851788;1.81857710795484;0.962423353573673;51;51
4.00225025979881;-3.45235012153986;1.78106521418187;1.6708456032857;0.647910748479195;71;71
4.3327986910504;-3.00290752715003;1.68045277195353;1.61209001698961;0.513132971290279;68;68
4.40783795588388;-2.48507915049746;1.76142083470076;1.55026110155355;0.856237877733631;71;71
4.88363622013501;-3.69462553142802;1.73301570908245;1.63018309241685;0.619524636124187;70;70
5.17660757128248;-4.32954581411106;1.95626465786202;1.87958518098623;0.59675004489302;57;57
5.37513229198936;-4.3237882831059;1.95837523643573;1.91204556995766;0.490150258713143;60;60
4.3423249703429;-3.52767639373483;1.87896667947076;1.7492269363005;0.719579512760663;65;65
3.28830739640548;-3.70697056818904;1.51893072682001;1.50637803333267;0.272019155320622;63;63
5.10643668833254;-5.28487786457767;2.03263194533253;1.91839725344545;0.712113710601301;66;66
5.72081966801823;-2.90763962967317;1.79047508776036;1.70816102681219;0.576954412378479;65;65
4.72163390576224;-4.29541845779199;2.00828891408672;1.97262211008196;0.447285761233733;67;67
5.07207520091522;-2.93893580122182;1.98551226934475;1.95135795437568;0.455727975500507;52;52
5.82718289744566;-5.02609215776819;1.98836699695677;1.87744673526546;0.689330182388;76;76
5.55179526878646;-3.49854890763006;2.13656458661247;1.98708453507848;0.823467469336313;64;64
5.41486844847422;-3.29542192923812;1.83055791830947;1.72254265098126;0.660888784993118;56;56
4.00225025979881;-4.64752228726288;1.80353209305559;1.73524502022041;0.538719278295792;62;62
4.65647956245442;-3.16519442347947;1.81740995314701;1.74118850630103;0.56140871628537;69;69
4.32701108291919;-4.92901566603862;2.0164171868922;1.98896569023664;0.419388638303463;60;60
4.871608992455;-3.22370104885308;1.92555766909338;1.75679291588333;0.820829774710016;59;59
5.88286367510711;-2.8627072193667;1.97540445531021;1.82123801983818;0.80037281057252;60;60
5.4833166593391;-4.11577319344188;2.34258794167982;2.2206451452914;0.793077552386266;68;68
4.63140823765405;-3.57709713896335;1.86369455856307;1.78020506102146;0.591185787119764;70;70
3.25220174700255;-4.05026617298979;1.57086887470039;1.56557610639303;0.221992921491884;75;75
5.49045524599644;-2.12405187958246;1.83762930931746;1.60832895108906;0.914522240354663;56;56
4.4248496610178;-5.46892661881307;1.7518096059831;1.74370736886519;0.294606444521603;52;52
5.86584226904083;-4.11194895259311;1.78315945686216;1.73674951447574;0.462201709753528;60;60
5.32145343222721;-3.75856891681614;1.88115638331417;1.84121895406861;0.459827679611186;54;54
5.52025784275432;-3.42845753025456;1.93215287799432;1.85443818569855;0.588539655246594;66;66
4.81340648215273;-2.48507915049746;1.60674754496048;1.52245411161451;0.553095090320645;55;55
4.29025726556003;-4.98468837454832;1.85796901003128;1.75286637528677;0.655650691683088;61;61
5.09231463011019;-2.48507915049746;1.59401131065333;1.54216492010788;0.447604487306991;63;63
5.09793571236154;-2.79066913251698;1.83200604706702;1.66337262220562;0.793433267398391;69;69
6.16469339656423;-3.68987634050675;1.98190088754931;1.95237672017786;0.421469465339125;62;62
4.52590615932867;-3.75891624402328;1.84045659263593;1.76629921300077;0.560385520261432;67;67
4.36668918051443;-3.82352880084782;1.94726373361853;1.8192009376145;0.740630702764101;50;50
4.58330556007498;-2.48507915049746;1.62390711607766;1.52677150509104;0.593854963324274;50;50
4.63126169055477;-3.46051248213936;1.76221070132424;1.73095111709205;0.393181422623001;66;66
5.72621314789653;-3.30868871301244;2.00284850142824;1.93899381164116;0.554815283415378;67;67
4.96737695839922;-4.15813787152775;1.94774135333518;1.8470911482887;0.669000122444117;52;52
4.40952077034777;-4.20849022125167;1.98802623937143;1.867050951227;0.717959584419462;71;71
5.54058982942189;-5.04604906453709;2.2578112345254;2.11684110249259;0.82739924051308;66;66
3.74229172091295;-3.3838608413531;1.75067807369206;1.67851372059689;0.549223394000165;52;52
5.72081966801823;-4.64752228726288;1.81001438817455;1.74565298325963;0.525796422312209;64;64
4.74347453795215;-3.64994840085909;1.87945237184904;1.78041031645378;0.648162138332152;55;55
5.24831351579197;-5.3108798057498;1.97554600898765;1.98267462633738;0.217668298219135;52;52
4.28835664873684;-3.08739227638424;1.73140888464782;1.67809782111246;0.469403812868929;73;73
4.31865732208844;-3.79587006549585;2.03006346808412;1.9154777914125;0.718659797116807;57;57
3.70666734324751;-3.65765927824612;1.60456137324849;1.56209791146793;0.416922740706838;62;62
5.15905026288529;-5.0933622458051;1.82206363476959;1.81774421841321;0.257983720594221;65;65
5.60958700441825;-4.20849022125167;1.96623729038073;1.74414430538715;0.942032666115125;48;48
3.29192336124717;-4.00093438739457;1.77921744318746;1.71112412634452;0.541214554778609;53;53
4.00225025979881;-3.09769602347276;1.61981247218617;1.54703772293473;0.519957200934067;60;60
4.48976476415362;-4.07117811279566;2.06973038405849;1.98594356580879;0.639534600044462;57;57
4.00225025979881;-2.48507915049746;1.50102391941129;1.47469114557077;0.341338114735683;57;57
4.90492952048921;-4.24981109418351;2.01612113341238;2.01331737612465;0.266283833887068;68;68
5.61232189799045;-3.31493687199184;1.73113320567446;1.73928016909882;0.176188158902196;51;51
4.50469381430825;-5.16955794357156;1.76686685383838;1.7286834798716;0.419000350801817;71;71
5.58689172489511;-4.38100291932658;1.77044726131288;1.74920465237635;0.340755212851782;74;74
6.79458415696666;-2.48507915049746;2.11965261279779;1.93802530378929;0.899563658759921;52;52
5.49045524599644;-3.43283901250899;1.9180021334732;1.78868616156823;0.729234633015351;61;61
4.00225025979881;-3.02571232108706;1.50628900818273;1.50318099962949;0.221347557679593;57;57
4.00225025979881;-3.98656245975937;1.75236358772076;1.75529538057579;0.244418501709122;44;44
5.60411840722359;-3.34020843369823;1.75610156867343;1.62800125538491;0.68737248080451;68;68
4.62924496139007;-4.21080983741652;1.82039013075491;1.79101029834272;0.388949179937602;71;71
3.3960818643323;-2.48507915049746;1.55056270786245;1.49014032610168;0.471180767799398;58;58
4.61147805967841;-3.79651804542067;2.07585243077569;2.01506544053725;0.565606956365944;57;57
4.00225025979881;-4.21870152609049;1.89283258513292;1.72532012746489;0.806139620382316;68;68
4.97981452424211;-3.71598695833701;2.08514769663029;2.01237860176054;0.605649828251744;59;59
4.50902923327546;-3.5883306567116;2.07901567373431;2.02911888584033;0.526513497971602;57;57
4.88502170628794;-3.89080586110073;1.8544895253266;1.80535422451541;0.478759768183058;66;66
4.55870352514716;-3.49728711557694;1.89919258318459;1.80952828177076;0.622184117072464;60;60
3.37088113585988;-3.01512910706852;1.70853146536493;1.42950894709135;0.955373439007387;55;55
6.4625507213214;-4.33270048839988;2.29949435838477;2.17648658111706;0.78889455285105;66;66
5.84327785050469;-4.1484195664919;2.03083101240107;1.91729870273778;0.724447605869452;48;48
6.16469339656423;-4.0424634564273;1.96845882042868;1.83679663901117;0.741555260318265;69;69
3.55322628971813;-3.654675545055;1.60145604753513;1.55884805984836;0.420179575451349;58;58
3.64899697533488;-3.32831911483447;1.79985086002746;1.71166083761959;0.611041100284303;46;46
4.87187263475341;-2.48507915049746;2.0248683148378;1.97589131074422;0.524996837294518;49;49
4.56010013503206;-3.65179234186812;1.76502063475034;1.73085495599585;0.40515833203998;67;67
4.00225025979881;-3.05786940802594;1.880653252221;1.74886618793375;0.731411792864639;54;54
4.53399935361981;-3.10696764195729;2.02300191454111;1.93330945390276;0.646685319488783;59;59
4.00225025979881;-3.4262274501237;1.65407057455157;1.62735253031451;0.359238812221558;64;64
3.24491975866506;-3.91410922005522;1.64310791760028;1.47867080208057;0.748235838273583;47;47
4.00225025979881;-3.69554880604625;1.75398276073977;1.72940677954369;0.366930521752571;61;61
5.13297754577582;-3.64321244920156;1.95273335976989;1.75322486358141;0.882483887296603;78;78
4.00225025979881;-2.48507915049746;1.79588012424186;1.63082701193457;0.785962870327717;51;51
4.00225025979881;-3.50017120780608;1.82503272446563;1.77264383703096;0.496657212492418;54;54
4.93921027031139;-3.52523154132644;1.68334034951106;1.63166156786383;0.460058076841385;66;66
5.88289403373649;-2.83380146659379;1.76249261413325;1.68124787755242;0.578051359492197;52;52
3.68354760706448;-3.12578906237744;1.57048354349202;1.54166467804496;0.358680034846515;61;61
5.13222912141965;-4.37307971510061;2.19795737818028;2.10265939788705;0.705877909871729;50;50
4.00225025979881;-3.10851766692454;1.80535916512474;1.77511078540969;0.417072690565298;48;48
2.72594087902341;-3.13364115770452;1.62639772905986;1.55611718402204;0.519842479652988;52;52
4.68758152841191;-4.95631854534213;1.84117878581138;1.75503973832457;0.597029310049613;66;66
4.94269136992708;-3.79371916782305;1.84044734490427;1.794528785705;0.464441384256254;66;66
4.33984488788932;-3.07595966680404;1.726800258275;1.58613995319119;0.710425513960707;65;65
4.61774261425236;-4.19590792892289;1.68613743204883;1.648451002802;0.402976707986939;74;74
5.50385452105016;-2.12162817375274;1.86649153005098;1.51704159742573;1.10679457153806;54;54
5.26552916471225;-3.0296167982856;2.14199596696259;1.99442864465768;0.818944428433614;66;66
5.76698220342762;-2.75334571439342;1.7476555184632;1.68349196080747;0.510531504833202;70;70
4.00225025979881;-4.05189718792066;1.92709027715784;1.86510120793719;0.560476198027191;44;44
5.35703181368999;-3.45089003208033;1.79118325487371;1.67285980937075;0.675095477114682;61;61
7.56263898262065;-4.99626065082378;2.11761438597019;1.94680593341277;0.870905010629928;59;59
5.27351012663415;-3.1890869749834;1.98405005648246;1.83025625185747;0.812058645197501;46;46
6.58673064678309;-3.54059726171097;2.17056921506747;2.05797791408628;0.741026026832528;58;58
4.33210228442381;-2.02258342947298;1.74303078305769;1.64550056695803;0.669484181613048;23;23
3.67434009166331;-1.74362714845184;1.91297898533015;1.70794882687263;0.938780279082985;21;21
4.61848389209858;-3.89942524001927;2.0248739553038;2.0057695790019;0.501917151177794;23;23
5.25672898332164;-3.64922329514485;2.07213834082395;1.99658152894856;0.608034563101636;64;64
4.57256660098734;-3.78183333031643;1.84544091486409;1.71162218013406;0.720921500169764;67;67
6.16469339656423;-3.05761620647905;2.32254413419862;2.25056458915657;0.649046946941665;55;55
5.43187532941484;-4.00176031486225;1.91945536962756;1.81928691847405;0.647953561066445;73;73
5.2161581572538;-4.64752228726288;1.76261848670198;1.72639137491409;0.417693854880355;62;62
5.3717318987161;-3.41921818975075;1.96436900851262;1.97541894012598;0.0921738165090208;75;75
5.31442701554817;-3.20446279651813;1.68511404362341;1.46313211809973;0.853572762920233;72;72
4.6056224624242;-4.64752228726288;1.90699546979279;1.74887865591707;0.793115026067009;60;60
4.00225025979881;-2.80494970258897;1.63870705683165;1.51264197825599;0.660345499120511;59;59
4.00225025979881;-3.33821775257869;1.64580212562836;1.65786787830981;0.0867589327438923;58;58
5.10516211672629;-4.92901566603862;1.84653504048242;1.72529971544762;0.695955642527957;58;58
4.30867074202665;-4.07416649628681;1.96039111445907;1.93718291786739;0.398354323727545;55;55
3.46040087785799;-4.28327324867533;1.75533418084665;1.70218896271673;0.485274099228884;56;56
4.52859062676985;-5.01081583701618;1.71809993767907;1.69585951102269;0.343833015270971;68;68
5.26552916471225;-4.32239146423998;1.98753831955459;1.89409229779996;0.647131334909627;64;64
6.16469339656423;-2.90956465503357;1.85097892478537;1.65677091997547;0.847840981536989;73;73
5.34070503462032;-1.84745953060918;1.68517398588987;1.50038250879387;0.821733711625179;26;26
4.56010013503206;-2.9563446158652;1.48669655235844;1.4948419631825;0.213410190404528;32;32
4.8706124513562;-3.69554880604625;1.97698079177747;1.9095770009888;0.60271051055873;36;36
5.38419511845368;-1.30207461347388;1.68416102462402;1.44238760789378;0.896827546436831;43;43
4.52859062676985;-3.68987634050675;1.80146202449976;1.73266682194156;0.537882693196316;65;65
6.16469339656423;-2.48507915049746;1.86103201783558;1.68720469768009;0.820120318147779;51;51
3.5854572525654;-4.64752228726288;1.7392842165708;1.70659334131283;0.451290543240354;32;32
4.73523995749438;-2.48507915049746;1.79723051309876;1.6566044589888;0.733808504212877;52;52
3.34431466350192;-2.78879639013351;1.53877614491397;1.49636356620732;0.409063982676055;58;58
4.00225025979881;-3.4082379274689;1.720997057336;1.63024076553304;0.59687300779308;51;51
4.00225025979881;-2.80279498023716;1.69052455893308;1.65536201100192;0.401429329038671;63;63
4.85605337923864;-3.99654872116946;2.06742039343724;2.07087355074615;0.239134079001518;60;60
3.37510856652989;-3.13960351037662;1.65881650739957;1.56701740334899;0.592196164373099;45;45
4.33277375453702;-4.38835378743202;2.14045477578897;2.09397771144435;0.514063780571577;65;65
4.80095379080018;-3.23963159314569;1.89424621737695;1.79782684864117;0.638194187269401;63;63
4.28390539297857;-3.68987634050675;1.82552589389318;1.83401833151133;0.141016089310981;66;66
3.63796956570894;-3.09037437544793;1.58128336458339;1.57021819773392;0.270918178023612;64;64
4.00225025979881;-3.00379677260554;1.57035609564675;1.48838837925446;0.549760769362944;43;43
4.61847879733466;-3.89914415040969;1.77251292954246;1.71859682892041;0.478799436986355;72;72
5.06893014874013;-3.45708077754426;2.06650694570313;1.98121774102178;0.634125003324261;69;69
4.32614045709486;-3.39089163833395;1.82251935020838;1.74993715196483;0.557076966544409;60;60
4.00225025979881;-3.09974470492603;1.686797454625;1.67634147913842;0.281199279944432;64;64
4.50144100090464;-4.64752228726288;2.09461611310568;1.99555451977782;0.697458944960183;49;49
8.32713653332965;-3.52530636162758;2.27810549608584;2.1979413582261;0.659924331295222;63;63
4.75865598360853;-3.33507886228152;2.15369213151144;2.08279204341082;0.674756610373143;28;28
4.00225025979881;-2.48507915049746;1.67710282671352;1.58980470880658;0.587684397397621;42;42
4.72088151099555;-2.94501139464955;1.77273256866006;1.71808049427365;0.512616144302171;41;41
4.85679917281506;-3.05103819307521;1.86577446960007;1.79058873277468;0.572247453921813;61;61
5.47486410365907;-3.54059726171097;1.92328309864195;1.82911869355539;0.635041835693798;67;67
4.68320908935198;-2.48507915049746;1.91669578588323;1.81082018972668;0.680416732175315;48;48
5.82450892456103;-3.83086449106956;2.23565746538826;2.10112111583214;0.814691237627385;55;55
4.61043606872696;-4.00239988557609;1.75943134966483;1.77839851382203;0.160990763473737;34;34
5.44167156720108;-3.05103819307521;1.84071468689432;1.68732094716559;0.768287500149817;58;58
3.70370762776303;-2.96849405302688;1.71432154357596;1.6663108193246;0.454290097885793;63;63
5.60411840722359;-2.82958355655205;1.7846015250585;1.77437163191263;0.323807470405529;46;46
4.00225025979881;-3.44552992769087;1.83130873486619;1.80705490192815;0.452622785448203;28;28
5.1478523921712;-1.91758907961952;1.83720555598365;1.69144830585359;0.743988325429629;73;73
4.47667076761914;-3.37670029360052;1.90249838795182;1.75463673622433;0.770604916877162;58;58
4.87051957191201;-4.28648065893364;1.91802603200694;1.85018709562728;0.568113534479273;51;51
5.21698410332429;-3.57624868871026;2.32695812735416;2.24040522459771;0.71194179838388;45;45
3.54263277581421;-1.98158654083685;1.50726712843533;1.36056374729085;0.687125073669396;36;36
4.61774261425236;-4.14862799200828;1.95079887758814;1.77687713981772;0.832341755177632;71;71
4.6001650251368;-2.78186802785495;1.92984345659531;1.79710591869918;0.738897430122783;63;63
4.00225025979881;-1.99966911127689;1.45871343142346;1.39656732847768;0.458805192099722;59;59
4.36116118502834;-3.30067643455991;1.83061720742586;1.75842464679589;0.554450643443867;64;64
4.31155918101531;-3.00858912494852;1.8857205467906;1.84447945478037;0.459891627368725;59;59
5.79759928996314;-5.57031199212513;2.13861095766485;1.98805170396125;0.837834975447227;49;49
4.82722923118043;-3.34594731404846;1.89886840762872;1.85462560126821;0.492444379450874;45;45
4.37763559021709;-3.84964365862889;2.1577463434871;2.10507180297763;0.602512211603071;32;32
4.37444906426656;-3.35763405165237;1.85320198514502;1.7248094876187;0.724913942494749;45;45
4.38694762984461;-3.81402674498034;1.70636233862012;1.68335145276473;0.353875946759269;60;60
5.825287815958;-2.80074381568178;1.77280033260128;1.61064020179212;0.767589042847114;64;64
4.38788134973627;-3.48435812979558;1.60232320900414;1.58350833797372;0.334933672573187;48;48
4.48781206434794;-3.56014668473106;2.05031424511783;1.87590422135829;0.856532011801906;72;72
4.00225025979881;-3.95371928376625;1.54386770117579;1.49875247115208;0.415840610368501;63;63
4.00225025979881;-3.20446279651813;1.75016185999691;1.72685110661472;0.372019124728766;52;52
4.37739286794384;-4.64752228726288;1.82078901972673;1.76044021440692;0.510918897284838;69;69
5.30549911120581;-3.74313966654354;1.95418940436561;1.93979098511581;0.340285134510284;63;63
4.3050634775155;-3.19248217246522;1.99084213325291;1.90289039594378;0.636310800379961;58;58
5.53890672297985;-4.10804852347894;2.03793581692982;1.91577594530727;0.740624170473754;56;56
4.30867074202665;-2.89666415764166;1.62200946023871;1.59883602030967;0.340394384980302;62;62
4.89298869418506;-4.64752228726288;1.79441947996804;1.76540122890042;0.40853971610695;49;49
4.34844338816678;-3.29047011395574;1.80677835542586;1.69932428418634;0.651823125183269;60;60
5.03626560979559;-1.99196875998532;1.82354732979307;1.71417861713783;0.68135384902494;38;38
4.30516701836907;-2.97111240169948;1.78337566559891;1.67924078240731;0.63359809416892;69;69
5.37042838773122;-4.34393354708819;1.99886189382207;1.97470001949248;0.387514638173138;72;72
4.00225025979881;-5.003282658982;1.85484718150207;1.71863247358262;0.730008227453123;64;64
4.00225025979881;-4.64752228726288;1.98365137047411;1.89795991203073;0.627436090475695;59;59
5.00218596554447;-3.01259198561683;1.59868701573228;1.51804258225725;0.537136383090899;62;62
4.42467678064947;-3.86578118354388;1.89749481843302;1.81241878503153;0.62339527083294;45;45
4.37709980591382;-3.68987634050675;1.69296519382597;1.70249348985385;0.110630589471278;65;65
5.16774351639572;-5.24838288598704;1.84892700899651;1.79407678969484;0.499337757591919;65;65
5.76542543926593;-3.35489694514799;1.80985587505021;1.71754111522203;0.621155226833126;49;49
4.00225025979881;-2.86827142495086;1.76151091054088;1.73070446834304;0.406430048380131;52;52
5.29179562646404;-3.22531732664358;1.89080255539811;1.75468948995277;0.737270188797899;65;65
4.78255206357762;-2.93296192998042;1.72741048239414;1.68705262965649;0.43537170211662;55;55
4.58774721054791;-4.32786543358065;1.67054545352113;1.6536996976705;0.319922887958616;59;59
4.27380094595893;-2.84298866601713;1.59215781407228;1.56021800057253;0.37409741996172;62;62
6.16469339656423;-4.05806540476077;2.07522355125944;1.96956517177098;0.704724781505107;56;56
2.60282234008157;-3.1890869749834;1.33522908469761;1.29355518001242;0.383061112721719;45;45
5.74362143645265;-3.81829313363998;2.13054842248335;2.00273693615918;0.764704957712452;71;71
5.27852790728355;-1.88716438515946;1.64072140257348;1.49754089793447;0.698572825589397;58;58
4.61147805967841;-3.38251295318181;1.80269543615838;1.75094211812087;0.492818621981226;52;52
5.07352385835143;-2.90218495819325;1.71183780648739;1.6443940481902;0.516445131030603;67;67
3.66229379633939;-4.64752228726288;1.67556298458418;1.66410555495436;0.304241653799628;51;51
3.22825557380676;-3.14418366919121;1.33880719734328;1.32841610837977;0.255464159363318;47;47
4.90656792662845;-4.37389333667114;1.90721899370393;1.90737927003952;0.223422731234112;72;72
4.86938985552306;-2.83457615152499;1.9525673423043;1.8461032606856;0.690604579008311;47;47
4.00225025979881;-3.12436684232875;1.76463455679153;1.69120509919005;0.545065511301575;66;66
4.8477473972742;-4.1316627205577;1.70676522219786;1.66145582727575;0.433592269300861;78;78
4.00225025979881;-3.31674915595309;1.73752542236875;1.70806582346161;0.413484892724597;42;42
4.34708639853129;-5.74722540609261;1.98415198359209;1.94919087843155;0.460446496126946;51;51
6.54576586549704;-4.08611645256038;2.1513180422949;2.05343814665907;0.687510989758074;69;69
4.00225025979881;-4.35817236875014;1.81263193545311;1.74746025173983;0.547608769957253;45;45
5.10099319404618;-3.36507125267536;1.84816829941579;1.83761878373909;0.305529826654029;62;62
6.79458415696666;-3.1859309498449;1.91909729152135;1.87117736403095;0.481298582617219;70;70
3.67369466015076;-2.82506391047988;1.53001555214659;1.50845940050846;0.351912904772777;39;39
5.2153649774733;-3.42845753025456;1.80294408645156;1.73082505800115;0.559993124120407;51;51
4.00225025979881;-5.29704853257442;1.83043361257249;1.81286993010574;0.333076251292072;70;70
5.33004120858988;-2.48507915049746;1.60242551457223;1.57630767607848;0.364302838146251;50;50
4.00225025979881;-4.18361054086581;1.85364465849383;1.74556841888135;0.674706412698322;46;46
6.16469339656423;-3.69981299402294;1.83323347989457;1.82198208309356;0.318563941039835;55;55
6.51940042641678;-3.37670029360052;2.08153251327589;1.9591200412723;0.747392438177628;60;60
4.73506832689096;-2.16666355475118;1.61952832216322;1.48910700112089;0.665123787863079;60;60
3.1752650704657;-3.0142252624768;1.64432043869705;1.61077524950438;0.404038244323838;48;48
5.07882514726096;-3.57981387425388;1.85307019510532;1.8160748454415;0.441176204954581;56;56
4.33583413402317;-4.64752228726288;1.81183280190972;1.79479081963052;0.33677893267676;62;62
4.00225025979881;-5.22655119562067;1.66052956681125;1.66679726861343;0.1595269878154;60;60
5.72355128709646;-4.31212386348485;2.07412460430738;1.97099499662646;0.710959204258268;44;44
5.19210155392832;-3.40398494061183;1.94599082953707;1.92599281504322;0.36556223481513;66;66
4.31707205866181;-3.02560207967564;1.73832394550113;1.60392679393158;0.696722697118363;71;71
5.25840419376109;-2.05049698372814;1.93747985840752;1.71700034521806;0.928096093827637;53;53
6.51231225306883;-4.07603314244594;2.21861199306551;2.11755697576267;0.738210448973063;42;42
4.52590615932867;-2.93450298129904;1.67922484134176;1.54616618017602;0.683022549093658;64;64
