3.69066646258488;-3.75730570151923;1.74199471342587;1.74912315214884;0.187356982979652;51;51
3.21031004907951;-4.00845080041993;1.65992000343171;1.66747932107668;0.113736531109747;73;73
4.4833980505089;-5.44892375965206;1.79855973867601;1.78521483879395;0.305538165167718;70;70
3.40561403013735;-3.37505785841386;1.7463286238075;1.75820538218522;0.0123139661345286;74;74
3.17573117441346;-2.45975759564358;1.43960587722197;1.38233349317143;0.444604196288408;53;53
3.71596333405499;-3.05538443381837;1.70179408702162;1.67205277523033;0.396735387704752;49;49
3.53851963122378;-3.26766897320732;1.90869936362986;1.92696462758643;-0.000907700923044372;53;53
4.26262286044283;-3.63344974694814;1.83447917773205;1.81668911599522;0.331910999112637;73;73
3.97845800342897;-3.07675942007486;1.65687863981597;1.61523095198496;0.417237310353026;69;69
3.97845800342897;-3.90805134844892;1.62463283112677;1.62665039627786;0.166744866158308;77;77
3.35441069585817;-3.54246744305913;1.58353741761183;1.50632337483262;0.51231334196214;95;95
5.35063263000402;-2.78805824947332;1.55448580361278;1.4700208294766;0.534697062203129;71;71
4.2361583104651;-4.3693833826378;1.82916884141372;1.82856989539966;0.223511681540222;70;70
4.30462452135805;-2.716386487192;1.58914345872424;1.52772323898645;0.468570566681284;83;83
2.81873179578731;-4.05256528917311;1.52444754860078;1.54291825024501;-0.00494731712547511;42;42
4.50640729868937;-3.13437583295881;1.68774959057547;1.66789847668075;0.322810156212031;74;74
4.35922296443809;-5.64125972523688;1.73122501823355;1.68114737356611;0.451811518757366;85;85
2.68688222983713;-3.506736205194;1.4934307686901;1.44327083747935;-0.424698398961922;63;63
4.20728937048878;-3.13551262459726;1.73898657000661;1.75488701921721;0.120155716189618;44;44
3.97845800342897;-4.15101270334;1.67342798942553;1.65896274823664;0.295838418806856;70;70
3.97845800342897;-4.37780644655676;1.80732213491245;1.74574947862419;0.508283202180603;77;77
3.66444545882974;-3.08673630588209;1.83280702254942;1.83459469783249;0.20899465953822;67;67
3.45301743014555;-5.33608861616766;1.74119299595205;1.75261268374246;0.114286192154244;58;58
3.73287890899237;-2.79682183384652;1.40887024526813;1.41998680202627;0.0236348117385359;63;63
3.97845800342897;-2.78612892505676;1.76887090521255;1.6393142844203;0.690930030594801;75;75
4.56027935878364;-2.9848645480219;1.94491899254056;1.85184504726652;0.635461354569954;68;68
3.97845800342897;-3.00283725388422;1.37496997978231;1.29633221313799;0.498254856749704;44;44
3.71426821734414;-3.63334479470451;1.70322944469725;1.66369718474042;0.42159883634923;62;62
3.6961195605951;-3.55608640457969;1.62981491341477;1.58586281161688;0.424296476789819;65;65
4.32143323928816;-3.35586517277113;1.80333562739472;1.74322206531181;0.507823583595442;68;68
2.90311663539541;-3.90376164531574;1.45292323136541;1.3656351057038;0.520796338532303;74;74
3.7284638277508;-3.77970208087891;1.73498159197677;1.73439733679532;-0.20147661077893;78;78
3.73474361726633;-4.3514709771353;1.81352857511369;1.80678012386361;0.308865467660058;46;46
3.70839550605624;-3.37340609477332;1.71090445425325;1.65223745702697;0.485545644192996;71;71
3.53262420529857;-3.06728387469249;1.49576524761723;1.50412140132623;0.0393539749594254;85;85
3.50594167108197;-3.95265853827895;1.63717725258371;1.652718299986;0.117926937066238;42;42
5.14929065119841;-3.06299028358288;1.75306860973435;1.73978839791393;0.312551843666971;59;59
4.24596170804146;-3.97675709278513;1.94816081361413;1.94684736231971;0.259327148519988;61;61
3.06791673685678;-2.92621447249617;1.51935804852892;1.53438145327677;0.0728247562683551;46;46
3.62344809711178;-3.20296011658859;1.54386894927636;1.55242459286161;0.0469036832300748;84;84
3.97845800342897;-4.36993039058182;1.782040112683;1.73311624317277;0.460460939016459;75;75
3.75168829167053;-3.36485935329185;1.72019566970068;1.70402980835051;0.330345428651809;54;54
4.43923541050566;-3.63785528028575;1.79881870859768;1.79332159623156;0.281606104192473;54;54
3.97845800342897;-4.06627758950858;1.62631492710033;1.60570617906615;0.310786183783718;86;86
4.65415220815744;-4.13255285617929;1.77543398157007;1.77783221295377;0.189723928704967;71;71
3.33557433331731;-2.45975759564358;1.497789107968;1.47883927288134;0.325745883250223;44;44
3.34940744489564;-3.78985979641721;1.69525864593135;1.68998964689226;0.239800833063889;72;72
3.51961877978585;-3.81010671667165;1.66882307113244;1.67522149295863;0.143141425357971;67;67
5.53407334922206;-3.84510139997342;1.84742091204497;1.84698033808382;0.224412641570592;70;70
3.97845800342897;-4.85244340382644;1.92989118062301;1.93886391876779;0.0726504754568356;94;94
3.31606802891792;-4.6058294620011;1.80700383926264;1.82027178474521;-0.0244912033206149;68;68
3.15741123549647;-3.78860280567788;1.57525103844594;1.41158463499993;0.72767394508281;49;49
3.73655998007034;-3.6183901808359;1.71943942397819;1.67878881391867;0.410420144341934;93;93
3.62344809711178;-3.31367298379846;1.68832729002878;1.6862870681446;0.217961707668572;70;70
4.47251875522032;-2.73721638089085;1.60571393675545;1.60738424997603;0.18063353628147;68;68
5.1934481316786;-4.6058294620011;1.75375469943508;1.74841983317701;0.241628985594782;77;77
4.22678966918222;-3.91479838464824;1.8139784015964;1.81721133704659;0.203771461069693;62;62
3.97845800342897;-2.71313486927877;1.65544123939393;1.57740508226435;0.534279883687767;75;75
3.18515700291425;-4.31649121871409;1.75431694591828;1.71823007425079;0.407131458212205;73;73
2.97952448530167;-4.6058294620011;1.75893273571639;1.76313133022531;0.233008571110433;45;45
3.72701838572637;-3.80824526946257;1.78846607925489;1.78466878979586;0.244393670844596;69;69
2.88010223195235;-5.35452881343423;1.80402764603055;1.81875269777721;-0.00264098543666007;62;62
3.07883516111783;-3.36074347252273;1.38780438775268;1.39252896693006;-0.146599931763456;56;56
3.97845800342897;-3.90903274225416;1.80448844672728;1.81157039544192;-0.128317780740842;78;78
4.20685718131748;-3.040384610685;1.76386304513424;1.77072821448796;0.118203104810274;82;82
3.06598957044522;-4.6058294620011;1.79810336361883;1.81317000075619;0.0195792102970651;60;60
3.75168829167053;-3.05672351799028;1.56206880479996;1.53461657457686;0.343103366922069;72;72
3.1845873119739;-3.86996159720742;1.72517789871566;1.70478671353277;0.325990437454974;80;80
3.97845800342897;-3.52813977210767;1.69751099147047;1.68978098062785;0.261102256623619;68;68
4.61943106240006;-5.55951896290143;1.99871591830289;1.99605382321497;0.251114609765078;76;76
2.96401903691995;-3.48157845690801;1.49037408976915;1.4960996274451;-0.100981907144045;82;82
2.6915983703587;-3.38038894509663;1.54085350390946;1.53941648844573;0.198182848818664;68;68
3.97845800342897;-4.1033708889109;1.79876865836595;1.80285551313027;0.185815696303514;66;66
2.86776136933335;-4.6058294620011;1.66827861715817;1.66271319116667;0.249842287539088;63;63
4.2118988393044;-3.00800353497033;1.76293442553254;1.72003551467304;0.440728613210384;66;66
3.68955929439224;-3.58057513688895;1.71984336141423;1.69491881018098;0.35058630009613;76;76
3.39743933942141;-4.37939642276872;1.73201866956795;1.74065555787295;-0.102006490937238;75;75
3.0447009765327;-2.21727763447163;1.46610564678736;1.45127638105042;0.278909579576776;61;61
3.68343437520896;-3.43074206965484;1.64768624886669;1.65930926871109;-0.0725673145719113;63;63
2.76140122787597;-4.92162430349824;1.56364899141456;1.56328107120989;-0.188602362118238;71;71
4.55435657676926;-4.87050109727595;1.85718990078081;1.84436116081795;0.324255497116747;59;59
4.63501283629853;-3.55422883489473;1.84433503065846;1.84723817660008;0.198654330596431;68;68
3.29663550279522;-4.24244024014854;1.82015298297375;1.81169780234707;0.27508229399202;73;73
4.2524796416379;-3.87252436298276;1.84756615064195;1.85749740028679;0.164616130012833;54;54
3.09569049897733;-3.53710209909069;1.556819239031;1.56789168372377;0.0320799046872932;69;69
3.75208874955074;-6.75190132835861;1.82564781378341;1.78604388750186;0.434290140020631;70;70
2.76689674705326;-1.75003405598189;1.47929368772882;1.38261915859983;0.599823869247886;23;23
4.96827010798242;-3.30804609512196;1.99169187653253;2.0033525199214;0.267314450549317;34;34
3.97845800342897;-4.6058294620011;1.85650849747201;1.85563610662579;0.227457306604047;71;71
3.71957618612347;-5.07613656204317;1.99549560061174;2.00664423209358;0.102668450185782;73;73
4.50311499679487;-3.79101089471599;1.75622252366416;1.72797826489378;0.373244598224666;73;73
4.96827010798242;-3.81545817786651;1.88594762732009;1.84751821928738;0.443630548075846;64;64
3.64358621639913;-2.90631270352511;1.77731635467908;1.77846965302009;0.24066123450338;51;51
3.33768042810466;-4.08341077257199;1.70067360533802;1.70575102960141;0.224430258602988;43;43
4.22863661397733;-5.79332660123148;1.76104126498984;1.66333075729985;0.603348804563459;94;94
2.90262798049984;-3.36827404700073;1.3456547170924;1.35325339598836;0.0826112667721219;67;67
5.14929065119841;-3.86452117853462;1.64775248765189;1.64024339080258;0.246093189474476;75;75
3.64395850915842;-3.44469073808689;1.54146116216172;1.51672650245786;0.324837383597858;77;77
3.73415719001412;-4.9908355763421;1.64913549076235;1.66400494791099;0.10454257264488;46;46
3.97845800342897;-3.70095507550732;1.5871806539653;1.56301398382866;0.328416127066437;77;77
3.31092188682602;-3.15562861639465;1.59028634689448;1.58289834570408;0.231583783079664;83;83
4.39237491982822;-3.355404701004;1.81176952785721;1.68307795295592;0.703879936485204;62;62
2.886368398866;-3.72806402416267;1.46216538429929;1.43402722417988;0.343824909643483;56;56
3.60219672985075;-4.29690274919288;1.75360928818236;1.73586975851847;0.309448524279705;89;89
2.91352411997497;-5.28362884506493;1.71207834910368;1.7259501646187;-0.114465109570309;49;49
3.02604838264068;-5.31599219115716;1.80135584493958;1.79918769694603;0.241631598759747;64;64
3.71703582357467;-3.18614536449269;1.6100886300965;1.55280480564884;0.456708510687134;88;88
4.488744452557;-2.74509431067013;1.63615226190017;1.56977351990993;0.506000696232711;57;57
3.10683106437353;-3.64468560216301;1.62421812738146;1.63341297653727;0.11133904146723;63;63
4.24648777420818;-4.6058294620011;1.67431286964009;1.67678593051243;0.162553918108263;81;81
3.97845800342897;-3.75861432634431;1.65981172692224;1.63380613766733;0.3559760852636;65;65
4.488744452557;-4.23274659844895;1.92230945410106;1.88230931647993;0.443885676951648;79;79
3.13744237193487;-3.61480539345524;1.57190356612395;1.56733399064314;0.215053588209833;77;77
3.97845800342897;-3.09156008455091;1.91020159642776;1.8390243920721;0.575039952765611;53;53
5.1934481316786;-4.6058294620011;1.88452125857669;1.87884742405153;0.283173430739586;60;60
4.24284491315122;-3.0810139253278;1.71203761867376;1.70574317146362;0.235255459178476;86;86
3.73396792799309;-6.12354625111552;1.93364231730214;1.90368817183433;0.417557494854113;61;61
3.00735207757303;-5.34359524593017;1.70245223018486;1.71032924953194;0.0844494625192185;86;86
3.62914911097952;-4.6058294620011;1.62015355732996;1.62821484592743;0.0681213486255332;86;86
4.32113255379197;-2.45975759564358;1.58866015651215;1.51642246017577;0.515138017686425;56;56
3.97845800342897;-4.35878526615933;1.83141735518202;1.83462440265589;-0.206229677840971;62;62
3.69738301768064;-4.11373265450501;1.86134957671972;1.84761823597128;0.316864189471882;69;69
3.13220741602753;-4.89962759377803;1.65175315329942;1.6466668567459;0.235611171822989;70;70
2.96630078822507;-3.33723753394699;1.5166405943001;1.51223647024046;0.204756659544243;80;80
3.45301743014555;-3.63344974694814;1.68634333394234;1.63389680045676;0.45463327161994;82;82
3.46719125009253;-2.89280872773026;1.68741573518817;1.67954432512553;0.272606061297693;59;59
4.28713455574544;-4.07934548650832;1.72245204844407;1.69329212027216;0.372666191507273;73;73
4.87491936596175;-3.99007240540832;1.76073615234307;1.73489577995184;0.352345172229365;89;89
3.74974198576719;-3.13565679744152;1.69912234819757;1.68360063564565;0.30690330817342;68;68
3.7612711216393;-3.60233835937456;1.57530000668605;1.585109428154;0.028335832923426;79;79
3.17208390248038;-2.74364471180624;1.45344148002789;1.4615155955977;0.0783029563335224;72;72
4.2035519713844;-3.3186937649942;1.61878347107645;1.61789247720205;0.20482225944111;67;67
3.72643308442687;-2.9800379683036;1.53529382998814;1.44355316743748;0.549748760094623;72;72
4.23701669440615;-3.1434076418066;1.66714828075255;1.64207499827401;0.357649635433284;60;60
4.2076052079193;-3.08876272939;1.59802997262311;1.53495856051661;0.48089557145876;70;70
4.34305541002428;-4.6058294620011;1.75703389362819;1.7428063298669;0.297884022739817;78;78
4.34039341180642;-3.6692950618126;1.73627971573582;1.73081477691728;0.240526321063937;77;77
4.24225361955199;-2.21325690599373;1.50273910449813;1.49474279626187;0.231012759018205;76;76
4.4784957562229;-2.938438448091;1.59970781788328;1.59188509885247;0.257894411660187;61;61
3.45316976692799;-2.8142449698688;1.62464220594071;1.63024977611098;0.163688638731408;59;59
4.32519691022464;-4.22660489739535;1.89327717338383;1.89201390147518;-0.242940285327702;66;66
5.00371232854112;-4.26689345487311;1.9501862400543;1.92372797255618;0.403936569460897;61;61
3.97845800342897;-5.04292620321763;1.79146936516759;1.77271032659268;0.322228482505023;85;85
3.72092437698676;-4.08367415637589;1.77035283247163;1.78256410006658;0.0119270351471633;73;73
3.97845800342897;-3.51496579123098;1.76756255848777;1.69955942686426;0.525793003892375;71;71
3.10205584800334;-3.61509650253083;1.68048244641783;1.68294115501371;0.181046999796183;69;69
4.22602469790395;-2.74509431067013;1.69082322857096;1.65982297031064;0.390133882789318;57;57
4.64268312468675;-3.04370324684144;1.95012370692168;1.91471410048169;0.452486114277823;54;54
4.22807152972355;-4.36646446554209;1.6112604126475;1.60253975146246;0.251408781529334;73;73
3.21718070325178;-3.07756044927696;1.54350000655609;1.50178309806681;0.401511897427516;66;66
5.16450777223997;-4.6058294620011;1.91423842408453;1.82308731437974;0.616626806760873;84;84
3.17977309489931;-3.64775094895051;1.72595884548798;1.73754813963087;0.0256649533658465;74;74
3.08126927624507;-4.09919537258314;1.92325642369432;1.90693342700136;0.358659240395586;55;55
3.97845800342897;-3.4544613924292;1.81419158710303;1.82722444474325;-0.0405116744865318;68;68
3.72149885877889;-4.6058294620011;1.75668924806642;1.75628722523491;-0.21036443851617;72;72
3.97845800342897;-4.37439436740311;1.690394379599;1.70068353574841;0.0909818225501554;67;67
3.97845800342897;-3.12518343409129;1.61944466446511;1.62671868728822;0.0846005927372074;86;86
3.03323597275886;-3.05454017651928;1.49085145325522;1.43540664642124;0.432515685243425;83;83
3.97845800342897;-3.42162036449554;1.59840972379722;1.61176989517142;-0.0722419421376561;54;54
4.97641242123847;-3.84804021651224;1.85195676062548;1.84413735071853;0.290951529338877;61;61
4.83171561888763;-4.95023922511359;1.62199368372971;1.62655517866503;0.1262755007407;86;86
3.33246683405536;-3.36275470035564;1.53759672638939;1.51952091015007;0.301300695107242;65;65
3.12513440399484;-2.08018550571605;1.40621435531941;1.37525271070209;0.354289846303886;48;48
5.43388961975708;-2.73007653301917;1.82839124832999;1.73966227783779;0.598851729883263;72;72
2.96601770084532;-2.757227268318;1.59330063332997;1.52866333507455;0.482651845600702;75;75
3.64756920816402;-3.26527243403196;1.76052618107212;1.73581138677594;0.358132737701479;72;72
4.35384937092475;-3.12135954022163;1.70861387410223;1.61003926059592;0.597153304044252;88;88
4.74258338117253;-3.47321663689735;1.75528749893271;1.71645223379355;0.422846533377216;67;67
3.97845800342897;-2.93603273564757;1.74352387888179;1.66804590461182;0.555899162554998;54;54
3.54183023284622;-3.06094031016153;1.68319575518347;1.69011394662893;0.109215596301234;81;81
3.70700351943311;-3.06484115566421;1.8499010726525;1.82164619459535;0.407860691975037;53;53
5.3541883981848;-2.78687034534227;1.80189270433111;1.75075785679284;0.479121343260085;64;64
4.54859843408024;-4.6058294620011;1.96753539041935;1.95612950372611;0.331070743385817;59;59
4.34396244953949;-4.33359493988809;1.77929275938502;1.73593179760539;0.442828227970706;69;69
3.43541403461132;-2.7316200568796;1.61535858477891;1.46322756650086;0.704908205515074;75;75
3.97845800342897;-3.89821949865387;1.70902276699305;1.70544813671521;0.229351357832173;72;72
5.90123163392769;-4.06753336050842;1.81698844972145;1.81236003504893;0.255150524246611;68;68
5.74906913091371;-3.92654358795271;1.81661952136702;1.7567586655319;0.510554696225203;66;66
3.67466862124232;-4.9745963265022;1.71543502476923;1.72583548578986;-0.124750905962719;58;58
3.97845800342897;-4.6058294620011;1.72772113176985;1.73420836072023;0.14754422322591;68;68
3.97845800342897;-3.58066007295305;1.66786028099429;1.64310620710497;0.340785221830989;79;79
4.27541554150666;-3.81489353499574;1.60893465024354;1.61557846511123;0.103924548520756;81;81
3.72790217202613;-5.40773025795023;1.86519900040989;1.87567853727113;0.111960393457406;68;68
4.91717441508843;-3.00283725388422;1.82029132028298;1.72675957523215;0.608267018309274;78;78
5.00836637488143;-5.84325784600746;1.806161834292;1.76646246420207;0.426422243287012;78;78
3.47003807338133;-3.33227974980784;1.6472496299456;1.62511191744873;0.352458071472631;51;51
3.45654928059372;-3.8642374021543;1.57385331698114;1.56206491225166;0.275133376228218;63;63
3.45492736006799;-3.73788094731617;1.56932055036785;1.540658818373;0.349434504420461;72;72
3.18872917452344;-4.1328170184533;1.64902141789772;1.66130335887955;0.0231463685002906;67;67
3.71112018940868;-4.09744805486218;1.71582871764743;1.6433749349646;0.528579316462511;75;75
3.46169384853319;-4.16841102182184;1.85412209954242;1.86460803494188;0.120392273371178;65;65
4.23283789559764;-3.46830512310317;1.79713255057906;1.71096873827475;0.589328872377852;65;65
3.63275611827359;-3.34571457372427;1.81210516699009;1.7833091232881;0.384321522211823;72;72
2.83314368784194;-3.3682806021916;1.53351898937682;1.5291723385907;0.233101802630474;57;57
3.4510453800247;-3.00310019403288;1.62537792075777;1.56612999200062;0.481018973952546;58;58
4.23821882197667;-2.78193863586143;1.58486067926217;1.51928481230162;0.47936090429221;88;88
3.97845800342897;-4.36991079664165;1.67630051741299;1.67837565022039;0.177839496952672;73;73
6.12452986978649;-4.6058294620011;2.14835367179975;2.15862089044644;0.162419270355877;66;66
2.70771020769516;-3.11132585143262;1.61719751621759;1.61957910748694;0.169476792952559;72;72
3.25293260795294;-3.36074347252273;1.71745405885325;1.71814253938163;0.183398000960203;82;82
3.49317486352622;-3.28243785271056;1.72533177838333;1.70537147971008;0.330816745660342;71;71
3.6533567351454;-3.67812442401212;1.71311734732611;1.57958575212153;0.684860504711579;85;85
4.32521445278476;-3.76889214185693;1.77242152591165;1.61035057253331;0.767312388572961;64;64
3.28978269089179;-4.6058294620011;1.94775646300216;1.96325392638618;0.0507502436274921;61;61
3.97845800342897;-2.72955139955098;1.61695900829091;1.54021102859858;0.522603926122584;77;77
3.50178018050862;-3.94306642711061;1.59922606507271;1.60806862406277;0.0413247414203686;86;86
3.27284221195516;-3.01646154420984;1.54739943097194;1.48768651816277;0.462364624328275;68;68
3.48330640910592;-2.77642448094842;1.58198813280303;1.5908948079549;0.0830192396796941;72;72
3.97845800342897;-2.80517661785991;1.86968468692776;1.61009482108384;0.968442512537289;75;75
3.06105890710459;-3.94927462913154;1.58462293494633;1.5557086099269;0.36715764416165;55;55
5.63812466884916;-4.83480443026589;1.81787068967461;1.80433986028552;0.30595645624705;73;73
3.67011977141165;-3.4374586594023;1.53630315437466;1.45642281109484;0.526248958985561;56;56
4.54886818493338;-4.18648842111943;1.81276195370612;1.79319643737349;0.340355583456362;71;71
3.97845800342897;-3.47679896542816;1.79957531544785;1.78953489588327;0.289540518480208;67;67
4.25982265833315;-3.44469073808689;1.76082448550829;1.72130216935446;0.428855137124891;64;64
4.30300242359744;-3.82851045354353;1.7849012824767;1.7286097967084;0.511231044450733;47;47
3.73201155918215;-3.15558625606687;1.65021573956783;1.60143579894127;0.435764773129408;82;82
3.97845800342897;-3.60233835937456;1.64511289464212;1.63907135925147;0.24482514175819;67;67
6.12452986978649;-4.36054335038762;1.90071203874561;1.90445979755547;0.201725509065818;66;66
4.35922296443809;-3.2418488433799;1.72430460118595;1.62795474403532;0.607852851308926;57;57
3.33732808023332;-4.6058294620011;1.62796937083757;1.613343084929;0.300130737474837;61;61
5.21078323417334;-3.31305364738174;1.56355074471381;1.58059397782495;-0.0269069719561116;46;46
3.7421426381367;-4.04807194583976;1.63051190717028;1.63349133685144;0.156473731402704;78;78
3.97845800342897;-4.94092437279713;1.83449442340807;1.84688985031065;-0.0330715400595976;73;73
5.177591399062;-2.78151663939956;1.95957091108051;1.79535478072776;0.824512767580849;51;51
3.54390324401768;-4.87193918734786;1.83083962407918;1.84393509431171;-0.076464925777094;63;63
3.97845800342897;-4.6058294620011;1.59876314904003;1.58680132995276;0.267726836156563;75;75
3.7377175276167;-4.96965988911068;1.75081145636298;1.75085050916561;0.215197302856619;66;66
4.31956935390664;-3.07956514356212;1.77458819679322;1.65398687856657;0.675452113784557;64;64
3.32817949962083;-5.23004601030085;1.80599913218768;1.75752812613319;0.4663630475265;69;69
5.06861962453898;-4.0830526782575;1.63400454119226;1.62906700213119;0.23015364457898;72;72
4.31681957278952;-4.6058294620011;1.82808564666201;1.78976079055018;0.423934748401547;78;78
4.62927033305336;-2.71826321267208;1.77770997982398;1.69991478560252;0.558947540616875;69;69
4.92285881415246;-3.32019861137664;1.82427901739159;1.70664893966847;0.676887307556189;68;68
4.43460770422152;-3.87567083886335;1.57057195285258;1.5707810690317;0.206470312448206;57;57
4.26582228933202;-3.82920370536675;1.83409103478129;1.81422910452752;0.346647550492121;69;69
4.39237491982822;-3.33723753394699;1.55889238216197;1.54636112087893;0.269429168849983;71;71
3.97845800342897;-3.3268135002315;1.67354167888111;1.57773585400006;0.592992855233571;62;62
3.97845800342897;-5.24833399405411;1.64463972575717;1.64662581255955;0.176412212787279;72;72
5.1834362177276;-3.58007884777161;2.02856686563976;1.99559698604567;0.43830938050738;67;67
3.97845800342897;-3.33292080448376;1.72806519122268;1.69519511440933;0.403656266404066;57;57
3.97845800342897;-3.66611981582667;1.67295194927018;1.68191791643317;0.101648706265275;70;70
3.13796633781152;-3.20416841585234;1.65912885332825;1.67097069014774;0.08426874906533;60;60
3.97845800342897;-4.6058294620011;1.70023985262373;1.69372305973816;0.252374887500205;69;69
3.97845800342897;-3.05664714555173;1.43595551483606;1.42744008889985;0.221206357403987;83;83
3.10339042467205;-4.36993039058182;1.58069678123183;1.59303039336024;0.0733371445244;57;57
3.67841574190675;-2.8972459890642;1.57289672666877;1.53374252071335;0.400251635768068;61;61
3.74170469155869;-3.64596384518151;1.89359628443085;1.82788895989135;0.542583788752977;67;67
3.24751241899362;-4.6058294620011;1.68368053439454;1.69951966171621;0.088699944049681;47;47
3.46169384853319;-3.64571249840904;1.70526978271991;1.6992203475888;0.239048057328367;79;79
4.5246677070253;-4.24419347751428;1.88902850630565;1.88806672833556;0.226193147397468;75;75
3.97845800342897;-2.68179669156297;1.92642566043569;1.77088919274444;0.788589872321553;67;67
4.43460770422152;-3.49488836267462;1.94809031026831;1.84533451802145;0.668244489901108;60;60
3.14968862754391;-2.91856171996495;1.6252381934703;1.52039120138207;0.602752914553462;69;69
3.73028596488973;-3.36431773618511;1.93982311424329;1.8512500675273;0.641829631323033;45;45
3.25832083362527;-2.80510540130882;1.54730437796454;1.48499049569443;0.469055620619243;71;71
3.72839558192886;-4.23790932023843;1.72928452955571;1.66989008971289;0.483677759332564;87;87
3.73415719001412;-3.05142292763509;1.72350450999977;1.73299215253687;0.161534768779003;51;51
3.39093757049756;-5.07529208916512;1.78773401474196;1.79764805666846;0.163093052153743;52;52
4.93932371579816;-3.55676699251672;1.65255568309147;1.63941127739405;0.282998829399756;73;73
4.56558685209633;-3.61480539345524;1.58426850459575;1.58929155277549;0.143755147604334;69;69
4.25142248304842;-2.75193454139699;1.75698767732628;1.69946742716412;0.489975522652663;70;70
3.72150344757155;-3.10763340994221;1.77938827333705;1.54745190088227;0.901222396305126;59;59
3.76190561226261;-2.75530131494282;1.48939415330384;1.4380123140767;0.428064260648028;63;63
3.72458711203771;-3.36754660111696;1.73326016100961;1.68725085147436;0.440848022541184;77;77
3.30582296726208;-3.35477390993146;1.47651441935411;1.48630801955322;0.109053997319806;54;54
3.482389869063;-3.02919398387853;1.72251316058018;1.58077963342589;0.715032310659965;58;58
3.64266896684865;-3.14685263069283;1.74467849122266;1.72254222760847;0.346966707401391;68;68
3.0253629741423;-2.10999195137114;1.3955002298917;1.28726503236685;0.561672916740641;66;66
3.44150496679211;-4.37781726390551;1.91473886977744;1.8915394471834;0.370561846663729;73;73
4.71724103867538;-3.8658122187063;1.94030867566647;1.88772879018119;0.498162817205949;76;76
3.73133215729861;-3.00434786778484;1.6301719744507;1.57298514001456;0.476011424355089;57;57
4.24937069410572;-3.87252436298276;1.88147586906911;1.84604467724884;0.43683757118742;58;58
4.48707514334562;-3.60283455527318;1.71746910732056;1.7035787082822;0.285071926339691;86;86
4.84344924864122;-5.53660526005324;2.03064763968505;2.00899493900878;0.406307424058249;52;52
4.29153060116627;-3.75707097426538;1.63737553827469;1.62359501875237;0.299360760249824;59;59
3.30502897843131;-3.98994808593746;1.70678330673247;1.69625625448559;0.271446112723823;76;76
3.62332726592999;-5.82662237442805;2.03830103174422;2.05850860968589;0.0443007198772222;50;50
3.73040974595285;-4.19743805939568;1.549506931894;1.56018545748568;0.085806262010688;60;60
4.22342602303663;-4.26689345487311;1.82265064250515;1.83335148430929;-0.0630057215796303;78;78
3.52501850800149;-4.19743805939568;1.52650902294044;1.5380605846039;-0.0210313926758944;66;66
3.52853148742328;-4.12591314217198;1.67277396194668;1.54931176000554;0.661177794251499;61;61
4.22893088482081;-3.0785362537646;1.71489788644359;1.69561859441977;0.323427501662703;74;74
3.50775134940455;-3.15399510175425;1.66535727392367;1.67538174380239;0.108551864577578;62;62
3.97845800342897;-4.37699809488448;1.81031407556904;1.76343032936892;0.460407014392107;70;70
4.44136947733018;-3.05438329479845;1.64333389187895;1.57998068621868;0.485192279909982;80;80
3.75336673983913;-3.59839381553442;1.69158337645882;1.62851610913783;0.50148366588658;63;63
3.47828980082576;-4.37046820168326;1.573899560362;1.58402890547247;-0.013446611780502;78;78
4.19556032498337;-4.09844944729389;1.79520524961385;1.78364654421297;-0.308688909131293;59;59
3.97845800342897;-2.45975759564358;1.55741408840646;1.534119920487;0.334521970042261;59;59
3.20502553091666;-4.34107476270551;1.58383436688176;1.5598554594178;0.331137361875764;71;71
3.74345436559458;-4.3477017824354;1.81300220445028;1.77274423107534;0.429703283169571;78;78
4.45416949404318;-3.59411241852496;1.7421252884264;1.72680149440561;0.332415796588878;52;52
3.97845800342897;-3.12056740872145;1.73906593188678;1.7554372924935;-0.045287950859462;52;52
3.1493427031302;-5.11009052216568;1.75689991793453;1.72817176790496;0.372033761137588;78;78
5.12860503287874;-3.54668882498874;1.71498096636928;1.69839945730718;0.313694479078205;69;69
4.33810667571366;-3.42962841983518;1.73581145557146;1.65280963426629;0.567480883661066;67;67
3.73918013080543;-3.90517596552119;1.80497995616413;1.77731760521685;0.39068495778014;59;59
3.97845800342897;-5.09037765676948;2.00499199090799;1.98067890867969;0.401518215959866;61;61
4.39773297790958;-3.48843378662597;1.57978132749245;1.56314570746182;0.29284143912431;73;73
5.11821484511633;-4.11946065312078;1.98546118326302;1.9784362374684;0.3126384024553;56;56
4.74330847812615;-3.65632852844793;1.97323111993729;1.94344263137666;0.418065797026805;65;65
3.97845800342897;-4.6058294620011;1.73410017427501;1.74477999569953;0.0207268825894532;81;81
3.54406494272107;-3.20962276802652;1.49325487569239;1.49475182708356;0.169925298407454;67;67
2.92666388906762;-5.3098027435966;1.77043764141476;1.77234059704593;0.195275216261427;70;70
3.73377483014358;-4.86629474225056;1.79565419546902;1.78161686440575;0.305138286686685;74;74
4.74716356595848;-4.6058294620011;1.72175614995147;1.72577993439347;0.17487235703034;67;67
3.75611848360525;-2.99564732653795;1.74188121836328;1.69752662809553;0.444498001680486;64;64
3.23352129610617;-4.08182332167294;1.67086838977858;1.58480576028928;0.559294359603802;77;77
3.69220667294844;-3.83793115081069;1.59038895696681;1.59470076812675;0.165177968718305;62;62
4.26284905014511;-4.19139810808788;2.03194442447001;1.90466636505632;0.755518815934142;52;52
4.45991861377295;-3.4598787508567;1.87879484718143;1.82412052524501;0.497412770318214;74;74
5.58384807435896;-4.6058294620011;2.01701085533126;1.96462364800645;0.505064032590757;83;83
3.28643171289284;-4.2578462932816;1.8133372814568;1.82902798359929;-0.124794179704644;46;46
3.97845800342897;-4.02570576139475;1.64373245534087;1.66134249883161;-0.0424118700057692;46;46
3.47003807338133;-3.36827404700073;1.65579623386839;1.65655857136622;0.196043036624524;67;67
3.74129565954382;-4.87550177248179;1.85471229237774;1.86325481927579;0.117981663003915;76;76
3.1845873119739;-4.83160722005057;1.75501559007837;1.72784515816559;0.379984621178005;60;60
3.97845800342897;-2.74780489544281;1.59873830809929;1.60794717150745;0.159626389818884;47;47
3.31850606508272;-4.38295474750576;1.60752256961153;1.6124063044228;0.155796266024574;65;65
4.19831507827717;-3.39037740354583;1.79575565938773;1.76117320033798;0.421216904572113;57;57
3.73586224335272;-2.74443755429093;1.54391208294632;1.52027243937117;0.320081523635929;77;77
3.97845800342897;-3.11739348637327;1.79483232362234;1.73262103638985;0.511594332887794;71;71
3.97845800342897;-3.59797652687389;1.72557736380498;1.63133700480531;0.596232335523499;68;68
3.97845800342897;-4.6058294620011;1.71541425920784;1.7266499336186;0.0575891471444007;71;71
5.31951068752564;-3.05946881177034;1.75221449073579;1.75901792499446;0.153992783620817;65;65
3.97845800342897;-2.95381834749173;1.55761748831982;1.52399422081467;0.387382269269982;50;50
3.00434587599433;-3.30531358128284;1.48794837645344;1.45959178937208;0.342634181641788;63;63
2.98252236485094;-2.79329668509202;1.50484854976874;1.5020081438778;0.207963515274781;65;65
3.55851203748446;-3.2143928749198;1.70273195254496;1.68952434434777;0.287860195596878;75;75
3.08819633547276;-4.06875872794496;1.6824604392933;1.667590612457;0.292346900876698;78;78
4.22592530072388;-5.89549348787692;1.70163960728847;1.69389579388135;0.289275045198348;50;50
3.70839550605624;-4.13312232375825;1.74898128357576;1.66067976413828;0.59342201035424;54;54
4.54886818493338;-4.22506450099197;1.73246728341184;1.70624884334094;0.361375550060878;72;72
5.77620426477193;-3.00388712931331;1.73536146720412;1.69974038293667;0.409273150069494;64;64
3.60104907070381;-3.54808595403629;1.76334709828259;1.67507343345292;0.59251929696976;59;59
3.49811768733783;-4.83644675654704;1.66051078998341;1.6407317997148;0.325704062838984;66;66
4.2082885506089;-3.87252436298276;1.92753152815572;1.9226806536974;0.28707685082334;58;58
3.97845800342897;-2.8142449698688;1.69561370045733;1.67042056394973;0.3888917467928;42;42
3.97845800342897;-2.08018550571605;1.5291339356531;1.50690256687706;0.326567299875064;58;58
3.75634459423351;-3.34640545315645;1.70457194030101;1.55894882407891;0.716812802826677;63;63
3.44425349635835;-2.76532905517277;1.65749984954921;1.62097330478826;0.390115675545567;81;81
3.97845800342897;-2.7939592822124;1.64757731998593;1.63834435891089;0.259052638809849;73;73
4.7777879712338;-4.29140815902173;1.85119034768127;1.82563506796777;0.382151203846567;64;64
5.6036612474794;-3.82458129567865;1.819372734871;1.83114585225387;-0.101221284436532;63;63
2.67862352161091;-3.74741968868992;1.60586523837345;1.61518107970213;0.125546161551033;57;57
2.70630136274078;-3.97692746605629;1.65519745583084;1.6613003692562;-0.138517558441371;70;70
4.63162863068035;-5.10106479298532;1.83591629600354;1.84958570333563;0.13941675150613;49;49
5.04573534432723;-4.36835750855983;1.89607719687339;1.90723059304558;0.112668851805352;66;66
3.74723038588215;-4.11306188964044;1.788596780523;1.79668908675029;0.149084939674412;63;63
3.43086709704269;-3.48045328880975;1.55347068966966;1.54417344958246;0.25170836557825;69;69
3.97845800342897;-2.45975759564358;1.51037398583288;1.47951836961744;0.343086234259962;86;86
3.00735207757303;-3.36094768282841;1.48659505825035;1.49809814865651;0.080450130725274;55;55
3.02975613330457;-3.35633239031342;1.60654898126658;1.61993966882778;0.112379880390844;47;47
5.02411336485707;-2.78020735715808;1.68378245002037;1.69626261070212;0.0649974571914036;62;62
3.97845800342897;-2.93361583576399;1.77057745490919;1.77656914525691;0.244284154113059;39;39
3.35640948964217;-4.6058294620011;1.71235539724411;1.71171043427163;0.203161094915518;75;75
3.6533567351454;-3.83250600001338;1.67036226622722;1.67804937719184;0.106353383824698;76;76
3.4888109046615;-5.52458316355744;1.79299786340252;1.80570116412585;0.0723245628141704;64;64
3.30977383901209;-3.22993922098714;1.66369517739064;1.65705713964867;0.251049679072487;67;67
2.75013048374896;-3.75071547989599;1.64486213780441;1.64402303214343;0.196970078693784;75;75
3.18471388755382;-3.81503712802065;1.51383717447792;1.47824589587937;0.371701204936459;69;69
4.71977800990303;-4.88546686433067;2.00315833779988;1.98127623038198;0.385386906140909;64;64
5.13657182419054;-5.0020348069928;1.75770071953785;1.74826555106455;0.271720104001712;75;75
3.64336309263294;-4.6058294620011;1.85253372948449;1.87144098933254;-0.0756743772970684;46;46
3.97845800342897;-4.17978867561533;1.79062024894697;1.72975519930337;0.524719099666546;49;49
3.10277580917886;-3.355404701004;1.58487072956577;1.59089448174886;0.126578018490871;72;72
3.29204170279218;-5.28640931320753;1.950679396689;1.96581840019628;-0.0787854223197101;59;59
3.97845800342897;-3.5813836018893;1.67146864037612;1.62357211502813;0.439280648977949;75;75
3.97845800342897;-3.43205964052379;1.77586312854162;1.7783098944446;0.198037146137857;66;66
3.34847241703993;-3.4112126105985;1.55805026303491;1.54389722631586;0.285897172618771;63;63
4.48707514334562;-4.31853090223087;1.88033471730894;1.83227409660938;0.471809645351969;76;76
3.75213246453238;-2.75677109461018;1.58777690759497;1.53483440588411;0.456234661865762;55;55
4.66906591047976;-3.63955574988742;1.77156226829642;1.71114128817555;0.50759653418378;62;62
3.7612711216393;-4.6058294620011;1.85956181540125;1.87244531814314;0.148457755779081;50;50
5.46416229180251;-4.30317817980983;1.7346421267225;1.74518471459607;0.115076631078045;61;61
3.30953134313335;-4.6058294620011;1.70067541075431;1.71542559873822;0.0983191921563757;49;49
3.02866981577234;-3.5522183065715;1.65542885582105;1.65873219050501;0.195407843843613;56;56
3.97845800342897;-3.59283156668865;1.60835649446169;1.55552689974331;0.446076631105205;76;76
4.52581278785928;-3.02737348371952;1.81494832223014;1.83025571457078;-0.00565962239648553;60;60
3.73201155918215;-3.36310269358886;1.76780184499713;1.73562668163743;0.411777999166631;53;53
3.97845800342897;-3.13769606922805;1.60747766480047;1.6089334651293;0.201823577183969;57;57
4.81004719695018;-3.38612508390565;1.98605776806422;1.8807055788064;0.685954556159547;56;56
3.46533733985327;-3.31489847302718;1.74274240774289;1.71432855803738;0.37526227251736;69;69
4.20800140040369;-3.88289539091683;1.70197632544516;1.6768131686749;0.365374653425781;58;58
3.60969113892787;-3.57150519692376;1.73805641678776;1.75635852484772;0.0557279716415238;46;46
3.68723675191284;-3.88639685438907;1.60663344849449;1.55231850787382;0.468798616605748;50;50
3.73420004006685;-2.78055843501658;1.71712790702624;1.62128339293437;0.597486718232183;71;71
3.49939949130034;-2.6825463380461;1.52438489175975;1.52460510082103;0.216253883648885;49;49
3.53262420529857;-2.98846705531116;1.54074550133063;1.47622105073226;0.483304154241054;56;56
4.23815033467221;-2.66831949334448;1.56728230621914;1.54109570210823;0.351863822217783;56;56
3.26121177328725;-4.24419347751428;1.55713230541358;1.56999852873046;0.0131817045167688;61;61
3.7585380256518;-3.9117058726399;1.79760146988052;1.79473591108162;0.280762545544359;47;47
4.81416833227887;-3.79291086682201;1.79753433458692;1.65578472395064;0.729167640626073;65;65
4.9232905623952;-4.09999007035341;1.86355224472279;1.83664651905959;0.390210050357162;64;64
4.62927033305336;-3.65632852844793;1.82637147708483;1.83488980032504;0.135367131591643;68;68
3.10187279067985;-2.45975759564358;1.47421894845939;1.45558722365298;0.308759178221642;52;52
3.97845800342897;-3.26732324602421;1.66300045438327;1.64191840925544;0.338535152785104;60;60
5.17956996904036;-4.6058294620011;1.69161563174085;1.67622768315064;0.299655884401568;74;74
4.45711823715509;-4.28554809077219;1.90247467469722;1.90448345453737;0.234282156205789;58;58
3.64586462875829;-4.83473166444341;1.77293193010557;1.75190144517698;-0.390928806077451;39;39
4.47923318576984;-4.87417810092717;1.80592086326609;1.80267615780425;0.239746596763864;71;71
2.59493633345456;-3.05142292763509;1.55534312113038;1.56363949725792;0.148540585170075;51;51
3.71626314172729;-3.30761677880299;1.5476338053435;1.54990487833842;0.18166456931125;60;60
3.65888154204475;-3.10515245226267;1.60106933444696;1.59530129963615;0.227867150098085;76;76
4.31681957278952;-4.16542937181766;1.65961484040982;1.65469703938107;0.239092305882645;67;67
4.75572360408871;-3.12056740872145;1.81755255650845;1.75520275149181;0.521211261723447;63;63
2.77646574156789;-4.90213385690516;1.75113214939412;1.76616174279152;-0.00254110358564013;59;59
3.62058955643919;-3.62735018479234;1.59549173838884;1.54210738170034;0.452389707783257;64;64
3.4510453800247;-3.59975110769251;1.63323783193351;1.6184846376554;0.294100734766324;68;68
3.97845800342897;-3.93013525727262;1.55904060793682;1.54616824716123;0.279137915349948;63;63
3.52486617900148;-4.85419473921205;1.83298939006132;1.81074293368443;0.352423190927598;76;76
3.68723675191284;-3.55049764565725;1.67792589177861;1.69067353933039;0.0414779772092965;64;64
5.86255697562067;-4.09821901821295;1.91025482325291;1.77590887721515;0.735478860688374;69;69
3.33475736251998;-4.36078912999685;1.71298872708051;1.64493550932022;0.53487198003189;47;47
3.52781794425202;-3.37322931860831;1.44727221593409;1.45921581602289;0.0575280486873734;56;56
3.43538950428227;-4.6058294620011;1.67349577414156;1.68914022099766;-0.0350325831371025;53;53
4.48094685897197;-3.07488220884626;1.7233772218191;1.71842301772504;0.257425086776328;60;60
3.31392946799642;-3.33723753394699;1.74042855184078;1.74909640784252;0.141089992915965;61;61
4.21160190658625;-2.45975759564358;1.59393816736462;1.59851928698497;0.188356535477903;51;51
3.69633235696472;-2.96999028642365;1.62805400889803;1.57192942952049;0.469153813179424;61;61
3.69454892116233;-1.87445864865;1.54401801594355;1.31591403631647;0.828047374681963;52;52
5.09834829657751;-3.12789827022869;1.58150650669647;1.55231646905392;0.362819308970982;60;60
4.32390094468446;-3.39144774772825;1.93286067593361;1.87454224771469;0.517955011640095;76;76
3.97845800342897;-3.22846315822989;1.80489009401715;1.76217831711694;0.46446607704075;49;49
3.39074056285809;-2.81672626685088;1.73181698944715;1.66128770433469;0.543725358464257;49;49
3.26640718570838;-3.05491132628405;1.49557788635175;1.45453641167746;0.394664740251667;61;61
5.76376355035405;-4.20367020385985;1.74632038422307;1.76342081774464;0.0466365040171403;50;50
3.71806151644134;-3.4770611277884;1.78024209254703;1.75365776330736;0.373057081364797;68;68
2.97796274919461;-3.123493727759;1.44970962776278;1.45694988234033;0.0785441639139979;78;78
4.7339952880115;-3.90443338048444;1.72449982799238;1.74156241033782;0.0389976951385516;50;50
3.97845800342897;-2.77054832431681;1.73531450611927;1.68549024180955;0.469338932450083;57;57
4.22287429468033;-3.09959936714155;1.74152051360851;1.67017259650414;0.535100196519568;65;65
4.2361583104651;-2.22583370214304;1.54615460716096;1.42626229587761;0.631466231968397;48;48
5.53010420614713;-3.07884093420301;1.81561823541251;1.74191979100156;0.560803235978887;58;58
3.30977383901209;-4.6058294620011;1.53243135601298;1.52986352610081;0.215016316757189;61;61
3.97845800342897;-3.14857904804809;1.79152220907572;1.70255325738759;0.598011084415712;62;62
4.30501666090123;-3.58373802858167;1.7228228393479;1.73753841339296;0.0157785555018586;59;59
2.80920004070553;-5.93291110999977;1.85204766418848;1.84284556134629;-0.301001855202236;60;60
3.28429598591153;-4.11121933936131;1.67093599032626;1.68956356372689;0.0289509896619367;45;45
4.59939933340147;-3.60340247613703;1.63542895084242;1.64855076088199;-0.0272475563392229;62;62
3.49665473854109;-3.05491132628405;1.87817444460534;1.76606907974833;0.692405671146287;44;44
3.02365281251971;-4.84625970998021;1.76876900280868;1.78146052674773;0.0480558541804057;67;67
4.2148573184619;-4.6058294620011;1.79139397082359;1.71994552754263;0.538815901669642;75;75
4.4873964681269;-2.15256372006949;1.63630057303923;1.62836455591657;0.259498048589958;64;64
4.32897550109955;-2.45975759564358;1.79978764552635;1.74186717452464;0.53585170699454;37;37
3.71176584776044;-3.85233257305598;1.63387196343983;1.61733054997431;0.300182375823572;72;72
3.97845800342897;-3.33292080448376;1.63733223126068;1.52059773321331;0.634152794942397;69;69
3.13588654848545;-4.09991173691323;1.66037924417053;1.66362976533328;0.164646420536527;73;73
3.73420004006685;-3.44150225606424;1.7015246923591;1.71205247111863;0.0649229836140244;73;73
2.85830102786285;-4.6058294620011;1.666942191717;1.66425379742029;-0.220280032267978;70;70
4.23354338582974;-4.6058294620011;1.72650233494107;1.7005825756183;0.368068026939966;62;62
3.97845800342897;-4.12936978720508;1.66786527917787;1.65038798469891;0.311296063979448;70;70
3.97845800342897;-3.89092892655307;1.55882070360378;1.51259832846199;0.425929290329129;58;58
3.29770417398269;-2.75740056812321;1.57682389489455;1.59190438971051;0.070774295513254;48;48
3.74772791763182;-2.81672626685088;1.57118298458375;1.5772241331677;0.143060441693107;63;63
4.73580501768675;-5.75520666961765;1.9003824924705;1.91201027509838;-0.0888583209822213;70;70
3.07418432074052;-4.09208378941339;1.60162544174868;1.59779450905483;0.231156509178269;62;62
3.50064755019731;-2.99489600762792;1.73381343681043;1.70159201865613;0.412048232458868;49;49
3.75379877057835;-2.82411272699485;1.366350830509;1.37678975993562;0.0440220031394744;62;62
3.97845800342897;-5.34274233042347;1.93674902350847;1.90957136025742;0.421263878992653;50;50
3.97845800342897;-3.08383386112053;1.72815700094794;1.61844373263295;0.640395841641747;61;61
3.17590067565495;-3.91293511777098;1.61015443626462;1.60459456270884;0.227489651433615;76;76
2.75333278492242;-4.18872168368976;1.99541013482082;2.01346318327114;0.0843710751024798;51;51
5.46708675714506;-4.30908543139115;1.82518890977319;1.8321787262163;0.1542774692313;68;68
3.09569049897733;-2.71691449271724;1.68895068175446;1.51496243519548;0.77675314543716;50;50
3.97845800342897;-3.34640545315645;1.64175746514554;1.65875105104705;0.00804169607100548;49;49
3.76233369225472;-2.66843247591847;1.55779382130965;1.50913962346272;0.424756223805556;73;73
4.57924015423704;-3.52951550833788;1.74631563464954;1.68576590629333;0.523354691097707;43;43
3.97845800342897;-2.7802621528413;1.53688788839023;1.47612902766102;0.468383842180203;60;60
3.69066646258488;-3.06279258023973;1.46614160583789;1.48054021063488;-0.0235004636900204;51;51
3.50775134940455;-2.45975759564358;1.62496912057926;1.6156095416499;0.273076969507824;59;59
3.74948303516418;-3.64571249840904;1.63606025326713;1.59833147116539;0.39687667856372;72;72
3.97845800342897;-4.38512200315097;1.81172706667437;1.82296949443608;0.128195338102652;58;58
3.74959751588411;-3.88629102153806;1.76385046025672;1.7624755930495;0.274675111326288;44;44
3.64336309263294;-2.99489600762792;1.69005629332958;1.6594118634852;0.385404554754371;60;60
3.97845800342897;-3.86871007848121;1.59498433221266;1.60413551684108;0.0709526158651214;75;75
3.29106251380013;-4.6058294620011;1.78959668442606;1.68374886362757;0.639794798461348;68;68
3.68723675191284;-6.10380327044672;1.75603646576069;1.76641577069741;0.189743929143757;43;43
3.72566003118155;-2.89810167841029;1.64629373602678;1.65995545983826;-0.00151096175199907;61;61
5.62546294032814;-3.26732324602421;1.80175173840184;1.66074585462824;0.73641867867394;51;51
3.37112726608262;-2.45975759564358;1.60563200920495;1.56566995297273;0.407761211290232;62;62
3.42519772005438;-3.16996507240164;1.66691804501448;1.66663575304103;0.198796004036104;72;72
3.72395420766653;-4.13200306576137;1.69776642341094;1.71241088297391;0.0248510110474502;58;58
4.92299631984112;-2.45975759564358;1.80863320888447;1.76107043229959;0.495407069739793;41;41
3.74784070888303;-4.83655809856232;1.83187083936304;1.8435254515948;-0.0930505780608213;66;66
3.64600169260951;-3.68784625480478;1.62727931671935;1.55065096864402;0.529633967229972;65;65
3.97845800342897;-3.82049276514767;1.6783500955251;1.68585506807193;0.119270470996544;72;72
4.7777879712338;-2.95436738159392;1.61341526355373;1.59399576375622;0.311596061265846;73;73
3.75168829167053;-4.33125777922398;1.7844058976572;1.77085768906826;0.327621846726984;53;53
3.26250074429858;-3.08923035201623;1.62829389568432;1.64552185745859;-0.0347902740045001;47;47
3.08136679320172;-3.60193963816889;1.45770435238426;1.46640578648703;0.0932122492322191;63;63
5.09486397756859;-3.64571249840904;1.95380127372503;1.88075574082657;0.583138506231457;59;59
4.97641242123847;-3.80579612680623;1.83976239671461;1.84011575674276;0.236833167669251;59;59
4.47923318576984;-3.27789351072393;1.90028880749177;1.8377797921981;0.540272725288933;58;58
3.74744403059331;-3.69033163864127;1.59832760915024;1.59963706613741;0.199825704501463;58;58
4.54420019390088;-2.75030884701818;1.74417787538257;1.75966533481249;0.0875374905062056;50;50
3.43510643144487;-2.45975759564358;1.39595982032769;1.2948017583304;0.552921747140891;50;50
4.26869256249881;-3.62258257015087;1.92152972598705;1.90984722257082;0.32488769523703;60;60
3.30520044095846;-3.42395145520605;1.51990508341292;1.51625227587366;-0.238895202493122;50;50
3.97845800342897;-4.6058294620011;2.06230247949788;2.0732095876609;0.170294992721236;58;58
3.97845800342897;-3.63852615240014;1.81936672539312;1.81832088583426;0.25501381497133;54;54
5.06010467035937;-4.14444698313153;1.87016208699763;1.88840038910953;0.0053106142130078;52;52
3.20938011428377;-2.7064203086434;1.55755979960704;1.4712523705137;0.539882072175193;72;72
4.2423464766516;-3.53855212104604;1.72195673939743;1.73641249641248;-0.0333245424315341;59;59
3.50035750242914;-1.58920926962951;1.64029940255757;1.45944290628835;0.781870955068661;42;42
3.09177312285749;-4.33125777922398;1.71980739789225;1.7050797887995;0.307392835836293;66;66
2.69166156549799;-3.88957815141218;1.47866624674954;1.48514254372257;0.179163730597136;43;43
3.97845800342897;-5.62369149645317;1.72889084878695;1.73926929257484;-0.116606193249175;61;61
3.97845800342897;-2.77248839371122;1.47416039141571;1.40516871756571;0.487201604993128;51;51
3.27828196185034;-3.04505654263716;1.45894132738571;1.41548935153762;0.398571431152653;59;59
3.37771743214954;-2.45975759564358;1.36861878420994;1.37770223148133;0.0617452412140347;66;66
3.72661154278941;-4.36945460981163;1.90986610703014;1.90413116925626;0.283464846963956;62;62
2.84566534485864;-3.84804021651224;1.65997161657371;1.66793632858201;0.120025442573639;68;68
3.39942359267459;-4.37359044012679;1.6972738315096;1.62019861452566;0.549316215161532;57;57
3.44286701003775;-4.1328170184533;1.64391030365035;1.55326554695808;0.581429191104255;50;50
3.21667842393654;-3.3409600541269;1.59200875390811;1.58249298270353;0.262174138671361;65;65
3.13533788123673;-4.23965520184566;1.84240000902775;1.80135896762055;-0.470799767935349;45;45
5.39057577966228;-5.28838977806527;1.9921238848081;1.94653423609948;0.485915848928104;67;67
2.86475464951307;-3.47021719188697;1.47934935851734;1.48788955051234;0.0877566501276645;67;67
3.69057065049139;-3.74598870482755;1.77950243694767;1.64273519397498;0.725751172686127;46;46
3.53709399354912;-3.50103407304237;1.86182082744948;1.84049156220807;0.390649373729337;46;46
3.16532217992911;-3.80599578228927;1.59405207998868;1.59692312003813;0.173412416713086;65;65
3.02488630941317;-2.76647644858101;1.6033571117141;1.52209656115476;0.559804116461331;39;39
3.97845800342897;-4.37046820168326;1.95949882643455;1.97350767925137;0.0550765599108431;67;67
3.27093839158013;-2.45975759564358;1.48421802023507;1.43019748456722;0.439685836573796;57;57
4.34305541002428;-3.18028179244603;1.67474787026603;1.67803957236541;0.167547573220862;72;72
3.28367730611593;-3.72689616654558;1.48629409892427;1.47980679469144;0.227872773966591;67;67
5.38288286400446;-4.14405026683857;1.85585691470093;1.85799680250623;0.208752073520999;67;67
4.2138298777299;-2.78474756747032;1.89695280525141;1.89049979437594;0.297088729837882;56;56
3.37933185478802;-4.84169828493759;1.51509797593098;1.50408598292545;-0.265205019205219;61;61
4.43534269599365;-2.74780489544281;1.64185701769472;1.6328129703829;0.310271212343412;40;40
3.71248952763036;-2.45975759564358;1.64327288142971;1.65207761061596;0.174124248074897;46;46
3.38121340514669;-4.6058294620011;1.69706549997146;1.68872937324625;0.281335277334215;56;56
3.72580806098613;-3.44858839750869;1.54886542468859;1.4761321010728;0.506902111610057;59;59
3.2523757172901;-5.81057866021246;1.8247599598565;1.75212771911253;0.565678791655088;51;51
5.38288286400446;-3.08951302988117;1.72305696864038;1.66465843350836;0.487850702815578;69;69
3.62371436325463;-2.79445650005184;1.6163183929362;1.55612081656619;0.486479246395386;53;53
3.66324609811147;-4.13518569556801;1.86866626646467;1.86589520952365;0.282807321613398;50;50
2.96401903691995;-2.7198370330732;1.56682737002832;1.54174050688111;0.347030256441831;56;56
3.97845800342897;-4.35921552017575;1.69199199839158;1.68858502884593;0.224892625127294;73;73
3.47507249314145;-4.84694928599759;1.74240089366842;1.76123225042807;-0.00453180827090094;47;47
3.13996519874028;-4.03174213136518;1.59585068592332;1.61181182296669;-0.0275827148739834;50;50
3.61024296976228;-2.71472087003299;1.59913175207794;1.61333225818084;-0.00672770216276698;57;57
4.42095730878955;-4.8650117348519;1.73815021185004;1.69276406328815;0.447759582770315;64;64
3.08779959236733;-3.418275783369;1.63220736391335;1.60053734499459;0.374237138701666;68;68
3.47058215581381;-3.87027360721676;1.83561938900036;1.85289440269332;0.134254055954474;42;42
4.20742751774497;-3.34096668231354;1.70456441668461;1.70424442462786;0.232161487889416;55;55
3.71677028045922;-4.6058294620011;1.74494277279343;1.75553969738831;-0.0870123731940817;69;69
3.53721333913911;-4.34843884671943;1.68783935777031;1.70174859634241;0.067577915919367;56;56
4.47879757159141;-2.77280546769583;1.74564694636636;1.69899020209513;0.479002460417671;42;42
2.97174995355251;-2.80657317651792;1.61056381549938;1.61309092282111;0.180307244282337;64;64
5.62382706954324;-4.94462832143214;2.00453167514005;1.93989135819302;0.563638533465983;60;60
3.65888154204475;-3.3568944724811;1.51733452669998;1.4848067606718;0.367450564642472;59;59
3.7580156717036;-3.45033162559174;1.70853407934747;1.7134646432865;0.213529561421233;47;47
4.26819390314906;-4.6058294620011;1.91932704487784;1.86331141593618;0.519376898780997;60;60
5.40199012834583;-4.6058294620011;2.11409887870131;2.12032528037191;0.220373385987578;60;60
4.23357750615603;-3.91363869085572;1.66231283946072;1.66929154532013;0.165571653041881;55;55
3.44425349635835;-4.01124114440782;1.71327536184531;1.72468542547188;0.076429273021877;66;66
3.04659503058451;-3.87004792376999;1.58853412623795;1.57145333906871;-0.308436108943487;60;60
4.81004719695018;-3.61823332842699;1.85201201599666;1.80531705801519;0.470853855973154;64;64
3.72976904188387;-3.87373932803875;1.73099702273213;1.74057321968153;0.161738634140533;51;51
3.46280985421333;-2.76334447738663;1.60641073395522;1.60425214881108;0.239569872170704;51;51
3.97845800342897;-3.61997471769822;1.82896152908005;1.77808910147399;0.48691465084359;59;59
3.51101039777625;-5.68243948333995;1.85276350722534;1.87386751820318;0.083645321311043;41;41
3.73852771474924;-3.37492939363517;1.77919326706424;1.6814443962889;0.618424843581384;64;64
4.26819390314906;-2.78069698343709;1.40551050342197;1.40556868227668;0.176622634334922;63;63
4.47923318576984;-4.6058294620011;1.43749186852285;1.41862210172772;0.296654988116459;59;59
3.34330070103505;-5.30557186744475;1.62761241368113;1.64737998096463;-0.0381194747629526;41;41
3.23838802594248;-4.19743805939568;1.67949603757955;1.68631668816451;0.122304894016546;75;75
4.65608179416587;-2.72586732099034;1.49784659769358;1.46328279583252;0.3612776333163;76;76
5.10374334102078;-3.59135633903713;1.91050597245692;1.75120292687974;0.79598702365728;61;61
3.97845800342897;-4.13177077974748;1.80372778745818;1.78356402891134;0.349339353070873;64;64
3.73712242875065;-3.9656948861078;1.86615527088924;1.84754675338171;0.387786807827785;42;42
3.49745322919446;-3.4598787508567;1.57086759708455;1.56256333006184;0.259622742609095;59;59
3.08591864273263;-3.8247982767795;1.54754990325863;1.55640125345574;0.0493135606585731;81;81
4.49304552917015;-3.77175925609612;1.74258432610206;1.69652967908399;0.45095372150474;64;64
4.24514198288921;-2.7387689189624;1.61633138565712;1.51617175842658;0.5933492174884;60;60
3.97845800342897;-4.1768969898059;1.79408175327871;1.75170830582976;0.438498972153881;73;73
3.73028596488973;-3.11375402175;1.44041036062199;1.36802418045055;0.479219015695159;71;71
4.57300547031524;-3.48698244739514;1.74210799178526;1.72090763872997;0.355389216342972;56;56
4.54859843408024;-3.41863360842281;1.8319980392494;1.81973077706141;0.3257595881809;54;54
3.76234191998609;-3.17829359673942;1.63498112710871;1.62542919698057;0.270333198446808;63;63
3.10277580917886;-2.74189535230545;1.46104159886387;1.40396480162469;0.45328142745734;47;47
3.97845800342897;-3.90272136573492;1.9878476775617;1.86010693858488;0.735992841134288;69;69
3.7399559780563;-4.32789028435494;1.71880380580171;1.71904172165935;0.193804184123079;77;77
3.40939896431657;-3.85516127623756;1.51632082052535;1.49384906923164;0.321927159832358;62;62
3.7294947476261;-4.21230110344656;1.63967570859796;1.64599851556255;0.151406348858256;62;62
3.73852771474924;-3.34372338609985;1.74083899144597;1.66409323130624;0.551286935484587;65;65
3.45110176213046;-4.30317817980983;1.69115044599422;1.69817460397365;0.20069186047963;45;45
3.97845800342897;-3.39862074954172;1.78066474318026;1.76198387206239;0.347341623903054;57;57
3.28818782566719;-2.45975759564358;1.615825112593;1.52382100124621;0.581605754534449;47;47
3.5013638300568;-3.39082926300463;1.6232077694016;1.63862015589829;-0.0672675035207478;49;49
3.74293750291675;-4.6058294620011;1.63590859699816;1.63370830825388;0.241911303784904;52;52
3.17573117441346;-2.76334447738663;1.53109448451084;1.54352966029239;-0.0139164132764947;62;62
3.43216783940356;-3.39822737588711;1.39639747441661;1.32374501892408;0.497685413409;35;35
4.74387031188098;-5.08292363531646;1.92690650719063;1.93853903723233;0.132918453300755;60;60
3.02604838264068;-4.6058294620011;1.67717582812929;1.64711317122968;0.400281705854172;45;45
3.45822843764501;-2.19592869225498;1.469724908629;1.43312752110639;0.373314211680747;62;62
3.72092437698676;-2.77178033897003;1.58730091611546;1.58177046155488;0.234242728587138;67;67
3.97845800342897;-4.34630052006609;1.64342406722917;1.58222638943367;0.485712656012959;65;65
2.64175868205103;-4.6058294620011;1.66504349873314;1.67883086422996;-0.0295183529447463;60;60
3.73115195987568;-4.32653371812135;1.66812899071134;1.6629753341715;0.247111282693164;63;63
4.84868081345464;-2.75787228033054;1.60091621183081;1.61111635030784;0.0882868700361533;64;64
4.79772110714195;-2.70638833950539;1.63901399139795;1.59663100211474;0.417230964184546;69;69
3.40939896431657;-3.91705500643411;1.68265440703526;1.66967419487708;0.290708050371623;68;68
3.97845800342897;-2.69201028829129;1.47521101340118;1.45400322436336;0.306845824926309;66;66
3.32394405762596;-3.78216563795665;1.56738929567445;1.51042387822427;0.465627054578971;55;55
3.28429598591153;-3.49488836267462;1.4718720086621;1.43347189543391;0.384207481488137;57;57
3.97845800342897;-4.6058294620011;1.80693128883797;1.75798816145338;0.4782237944468;57;57
5.19607595980807;-4.6058294620011;1.99007376412767;1.99843036969397;-0.173384219830092;63;63
3.08658842235308;-4.38339255297754;1.7602119484523;1.77219539341699;-0.0724955087587563;66;66
3.97845800342897;-2.98641742630488;1.87164881685471;1.85860092888141;0.341182009196698;51;51
3.74925574830986;-3.11739348637327;1.5358268749024;1.50760179180368;0.351826775180123;60;60
4.34570796900815;-3.67548638198457;1.84417542880264;1.84794019034095;0.186772876037106;70;70
3.65888154204475;-2.45975759564358;1.74595774039369;1.67465068377457;0.537723592867839;62;62
3.7120609756936;-3.32914189964181;1.87671468413803;1.89399896025265;0.170958439227886;38;38
2.98236614906743;-3.32221332568083;1.44673185108473;1.4561702573582;0.119072771896533;51;51
4.33436973486369;-3.35633239031342;1.51361607383127;1.51680772987013;0.190635892093993;50;50
3.53851963122378;-2.77808325371697;1.30369473475923;1.31674592825667;0.0438334178035553;48;48
4.57858998662108;-4.09762269193859;1.99819515119651;2.01131955486257;-0.0775021809666102;69;69
3.72580806098613;-3.82807061322226;1.87889416735488;1.80014411915283;0.58273371152631;65;65
3.64546039782029;-3.15001969155192;1.61533610039175;1.61793560557763;0.217465331800332;47;47
3.97845800342897;-4.04807194583976;1.88640083274426;1.90073736622675;0.0552416364496192;63;63
4.46803016672371;-2.78148629985669;1.71095855987909;1.69897760594756;0.324035933211869;45;45
3.73651504177043;-3.82049276514767;1.76002730833369;1.72952020241972;0.40777542607905;50;50
3.17573117441346;-3.34640545315645;1.6130912335411;1.62519891027613;0.112167138589633;51;51
3.97845800342897;-3.89137000865458;1.71187768143749;1.67364841732966;0.422573377685638;57;57
4.57242342462722;-3.23150617302565;1.70272899414747;1.70081619193831;0.245112687286254;54;54
3.97845800342897;-2.78612892505676;1.62957555140531;1.59351117220298;0.400982987316043;57;57
4.80122353677148;-2.68216382212934;1.66204336191694;1.57043603583577;0.58536499559183;53;53
2.3808275696452;-5.82586113962448;1.57187730335231;1.58063120904838;0.133523787238485;55;55
3.07807792403998;-2.77666783255348;1.44948635421198;1.41349182209753;0.379244296009598;49;49
4.50305069905017;-3.17181694716654;1.71266705308499;1.63062661578949;0.568792548080717;54;54
3.62952775175801;-3.00862500110265;1.75629510672379;1.74231997183218;0.341105773064079;45;45
3.12513440399484;-2.45975759564358;1.5554342179604;1.40519477375121;0.691167702824217;60;60
4.6532118685953;-3.36827404700073;1.75042344227661;1.76927584557228;0.0157519781849306;47;47
3.54183023284622;-4.6058294620011;1.91195200821418;1.92717934893045;-0.067005480472565;59;59
4.32316800622378;-3.11522155718077;1.70633605026019;1.65613965730098;0.457953539062397;67;67
3.11206351360033;-3.04646493859653;1.49152168790464;1.4901677164104;0.210740752335771;55;55
3.22484438282423;-3.6143378157058;1.75244265605279;1.48211456261706;0.969019833795118;34;34
3.16800592270736;-3.33723753394699;1.4967017494042;1.50498323014348;0.075824583618993;74;74
3.75042180534561;-3.25057944627448;1.6586339528352;1.65607198195386;0.225134698653116;65;65
2.88176905675117;-4.12599145521879;1.53356981476608;1.53602854526997;0.188017473082841;55;55
4.90527682569388;-3.86597703021078;1.66553937010669;1.66859669810533;0.177092911566012;67;67
4.27411527324908;-3.69840777580378;1.65855133524272;1.66754812344121;0.146869132772884;54;54
2.66550628884137;-3.37942290517123;1.48587547905105;1.46206815001965;0.373013268705644;31;31
4.96943587917012;-6.48717814244611;1.81648375770415;1.8282498328889;-0.0836887818543102;67;67
4.53379990011507;-3.43074206965484;1.61279035872565;1.62350198522164;-0.100039599076995;59;59
3.0847154971409;-3.506736205194;1.52303554569115;1.47262601226323;0.431927273783192;61;61
4.35922296443809;-4.26505998861974;1.765102827753;1.75485932071984;0.285208662344002;68;68
3.97845800342897;-4.15101270334;1.89918252360347;1.91590623503132;0.054198676690581;55;55
2.80903710067635;-3.74598870482755;1.49276319917395;1.50468739648144;0.0736408463011629;55;55
2.96924940732937;-3.41042114458119;1.57356914287477;1.58936531835133;0.107932808433834;41;41
3.73050611201893;-2.77437778819002;1.44665615194248;1.44380244309555;0.204622949280433;62;62
3.75642332821314;-4.94496947845497;1.89509850611959;1.79816724656472;0.658170476990022;43;43
4.71595737800715;-2.91183650626393;1.83511111096192;1.75943380774981;0.568875136669223;60;60
3.62914911097952;-3.56287915754901;1.67648895144297;1.57306711356351;0.612159905810406;64;64
3.51469281760025;-4.6058294620011;1.88244476785034;1.84377402838968;0.459077935972766;51;51
3.7236097273194;-3.06279258023973;1.54090694547469;1.55500972515654;0.100366978075906;45;45
3.27103923481499;-4.6058294620011;2.06443766790259;2.08257446333115;-0.0472757484902663;56;56
4.30748783947619;-3.47753333097041;1.94687832012181;1.95826510401724;0.201868280833567;45;45
3.03479728407028;-5.53000272992246;1.74304195024169;1.75558035115467;-0.0710949776882713;63;63
3.19061250507009;-3.4035219845085;1.59918973374456;1.58050827385074;0.322503733331073;56;56
4.28179583535215;-4.2485621335008;1.86825863524025;1.80223191086594;0.545345753321983;59;59
3.17330913750203;-3.37212216552608;1.55178348083363;1.56851883472352;-0.0112432018711257;47;47
3.20964319809493;-3.10662472804464;1.53958732848549;1.50390145298099;0.38168957534004;61;61
4.42161407863178;-3.16437674531878;1.59293316376384;1.58141108130561;0.317332156226242;39;39
4.54886818493338;-3.34497098060737;1.5792300592522;1.51747445499363;0.485306195234326;52;52
4.34009398791579;-3.18588756273522;1.80312768007462;1.6864302721289;0.686920520251728;44;44
3.74342122051454;-4.6058294620011;1.65650175997254;1.66392760818931;0.141416840155905;62;62
3.62821588092166;-3.0732302046889;1.69737441519538;1.70300333146575;0.157487430947556;66;66
4.25982265833315;-4.88752807307968;1.82186693668229;1.79630631016609;0.390175321745511;54;54
2.87818621298949;-3.29969019657388;1.56883028050655;1.5726523439752;0.223212765985414;40;40
3.2708644391929;-2.74452916756529;1.61635149075595;1.56418186512312;0.455407653889133;59;59
4.47490062917557;-3.13946324435564;1.77166963308593;1.68794682524197;0.600731151244469;40;40
3.97845800342897;-2.45975759564358;1.6460959703567;1.62840582632558;0.321940164262532;58;58
3.45316976692799;-3.51421936661656;1.66048995666348;1.65242439288264;0.253228590197637;73;73
2.60850444163171;-3.35452576554321;1.48561697686979;1.49850297341052;-0.0912585512215926;48;48
3.47188510151091;-3.38742157529943;1.70452717725942;1.69369195048537;0.31077776147233;48;48
3.63977542035707;-3.37604743728914;1.66591037839779;1.67767672012432;0.0914509836315225;59;59
3.71153184501094;-2.45975759564358;1.43883060580322;1.43297936123361;0.261035263360363;40;40
3.74286933190837;-3.40954579119625;1.76110370804009;1.7455227500248;0.323395972266735;61;61
6.37122145150696;-4.83476696485857;1.97195155330776;1.975650430954;0.245885620495906;52;52
2.68621105625304;-1.88489192141496;1.30985334477257;1.32367224169897;0.183553560317704;25;25
2.80383053455786;-3.00340787025191;1.69540765049807;1.66900965139332;0.426224110226196;30;30
2.69561531504245;-2.89810167841029;1.54051953899628;1.50406661230315;0.40020331409877;46;46
3.97845800342897;-3.39665730690068;1.78759408177093;1.79969905936587;0.0751690921821986;66;66
3.70694991627927;-3.80061616835721;1.80740899792289;1.74128607017219;0.540239864281365;53;53
4.22878803856823;-2.72615462337895;1.64587518077512;1.5290978971709;0.661489790088569;35;35
5.44235209309997;-3.8884070560207;1.74789150631478;1.77579665179175;0.0147105055537132;32;32
4.75905242085489;-3.07023847547378;1.77979964092371;1.75202354472069;0.437170485442302;33;33
3.97845800342897;-3.37521017349639;1.85015413477666;1.80466426192881;0.46128421342181;70;70
3.30221505073038;-2.96511863661541;1.62306695020089;1.60182291425705;0.368824746004032;38;38
3.1146769227071;-4.36646446554209;1.70254932384766;1.71367470138313;0.100675365191874;61;61
3.04231017817669;-5.18307968807894;1.64720886678607;1.64831691128109;0.187515233524238;70;70
4.26095359412001;-3.66912656689027;1.76281330043904;1.74266405085967;0.349435611267262;59;59
4.45423951090732;-3.18028179244603;1.54461159144045;1.5562191993139;0.0608991768704801;61;61
3.97845800342897;-6.26200573845877;2.15950163314814;2.08560640114075;0.647908022439088;41;41
4.55510414954756;-3.26477677784762;1.990139695226;1.96740463704801;0.407272275798203;51;51
3.97845800342897;-3.6692950618126;1.60239301686347;1.60154586731708;0.206861175858178;64;64
2.74076759618039;-4.24785013727187;1.93074360351305;1.8778783709743;-0.508155039346919;62;62
3.47535981268548;-4.6058294620011;1.67384718488716;1.69701405408372;-0.0436316173745899;36;36
3.97845800342897;-4.30747480271509;1.87880720813896;1.86917016868422;0.313860861103603;56;56
3.97845800342897;-2.93361583576399;1.76361744413563;1.74293600111422;0.350928791939978;60;60
3.70308106445482;-4.09482945186471;1.7309990352401;1.74780096685426;-0.0380478731658938;51;51
4.20213965501235;-3.20342251300147;1.48312652707128;1.47999679527025;0.206061923588702;66;66
3.4510453800247;-3.42162036449554;1.68216544615507;1.69389460225199;0.0674122939048329;65;65
3.97845800342897;-2.68385223504469;1.59882069962252;1.61293514328632;0.0335302501152943;56;56
5.25546507595709;-2.78272981375846;1.76744104558701;1.74103951065434;0.378351135314604;60;60
3.02488630941317;-3.0756830655852;1.55862761642499;1.56574543152434;0.113064398866341;70;70
3.70590833765771;-2.45975759564358;1.67763452798648;1.6176136936633;0.508563105943093;43;43
3.97845800342897;-4.25546358041461;1.66778969666567;1.65283884117358;0.351398250204892;37;37
3.61024296976228;-3.37271275620726;1.66010995596206;1.65028046089721;0.284907118651737;56;56
3.72661154278941;-3.2834275749075;1.83971635328171;1.76448279090151;0.572506773002235;55;55
3.34635551297029;-3.89651300965599;1.57839814290841;1.47109407732561;0.612629104363268;45;45
4.73963463266405;-2.99489600762792;1.84025774487071;1.82148559839546;0.354883642029535;58;58
3.73891352774591;-3.04537577161605;1.52065408670671;1.43569867424786;0.541501708669236;49;49
2.7977990426365;-4.36003868107147;1.50004636418727;1.50792231173864;0.18604494636543;39;39
4.24851916205354;-4.6058294620011;1.61379031201628;1.60825888493553;0.24264795985377;63;63
3.27403803257725;-3.14659560524682;1.5123839344319;1.48641138037454;0.343595145744342;55;55
3.97845800342897;-3.41766770318456;1.75387603241428;1.72383821373081;0.39241549376133;60;60
4.56269953614904;-3.85454096781252;1.79633686271805;1.75389220931226;0.44117238054705;70;70
4.24322287793772;-2.77175723981258;1.73445085116317;1.5590992654555;0.793251651609433;47;47
4.68662952564655;-3.3544421627171;1.76166325620659;1.77197417935193;0.154749746064798;52;52
4.30669472205022;-4.02550410145346;2.06479571488036;1.98221515054065;0.649245318385142;45;45
3.97845800342897;-3.22858448708948;1.93204554826051;1.87705232891616;0.527787237170743;51;51
3.31586316977354;-4.0577060137857;1.88815005272699;1.89882144183633;0.194855550467753;46;46
2.78138730048938;-3.90745545787696;1.66711867683898;1.68098257805663;-0.0561781250821342;57;57
4.34886594902263;-4.13050921952954;1.67869810393729;1.6878453578361;0.13850886139335;57;57
3.66497185350584;-5.37397741635056;1.80101649730083;1.8159645922953;-0.0427400027287897;59;59
4.23447187235525;-3.53717425947429;1.75287576538793;1.76175445254684;0.128627913532963;65;65
3.73975330168436;-2.88415649923302;1.79942266814835;1.77863083942427;0.384661781908899;43;43
2.11738587111509;-2.70308338747177;1.25167335330033;1.2590179738262;0.138928133707812;42;42
3.25445072212667;-3.05385088248713;1.49371033551971;1.48478662126948;0.255453119527177;57;57
3.39029670350883;-3.4128377536178;1.66941784893013;1.65938100233359;-0.305401905843361;46;46
3.53494622618483;-3.62626560291214;1.74141889749354;1.70841389906918;0.403120776182983;60;60
3.7246239282655;-3.18028179244603;1.90886398038287;1.88295986666097;0.425062589475698;43;43
4.234363860481;-4.89705071351723;2.12211794941703;2.10706753061732;0.400208645604595;46;46
3.3078553556892;-3.64736002409108;1.5566292644869;1.52789749697795;0.356221726268084;61;61
4.31864043343971;-3.67274682794454;1.75894739248135;1.73494390065619;0.360795995190511;65;65
2.69047603000877;-3.32522631711617;1.42508184870402;1.39132169139317;0.38780164217952;35;35
4.44136947733018;-3.10141037398721;1.7678032312774;1.62139846806917;0.740792772712401;50;50
3.73023339509474;-2.72146267553129;1.57857148542768;1.59345408147893;0.0402590650572741;52;52
5.37196822081086;-3.77823980983515;2.01134900207402;2.02731619386412;0.163851868787035;45;45
3.40939896431657;-4.6058294620011;1.77939754792201;1.79419376735615;0.041059782781439;59;59
4.58752495734452;-3.36691926765823;1.69997855375576;1.69516930533301;0.251865617708616;61;61
3.97845800342897;-2.77857790494549;1.68872049691957;1.70122416069947;0.0816510432848062;59;59
3.23396201254714;-3.8658122187063;1.67331396296666;1.68765887428167;0.029898320088404;58;58
3.56980302529923;-4.92720414506387;1.86192587696314;1.87109477900871;-0.196747831259606;48;48
3.71281188577048;-3.19388171428303;1.68850321239681;1.69975153430567;0.100201835675557;60;60
3.43690087750935;-3.35965586401622;1.54257380728477;1.51143193975128;0.361665047545396;64;64
3.44637992112185;-4.6058294620011;1.74137972798901;1.74168227955069;0.220624114954363;61;61
4.25399716122271;-3.60464966749202;1.58752737640941;1.51221220601374;0.521743706663387;59;59
3.74500993205343;-3.40955804477235;1.74006361747958;1.64305116020074;0.630416710998946;39;39
3.75131307232039;-2.77857790494549;1.71475057139704;1.68177073865787;0.404278742182589;55;55
2.52833116372106;-3.72465069891152;1.5202941717838;1.53437225676242;-0.0965084696357661;45;45
4.24750595174814;-3.74741968868992;1.7129654640432;1.70977770727497;0.251223743477759;56;56
3.44631457468067;-4.21589666097014;1.77117514038282;1.78416786488373;0.0774010047260657;61;61
3.27837012637263;-3.38434048198867;1.68272465955352;1.59570601503083;0.576574265774078;54;54
4.49531994778001;-4.95101227318957;2.00978689909245;2.01757428028483;0.163673202590724;70;70
4.38799859655881;-3.60233835937456;1.75955802021716;1.77057549746597;-0.193826537855404;41;41
3.03371809189123;-2.08433725859642;1.46773488435897;1.37727069682442;0.550031634296263;42;42
3.20256547184182;-5.3512787805802;1.80189668568608;1.80202225706782;0.220791138642415;66;66
2.17782907832694;-3.63801620176878;1.30024689752265;1.31263256281826;0.0277929229320724;52;52
4.25199478894163;-4.09264823283812;1.51694588497903;1.52383432764606;0.178404321898629;44;44
2.91119318451539;-3.3996248142436;1.56187675746449;1.54351362805434;0.323532644285114;50;50
3.5131576876857;-3.5290273547557;1.80089237065412;1.75864487493217;0.448423566672451;61;61
4.22807152972355;-2.87775689417106;1.74476155103635;1.73129777842642;0.336763393865679;45;45
3.97845800342897;-3.8379446675261;1.55792623333343;1.55942231567238;0.193038185088153;58;58
3.49469258664711;-2.17969576771186;1.62423104637427;1.63365086720812;0.208434858907105;36;36
4.24100057552655;-3.77424026847989;1.88131355873937;1.87491299808885;0.298563361619452;54;54
4.5316267410716;-3.7349813205323;1.82250661875849;1.75763911863177;0.55298259772941;42;42
3.97845800342897;-4.6058294620011;1.78713082961483;1.71553086870722;0.544771086737958;64;64
3.63583086140651;-3.60564784788247;1.56555909880086;1.57365591864014;-0.140027382806297;55;55
4.25774156456977;-3.4544613924292;1.6385062210356;1.64195564254173;0.173670692422653;65;65
4.70218944574661;-2.45975759564358;1.57042857552072;1.58377729484894;0.0436066577608133;57;57
4.23787156029175;-2.75704605537332;1.73836500611593;1.63298196836655;0.64188752621324;47;47
3.97845800342897;-3.41161245792729;1.64745038121975;1.64200938337824;0.272155596660308;48;48
4.31013547672714;-3.33864677927041;1.86964514379893;1.8925113800492;-0.0906986984171565;38;38
2.77024242749047;-2.45975759564358;1.36350981792144;1.37023010064416;0.141228341427624;49;49
3.31395230243768;-2.67205164175211;1.52871740256298;1.51950475879901;0.274230715149138;49;49
2.89191347711766;-5.24557120912341;1.81996376733002;1.82505989007899;0.242664359031017;43;43
3.08390228145065;-3.10004862238382;1.39608869856974;1.39277717528198;0.202573091910502;61;61
4.83492062033664;-3.37340609477332;1.797031459915;1.77851547723566;0.344852703150525;60;60
3.33386821401319;-3.08673630588209;1.64369457472888;1.62157656531903;0.344024798470324;57;57
4.32316800622378;-5.23325198262205;2.0605035574608;2.04994140541984;0.335118858032403;61;61
5.16340566529591;-4.6058294620011;2.05316041759061;2.01640880289876;0.459530034915792;66;66
3.49088710782168;-3.47745183951153;1.68127685218401;1.68533808637129;0.187880785189072;58;58
3.25445072212667;-4.13886809994076;1.98616288921561;2.00083823623621;0.168875107798309;46;46
5.10822282026973;-3.32370958713545;1.96486494791471;1.93953212394447;0.410575311386862;54;54
4.76447907513791;-2.19458894913289;1.50997598507705;1.5018137368291;0.27332025953556;45;45
4.20578895912503;-3.18588756273522;1.65991947598218;1.65065767419966;0.283198477515325;55;55
3.39628660493799;-3.07943619922675;1.70550064611768;1.67759990821276;0.415412028373991;36;36
3.49317486352622;-5.84448185259829;1.77385469389557;1.74184266890766;0.429864007842216;42;42
3.06791673685678;-4.92821538516506;1.61920024574519;1.63103001398696;0.081484129153514;59;59
3.75642332821314;-4.08182332167294;1.80562361116665;1.79620531623786;0.29464237429341;61;61
3.97845800342897;-4.15101270334;1.84654067993621;1.82395395719454;0.40033994739919;43;43
3.1845873119739;-4.13177077974748;1.67915249009981;1.60989691799507;0.519877870136392;61;61
3.97845800342897;-4.22136994625972;1.94341047128195;1.94084807079645;0.330275252866435;38;38
4.95033829719264;-3.6428422520547;1.8524384398921;1.84497717817126;-0.323959374386446;44;44
3.71281188577048;-3.53643055104112;1.74600357795568;1.69532219863315;0.468315300584548;64;64
3.47003807338133;-5.85530343117978;1.77474086213388;1.78839320283456;-0.0682694459374381;60;60
5.82402410242924;-3.65428001863444;1.78155150299213;1.7921267023926;0.118361925908491;62;62
4.31681957278952;-4.94036850896044;1.84087745273124;1.72409422063682;0.685838453949696;55;55
3.46908646969085;-3.76167469385436;1.93007239640407;1.9329666432659;0.290901211881416;39;39
4.30973846714454;-4.11600844145899;1.83412110530162;1.81555281369252;0.373397144361081;46;46
3.46988093518118;-3.55223955885067;1.58050796191848;1.53166183098058;0.437926890105518;59;59
3.31638342854422;-3.66716065954837;1.70673410862547;1.71598870211886;0.164974047237702;50;50
3.59345188908797;-3.91479838464824;1.79910680877378;1.81422035477303;0.191878780382163;36;36
2.74830676109639;-3.33004513712814;1.7122068269704;1.72833169791277;0.10441473630989;45;45
3.20811653182728;-3.88639685438907;1.7502389655346;1.73151264057989;0.371921605822585;41;41
3.73708331562707;-3.77583246654686;1.66163747028986;1.66829335173827;0.168641812155917;55;55
4.23365807201714;-3.72065525895301;1.69714177423368;1.66534922351718;0.378047870017563;77;77
5.40199012834583;-3.86755237108262;1.91476324100887;1.91382332017389;0.264940506395423;55;55
2.77114193458034;-3.41236521459842;1.71270846438221;1.70313994891833;-0.324348177896783;40;40
3.49939949130034;-3.90915955869173;1.74072927212678;1.71529164740745;0.361322448121157;69;69
3.97845800342897;-4.35625345848794;1.7346460975993;1.73635729770645;0.212511270439403;59;59
3.62520031196864;-4.2740451818554;1.92716554264087;1.94834717973328;0.0646862630054294;44;44
4.33586788688044;-2.24027511442689;1.79281547031616;1.66906696033039;0.693516232382078;53;53
3.70839550605624;-2.74509431067013;1.51733161395734;1.50311618580077;0.317599152991018;39;39
3.53636945011364;-3.79461306094173;1.53413210733451;1.54566698676006;0.13253564968818;45;45
3.43086709704269;-3.62650526059023;1.62056448097635;1.62644365313844;0.123551899277347;77;77
3.72092437698676;-2.99489600762792;1.72355263391157;1.70930475268422;0.315095976287199;58;58
3.53682726415294;-3.50145527160647;1.74915589006107;1.74081100901711;0.318239354034418;42;42
3.63196475229173;-4.6058294620011;1.87445373762326;1.8281143458642;0.47221834914255;65;65
3.18807444339352;-3.84312790998964;1.70410095113682;1.61760538761719;0.577960815537415;56;56
3.61675209813705;-4.6058294620011;1.67176482513055;1.68491984578188;-0.0141920378724396;64;64
3.076595245423;-5.7208613807447;1.63170315595808;1.6174793377009;0.323039370329485;45;45
5.35731576576014;-4.28645588001363;1.94742443047345;1.89301665229009;0.521362157181136;57;57
2.60929967627594;-3.90853272137703;1.70718700069451;1.73364373896131;-0.00657449101255643;33;33
4.22977431042253;-4.07429962941824;1.92679793298607;1.92148786824451;0.298005299239277;54;54
5.03281661234415;-3.74538772346787;1.73889104759439;1.75057375408878;0.122278136600204;55;55
3.49939949130034;-2.45975759564358;1.49627116592466;1.44099257114265;0.440809872898116;65;65
5.31218414543678;-3.06861140576371;1.71741552261484;1.68850764590262;0.380056330866629;62;62
4.488744452557;-5.66945169775291;1.95921750598739;1.90912001533336;0.517857544259469;49;49
3.07043213064744;-5.32151211086167;1.73035286257057;1.72619139042733;0.245410708710354;65;65
5.32151347994426;-2.77771401059044;1.76715972843092;1.7854273363241;-0.0126043930891707;49;49
4.23813721787139;-3.83804338445373;1.98076335450939;1.89630740306987;0.663186346245528;32;32
2.98251963753571;-4.03174213136518;1.71697787833991;1.72704860629569;0.11251907063428;63;63
3.53284525325811;-2.78340252991083;1.65270574785732;1.58838077114376;0.506952809344732;52;52
3.97845800342897;-2.45975759564358;1.8161791600054;1.63122817314599;0.823734419458969;65;65
3.29133508592571;-3.42476744257706;1.5174957717472;1.52494347779957;0.148529624306008;52;52
3.54390324401768;-3.05205485681683;1.75484195883046;1.74593358625337;0.282084516718703;63;63
4.33926811390634;-5.13878621812034;2.06903041333665;2.0396633196085;-0.437233012011008;59;59
3.1194444671363;-3.60687728569968;1.61639597827339;1.596229425416;0.352196242838378;43;43
3.71652529079491;-3.82925727193749;1.83277188833838;1.80033814094991;0.423072592610337;53;53
3.39515335697451;-3.09803538532095;1.52327865403088;1.52240524678006;0.235235043053698;44;44
2.77561973117731;-3.23066952824842;1.48814830153084;1.45969136207091;0.355669048828814;50;50
3.97845800342897;-4.07358130153025;1.85024400651583;1.81194906119092;0.448377889120053;54;54
3.73978765275683;-2.20805330952508;1.54859710712538;1.42034922571869;0.65976145933545;37;37
4.86411842950565;-4.87162823188602;1.94721990482329;1.74924447294657;0.890508987112762;50;50
3.61024296976228;-4.08358812974926;1.95367396684712;1.88507326659777;0.632466498842222;26;26
3.97845800342897;-3.42829657536702;1.68597478172298;1.63940343127151;0.446834884846153;60;60
2.79527044337078;-4.6058294620011;1.67935669475684;1.69146474848466;0.0828862440203674;60;60
4.48583801813618;-3.48583607814316;2.07247718441896;2.00671841086915;0.591966988391188;49;49
4.28179583535215;-4.25907301264531;1.70171961252043;1.71596764047906;-0.0195050126440305;60;60
3.97845800342897;-4.6058294620011;1.84449188735208;1.81017770659848;0.415807680066023;69;69
3.61479572995097;-3.60989382342307;1.69170390628384;1.64548119499711;0.452100253328434;54;54
3.66028505489932;-3.6826835480121;1.50341417862742;1.49376240407603;0.288705145356831;41;41
3.06701557460905;-2.96866549005246;1.35152699123412;1.34140021056206;0.277943795171637;36;36
3.97845800342897;-2.73027138174474;1.4561766138836;1.41178927202581;0.408857384899027;50;50
3.21998007252797;-3.11541665136527;1.43301397349077;1.44498166357052;0.0307635536553312;59;59
6.12452986978649;-2.92934546077548;1.79791355253216;1.77974655491487;0.338360009114948;64;64
3.3016649085694;-3.8378262515103;1.6083909076642;1.60043170228544;0.266980590906711;56;56
2.61154357754;-4.94591042124055;1.72592869745845;1.70932783548097;-0.358178271839441;41;41
3.53284525325811;-2.95321512820093;1.54181177575159;1.55005145730273;0.153485827752598;49;49
3.74723038588215;-4.18445358128406;2.00663711686332;1.86507590418978;0.783400676041163;53;53
4.23127033425745;-3.51428049645831;1.81022638324853;1.76111419757755;0.470113791802168;68;68
3.97845800342897;-3.03384865292675;1.6578420736553;1.66472817205908;0.14771310770176;62;62
4.96186225269389;-3.60739878505767;1.6723895306159;1.56251820883419;0.633631542525736;53;53
4.53164077597179;-4.37781726390551;1.75572672263986;1.76796082578723;0.0595219722930825;67;67
3.49939949130034;-3.0631852389334;1.74167297700569;1.75263346730517;0.152102496784525;50;50
3.97845800342897;-2.71624401602976;1.69812389060171;1.69665050799449;0.254898240353094;48;48
4.75561237335647;-2.45975759564358;1.57307057069898;1.54331603620159;0.378686872537149;47;47
5.30639395470614;-2.76412761876145;1.8493723839482;1.76387703776044;0.642358739581188;30;30
3.97845800342897;-3.0810139253278;1.71278551720952;1.68484112176171;0.386697306825504;52;52
4.22507194519751;-3.33292080448376;1.62762358244715;1.59875078502513;0.373667305018761;55;55
3.53709424105308;-3.93032768191364;1.91461033994437;1.84335858014227;0.579414632139616;50;50
3.16695096137587;-2.02304570882164;1.53123064086711;1.4434127259994;0.552770743548349;47;47
3.21420063751151;-2.19475179952213;1.48647375255662;1.41794977357441;0.484691550173588;56;56
4.8866646207893;-3.92574707681973;1.79794090891458;1.79515045142485;0.270580709819103;51;51
3.22677984473678;-2.72955139955098;1.51655560470659;1.52314249664832;0.194876662785151;40;40
3.97845800342897;-2.96869937349752;1.86168035942047;1.86049901237538;0.273932759124496;49;49
3.2985824823615;-3.36431773618511;1.59762361822193;1.61233009487414;0.0691741090323546;50;50
3.28104072570803;-4.6058294620011;1.78959473442073;1.79268473114757;0.236396357565624;48;48
2.54818466078601;-3.78680051066475;1.70855032650915;1.70439166420386;0.294647326192016;40;40
3.73040974595285;-3.44785732785342;1.69261975224849;1.6865847612855;0.272148058973694;53;53
4.72286882363773;-4.6058294620011;1.71329646576677;1.72568063357337;0.107499330029146;55;55
4.26222700072828;-3.87200765140902;1.84005351764876;1.8406992124624;0.243364979500933;55;55
3.97845800342897;-3.07890455294501;1.61418475399466;1.57360701398786;0.43236597905831;43;43
3.44353357460623;-5.3098027435966;2.10098514765012;2.10892488670405;-0.235638911137125;50;50
3.25293260795294;-5.53914907925014;1.71588975588613;1.72794387828797;-0.0419514881354497;69;69
5.89739890154802;-3.62138803283424;1.91722423756559;1.87676078092619;0.458615226710231;62;62
4.39237491982822;-3.00283725388422;1.61796683859166;1.50586891070394;0.618153801794874;71;71
3.97845800342897;-3.11980112658679;1.730878699887;1.72522152034193;0.259919330583819;62;62
3.7585380256518;-4.1097849314007;1.66551230700543;1.67357670757903;0.16411862063265;52;52
4.488744452557;-4.95127240325658;1.79359468909231;1.80722937625405;0.0197464155300541;66;66
4.20561485920662;-3.83854689447202;1.59951883836339;1.60857183918916;0.12477691843897;58;58
3.73942613701399;-4.6058294620011;1.7153559867638;1.73084291640459;0.0112114136219402;56;56
4.22934775692258;-3.28014778647677;1.72995661299598;1.74341792197221;0.11846498726499;50;50
2.68153795216485;-2.786603979448;1.42162001989575;1.38854332863229;0.362645773433169;50;50
3.97845800342897;-2.45975759564358;1.52233861390092;1.51385034854591;0.288210946228677;40;40
4.20119735223313;-4.30793932259491;1.94357839604899;1.87233639416746;0.570060716393742;66;66
3.43980653158548;-4.6058294620011;1.6805511542927;1.68925691110747;0.134992909686277;60;60
4.25399716122271;-3.12336044071478;1.78441092283811;1.74136274402051;0.4812241338764;38;38
3.37112726608262;-3.49635837530359;1.4503679342434;1.44299344650293;0.250961470676421;50;50
4.54017664483222;-4.35396329642235;1.90417371436762;1.88496341301323;0.360691449901457;62;62
3.5034342704705;-4.13061767619516;1.68755042421489;1.70333537748623;0.0142743074476274;54;54
3.97845800342897;-5.53961942629449;1.85853595902264;1.81343548968275;0.481018296163569;50;50
2.93254549527396;-3.43074206965484;1.63794273258584;1.65815584065807;0.04596328012691;40;40
3.05759672990077;-1.93399326525747;1.49168053340854;1.46679583736039;0.365218286994145;36;36
3.97845800342897;-4.27608601580829;1.80313024945958;1.81730630515843;0.110399595320782;52;52
2.89604262658697;-2.45975759564358;1.43339221298022;1.44438903093971;0.0748879198926752;56;56
3.97845800342897;-3.0673661158208;1.69402521127467;1.70833879286909;0.0660469004054068;55;55
3.71176584776044;-4.95127240325658;1.70100364570347;1.68429917683562;0.326066288511482;57;57
3.05010009323123;-3.83724703084393;1.53079417441563;1.54517819132707;-0.0408665839367713;52;52
3.97845800342897;-3.36139364803473;1.65653776972267;1.65514160435735;0.255932199025717;45;45
3.66324609811147;-3.53912272520043;1.65878594623536;1.67529073787992;-0.00176438354466324;51;51
4.20644973884948;-3.73238557327834;1.72929289514315;1.67647104379844;0.488315460550244;48;48
2.58001496390615;-3.11978862033739;1.33364428260091;1.33620337733241;-0.169930562970475;50;50
3.17985271573498;-4.17978867561533;1.59903876750547;1.59425470552045;0.270262173982459;44;44
3.33120776466907;-2.97208771607305;1.41245890917357;1.42463305077562;0.0612763441480053;53;53
3.97845800342897;-3.77991117309648;1.60272931173392;1.54488367288438;0.469649113484812;62;62
3.43690087750935;-4.6058294620011;1.87425869718693;1.89159927941442;-0.0592314558881813;52;52
7.27272697365146;-2.78991781026712;1.80517254214625;1.82098751035755;0.172960787039013;38;38
2.84566534485864;-3.85155942187703;1.83067194746747;1.85937137947767;-0.312195773610337;17;17
3.40167424857554;-2.923730009997;1.64084525031908;1.57104838119732;0.527101972436439;46;46
3.44325143259275;-4.38107083026623;1.9272330708691;1.91824750698336;0.34952122277007;42;42
3.19055992283458;-3.01719742067939;1.61297714178537;1.62673691866628;0.059466898036551;55;55
3.25947655968566;-4.32158141712931;1.61730238531464;1.61109779191856;0.262688363589479;53;53
4.32897550109955;-3.30871832058367;1.82664266017759;1.84639513925923;0.0702114515884998;44;44
3.25027864790467;-3.72430811156918;1.58666210749943;1.58607223197654;-0.245712083976972;43;43
3.21176313532358;-3.98431182250184;1.80382156495162;1.82331116099001;0.0564412708554726;45;45
3.63509428235975;-3.40836495163591;1.99708241373931;1.93103203011347;0.582057933810095;47;47
4.35617130592026;-3.08368666352456;2.03670194762947;2.04832198798313;0.250884411071538;38;38
4.2076052079193;-4.0482540485944;1.62836647626484;1.54940983209009;0.547631112561432;49;49
3.72643308442687;-3.84901194192789;1.61044732063436;1.56374203207406;0.448787131378554;46;46
3.28104072570803;-4.32757785153817;1.65187259972693;1.66265489727351;0.120515492326208;55;55
2.72791628315041;-3.74989250861887;1.49686408124893;1.51202616945712;0.0101687438987959;50;50
3.30278552820729;-1.7993900176596;1.54222000168231;1.48706456106986;0.471556518371713;40;40
3.31395230243768;-4.11946065312078;1.87772934748023;1.88612458329722;0.175537010039367;57;57
5.85768680299694;-3.84208296356464;1.93064964766977;1.91013805608197;0.372282463432341;61;61
3.44510594969104;-5.10566153525769;1.97973763059931;1.98162666193946;0.240757684176717;60;60
3.97845800342897;-5.17208156118151;1.98462587275781;1.96511983032298;0.378978722230732;58;58
3.55851203748446;-3.87373932803875;1.74847985623494;1.75915158665958;-0.172747581259097;46;46
3.00735207757303;-3.0756830655852;1.45702950070999;1.46355168748052;-0.133724248866889;58;58
3.1845873119739;-3.19880139792323;1.47426347157169;1.48937495780677;0.0965317501614706;41;41
3.97845800342897;-3.99656789908152;1.67752841139763;1.63290069197903;0.443975252347094;54;54
3.30977383901209;-3.21855560295612;1.37753223950466;1.39603555718074;0.116805978124194;30;30
3.97845800342897;-2.45975759564358;1.46498088827318;1.41180730490661;0.453234778978399;38;38
3.97845800342897;-3.0723665906717;1.700834752185;1.67246396774715;0.377255960259365;60;60
4.49407672819038;-3.79233579311085;1.74237335444923;1.75409640420803;-0.00595261644240256;75;75
3.7399559780563;-4.6058294620011;1.75579806277142;1.77186991147414;-0.0196491756177197;55;55
3.68014367371129;-2.80325326392954;1.78393405312128;1.79752387320888;0.157361183014607;44;44
4.33231741847683;-3.42359230924117;1.82172111934796;1.83599181874111;0.161845944610109;43;43
3.97845800342897;-4.18803058106661;1.70606535883791;1.7153557634845;0.154050157269479;53;53
3.12860499843502;-4.18218510345084;1.66450540925899;1.644114146024;0.355288927456957;46;46
2.63511296603016;-2.76548325172846;1.33819873815822;1.32246751097601;0.294448053022139;39;39
3.97845800342897;-3.41992827145709;1.88367609054182;1.86555222113736;0.350988810022833;63;63
3.72661154278941;-5.33482904825148;1.96817184881007;1.98649825308379;-0.0700078810160385;51;51
3.28558858512523;-3.8981420217353;1.73114004224679;1.72955179301671;0.218238683325472;71;71
3.07581994066991;-4.83644675654704;1.6733844915067;1.67982222074885;0.147733923733093;65;65
3.97845800342897;-5.45065556562917;2.03490577298544;1.96828821964918;0.611799398203539;36;36
3.66324609811147;-4.6058294620011;1.81592669880151;1.83038369327288;0.130703177084725;48;48
3.51103920429428;-2.99674012495874;1.68850144733547;1.67271298756;0.34595765955635;42;42
1.83238613707145;-3.0408190301754;1.31063519953442;1.31352137980446;-0.170691356073655;47;47
3.97845800342897;-4.13775055362375;1.54585826637513;1.55164246471045;0.132246892289155;68;68
4.7777879712338;-2.72761297287391;1.63751798516295;1.60094829204874;0.398091882072077;64;64
3.50908408515961;-3.31575596284101;1.58881289798544;1.56247279635857;0.373871766769829;43;43
4.95033829719264;-2.22408564327355;1.75461980936725;1.69122424549462;0.536854882295563;41;41
3.49141824256495;-3.06395724507282;1.64272231304801;1.61135975865163;0.376027839611342;66;66
2.7569841116713;-3.26671590840845;1.44437522998994;1.45184555606464;0.14033811567004;51;51
2.88686707230364;-3.1434076418066;1.41090798522373;1.41942777338333;-0.0829619220718925;65;65
3.97845800342897;-3.15784917974543;1.34181766926611;1.3473812330091;-0.134336894275287;55;55
4.22893088482081;-3.85920398377122;1.86726791741355;1.88011080847848;0.103857759044023;60;60
3.39815917806628;-3.61997471769822;1.64520770811381;1.62747967425732;0.325847072036797;55;55
5.00836637488143;-2.7164155901808;1.65460805521499;1.63209015151654;0.334757631344393;70;70
3.51456604808448;-3.38111732526949;1.49522236464157;1.49630928259013;0.179686404710373;63;63
3.02161057954744;-3.6143378157058;1.62856992439429;1.62230504223687;0.243043973058675;68;68
3.29473322487485;-3.42597752378977;1.79114572788831;1.80223301851144;0.162621569187025;49;49
3.41437059669122;-5.08199920582218;1.83280358139472;1.8451208966021;-0.106953402377903;60;60
5.04573534432723;-3.98355586628678;1.63106587899678;1.6073908363618;0.33404421459629;74;74
3.47241234503981;-3.07100320311091;1.79290021440023;1.74832093356078;0.464259929764716;53;53
4.24920185062148;-3.89833810428826;1.80012002840985;1.80577175473889;0.179483209355915;62;62
4.72914439399755;-3.81297271217251;1.8296630053623;1.83298170490736;0.202916952224361;63;63
3.02541580785819;-4.1135359487897;1.70139308495948;1.71526838955601;0.0841246694402211;54;54
4.26105769438651;-5.07116610214538;1.66822768063504;1.67975232693981;0.0918795184372675;60;60
3.45301743014555;-4.6058294620011;1.87461823315914;1.87588415535252;0.220384775310323;66;66
5.22291862471069;-5.21558694900234;2.30495078602054;2.32744133946293;0.0450587835579192;51;51
3.489504996703;-3.8167251071082;1.62291829553356;1.62668918316469;0.168687872736314;65;65
3.03437839887573;-3.64333263544474;1.48356368402991;1.48551726776227;0.181424272671187;57;57
3.27620588173206;-4.6058294620011;1.96084593085715;1.96608691786721;-0.209389490568611;60;60
3.02866981577234;-3.7057676049878;1.51325606680656;1.51420930337661;0.160544330248706;80;80
2.54818466078601;-3.85468298429915;1.66398058505949;1.67881646480849;-0.0271233818846207;56;56
4.89578525691557;-4.08312440930098;1.85534861904202;1.7991139280765;0.505276818342772;65;65
4.25271250434679;-3.49537813903521;1.82347982677086;1.82012816619511;0.269158084365779;55;55
5.37058519625091;-2.78813818603702;1.68204417133141;1.64147070646602;0.424870277580288;59;59
4.35922296443809;-3.58883571619282;1.84013811706359;1.83096100456278;0.296245423483282;62;62
4.52587418985882;-4.14266908915689;1.70484480577528;1.71815503095253;-0.0237694655229048;64;64
