183.776233799563;175.063282180596;179.906075423377;1.72910946962485;179.89787376039;77;77
185.508979783674;177.134326606314;180.848985658174;1.84936040941208;180.839785212543;37;37
184.516550021667;176.547212573157;180.130468795393;1.72879942296243;180.122300178887;65;65
184.26178703218;177.046511617811;180.502177733784;1.52252120868769;180.495873200885;55;55
185.157754023523;176.186868714588;180.65325752173;1.70378731020343;180.645350451242;63;63
185.662491416729;176.226322745878;180.616985845138;1.73783239978131;180.608729758839;80;80
184.236196468401;175.257755962062;180.56159307275;1.62447587371906;180.554379075769;78;78
182.938520948995;175.546620067054;180.458870518105;1.38019416705904;180.453673610259;65;65
185.000094427789;176.184065565352;180.530125554606;1.7620458608397;180.521633709692;80;80
185.345181868573;177.27960802876;180.582913153025;1.70633436548801;180.574977334226;64;64
183.660989020361;175.580131936222;180.314343493411;1.73889644826442;180.306071917269;74;74
184.516550021667;176.532554575768;180.46503242908;1.6053588663098;180.457995397632;69;69
185.215664571399;174.95419068464;180.630345910052;1.70817220658779;180.622387651393;68;68
184.255026804642;176.339266017536;180.475840921745;1.52931565112435;180.469443272799;79;79
186.308868077103;176.881617852835;180.726921327992;1.87784197712447;180.717282758542;83;83
185.099300794084;176.093064348973;180.412025866319;1.63447336319829;180.404721876697;74;74
184.838565804054;175.862498795634;180.60948497485;1.78788881861789;180.600731619566;92;92
183.0467116423;178.026011602142;180.470489264136;1.3838217971137;180.465258439892;71;71
183.25298111873;175.548141193279;180.286468892112;1.85775697668152;180.27708472345;51;51
184.516550021667;176.787354685839;180.808489482306;1.70816756473586;180.800542704071;66;66
183.670027247565;176.606378446182;180.616699360051;1.44944039538166;180.610957985903;78;78
185.229691187163;176.165547877692;180.513894879667;1.71073009997975;180.505889736653;80;80
185.065752685109;176.621188275496;180.470407148035;1.8740764442843;180.460802686231;77;77
185.236608428952;176.874097963835;180.874844896303;1.5439043553555;180.868353927184;67;67
184.764237080948;177.118505975397;180.715696955207;1.63692436294961;180.708380717376;76;76
184.516550021667;176.178115228495;180.473618546273;1.5216198163982;180.467279315281;85;85
185.596311547608;176.96065590492;180.604894403261;1.68246787824647;180.597183922324;62;62
185.009131206463;178.260519779357;180.69757700401;1.57701561775775;180.69079953985;66;66
184.813141747165;177.004601725327;180.618523347985;1.57198100540814;180.611762037051;86;86
184.516550021667;176.368423169505;180.184189830699;1.85964138005834;180.174740746244;65;65
185.310154818026;177.299201402966;180.634161484593;1.59891722831428;180.627173248221;80;80
184.516550021667;176.571191697532;180.527582911139;1.62086330279393;180.520387172693;90;90
184.270172951108;176.597936239226;180.307779003981;1.70537589167663;180.299827577527;71;71
186.680062828175;175.122846875784;180.492180450538;1.68415847904066;180.484435156777;70;70
185.155382580369;177.291193156321;180.695263893995;1.55073772724496;180.688681062628;93;93
183.693182399874;175.235394947462;180.260591592017;1.82290864213447;180.251525265472;61;61
184.175501710007;177.015775337452;180.381365477091;1.54431830598518;180.374879323097;53;53
184.516550021667;176.715660234654;180.448952589831;1.65490862672103;180.441451024353;87;87
184.516550021667;178.026011602142;180.650993977335;1.38356563813748;180.645775967696;66;66
184.516550021667;177.006377732707;180.695907760752;1.70759792782597;180.687942525263;78;78
183.583691046069;175.603680676941;180.417803931834;1.55616807643226;180.411170594645;86;86
183.940153047526;176.606505095033;180.147491882731;1.64556904452687;180.14008487577;69;69
184.516550021667;176.529154448997;180.45212866096;1.75505442836387;180.443685516639;93;93
184.873576773257;177.07398878912;180.716457723402;1.52746606691166;180.710080100089;83;83
184.013098600882;176.843855142185;180.641089155017;1.49109449850103;180.635034223702;62;62
183.969245192802;176.361271330896;180.217284688068;1.6562793133334;180.209772393022;77;77
184.991139100172;177.420583977764;180.414012310683;1.70957508651248;180.406021757291;74;74
183.405193337316;175.543938220958;180.497454809349;1.43084149116738;180.491874904015;62;62
184.877124339061;174.824464897964;180.204366373584;1.72936388727976;180.196183361754;72;72
184.516550021667;176.109369491437;180.363560313924;1.68755497272509;180.355757218249;86;86
184.194500562145;175.862498795634;180.349765459675;1.46062605694823;180.343929530756;75;75
184.020877889974;176.125027001647;180.540185172071;1.52941325203639;180.533784105793;84;84
183.690009608033;175.862498795634;180.294411959033;1.63202038042927;180.2871143021;83;83
183.594133581336;176.107558503681;180.370850847215;1.72163799742967;180.362778306972;57;57
183.752019812876;176.618125187621;180.485837468139;1.65907573114788;180.478311000149;77;77
183.553915713197;176.269886379704;180.416564387556;1.87007096982442;180.407014744107;68;68
183.756988505869;176.595960741276;180.726590323629;1.61424102196418;180.719493666698;64;64
185.790981555154;176.18212483898;180.434098618346;1.67615993685497;180.426410347773;80;80
183.706157508377;176.482427948511;180.108623361939;1.5761945421208;180.101812525481;80;80
184.95960754156;176.709753628391;180.694870106521;1.67088301221163;180.687242418069;79;79
184.277069272145;175.862498795634;180.028927598044;1.86679389218214;180.01936955272;80;80
186.427849567726;176.724033804201;180.323979753723;1.97469056134997;180.313300707917;81;81
185.14297518629;175.862498795634;180.217940423518;1.7693075448931;180.209377370158;71;71
184.263957944727;176.131594070478;180.009520543811;1.51807607869491;180.003200257701;79;79
183.874660426969;175.256679571123;180.575866548929;1.77096221760534;180.56730447692;71;71
183.990079986126;177.610833293192;180.44084085904;1.51189772708368;180.434590065079;76;76
183.965304058173;176.182570436948;180.553983740427;1.73032270025973;180.545812522575;69;69
184.007426098019;177.452481517399;180.440119960592;1.52789444411258;180.433768665164;55;55
184.000740633874;176.598647781668;180.459231705107;1.57959167689835;180.452437547591;58;58
184.859017909533;176.123408155353;180.337470496736;1.69803137828943;180.329566958644;88;88
183.951827643681;176.118570928457;180.424514701483;1.73631482026705;180.41628266663;68;68
183.506327033864;176.609788034151;180.55778393711;1.52746504710786;180.551389482045;97;97
185.543989491384;175.600031227647;180.200430136857;2.03401936327426;180.189091966497;81;81
184.258868635062;176.595960741276;180.878088777816;1.68822666415938;180.870333177122;64;64
186.432459127138;177.124613606373;180.457079197395;1.76066043951079;180.448598628061;79;79
184.516550021667;174.883962357656;180.586567897469;1.73382232155324;180.578345948196;82;82
183.398393988889;177.698884539621;180.678174609671;1.47209923677951;180.672277403192;60;60
185.034385982244;175.862498795634;180.530754174748;1.502089604766;180.524583182284;80;80
184.109921565896;177.063608877351;180.580891426089;1.58336043683198;180.574038719252;78;78
184.516550021667;176.377208608459;180.544413513252;1.48706769455011;180.538400589041;55;55
185.456104582332;175.862498795634;180.401368558154;1.55415319237949;180.394754598408;83;83
184.775499499423;176.188244986902;180.647959529125;1.64192663249995;180.640599781508;73;73
183.879532430597;176.353815506765;180.362482368826;1.41469384467251;180.357006182854;77;77
183.278955044738;176.770699438392;180.25637171689;1.47403710165392;180.250420024414;80;80
184.855125253908;174.868641003847;180.560161223001;1.89534089033161;180.550333106074;83;83
184.908969500105;176.686710576703;180.428753112751;1.82931116252051;180.419624369606;64;64
183.13453001103;175.862498795634;180.03795120176;1.59619781731364;180.030962560229;81;81
184.516550021667;176.763322488043;180.338130219864;1.37437465521517;180.332956121181;83;83
184.788638175149;176.397387572974;180.766102915278;1.73739856104577;180.757885921939;63;63
184.177837153249;176.123247546865;180.226047780335;1.71386729095442;180.21800170616;79;79
184.766223917903;176.152914108261;180.680042647921;1.86605343744773;180.670581356623;55;55
183.938494900351;176.792564190857;180.597501035276;1.58463381860456;180.590646720562;71;71
184.516550021667;175.479976382134;180.522690904458;1.63423312785214;180.515384899172;81;81
184.869916144677;175.862498795634;180.339436715185;1.80542766111286;180.330528283435;70;70
182.94972318352;177.108077732317;180.401663182282;1.45185752187416;180.395903160978;71;71
185.316243495281;177.118505975397;180.580169256747;1.59765966971606;180.573182814183;87;87
184.516550021667;176.397711980161;180.38186565678;1.5304401250812;180.375458502213;76;76
183.678375791582;175.360197122743;180.517805820329;1.66214538791992;180.510265966337;68;68
184.516550021667;175.524549199636;180.31725181616;1.72291158993771;180.309130265711;75;75
184.516550021667;176.176842112101;180.276098430542;1.82916973456769;180.26694549236;73;73
185.398416092568;175.862498795634;180.395338207928;1.84050563636664;180.386081217131;71;71
184.516550021667;176.355079980431;180.268723559444;1.83466176559176;180.259498449299;84;84
184.035161830277;176.204484786683;180.373030250531;1.48890720417675;180.366987402094;60;60
184.516550021667;176.55295342772;180.873671426225;1.84214502137387;180.864474278682;51;51
184.516550021667;176.393453554889;180.392628517215;1.47487490409157;180.386676490434;78;78
183.364126257113;177.27988175918;180.199522954299;1.58468839744003;180.192650338884;73;73
184.209466571778;177.419417691014;180.789061755803;1.38202094528332;180.783860598746;65;65
184.255667742243;176.422133402853;180.512694858189;1.66225725902019;180.505153775681;68;68
185.778840644438;177.394222755692;180.479287990265;1.64260194932215;180.471913919248;74;74
183.357066736397;176.308123679754;180.130212631321;1.45833440780417;180.124391189547;72;72
184.516550021667;176.197788998945;180.58052911334;1.59575133161834;180.573564306828;82;82
184.200375693732;177.275753631972;180.247743323999;1.45663934506502;180.241931950968;79;79
184.809592136387;175.862498795634;180.29712589816;1.84667676316026;180.287792884932;76;76
183.706347997035;176.938340019907;180.696298696028;1.71996751934632;180.68821016296;84;84
183.996156500922;175.565856266063;180.293816881394;1.78661060510816;180.285085777848;73;73
183.88336630155;176.590200838558;180.264836404062;1.52304391697306;180.258501236778;65;65
185.022554967937;175.528241095925;180.615604896303;1.70721697700354;180.60763344275;83;83
185.30678353173;175.862498795634;180.418191426675;1.86621240064957;180.408671515076;73;73
184.516550021667;177.577188197403;180.437012777882;1.52667713872515;180.430658231216;62;62
184.516550021667;176.471313615277;180.288782991944;1.66385258881252;180.281204845642;77;77
183.23300868602;175.862498795634;180.149034819371;1.55187682794875;180.142443287455;72;72
183.382235401876;175.580965603309;180.647485315478;1.47928576052694;180.641508125032;76;76
185.204501119138;176.365660565805;180.65775066129;1.73413009844378;180.64952001102;90;90
183.379685776836;175.162726049302;180.054822573613;1.61412005329106;180.047679040879;79;79
184.25422487463;177.329369452748;180.645741421665;1.56347182394969;180.639088212863;60;60
184.516550021667;176.749290078964;180.620156915107;1.61475568448645;180.613028990342;80;80
183.432608150906;176.95567465163;180.406253572115;1.44347216386073;180.400557811407;73;73
184.213048386077;176.107193675629;180.086406393702;1.68061454357959;180.078684901531;65;65
184.135373618505;175.519681305195;180.561485263567;1.6190329888699;180.554321973007;76;76
186.010626445482;176.351177445267;180.240604460097;1.83326584404755;180.231414145326;70;70
184.765670184015;176.776535273451;180.577346201693;1.66346804634374;180.56978366273;77;77
185.017027193627;175.529607444146;180.788371462598;1.67756470882213;180.780679668089;85;85
183.329210569865;177.317245349818;180.322235485601;1.72474859498061;180.314109964189;67;67
184.249599303052;175.862498795634;180.376524961849;1.59100820455653;180.369604217688;73;73
183.723076517654;176.166912836884;180.19871670212;1.55389835097465;180.192096514372;84;84
184.086100667271;175.595876683304;180.142289246657;1.73582423419373;180.134058734079;63;63
184.847927055201;175.531399758907;179.999137756721;1.68747714150465;179.991331686295;76;76
183.369024138758;176.644967192825;180.170440173818;1.51671780187696;180.164126171164;91;91
183.634270184136;176.637691353481;180.28397990452;1.66384966573525;180.276419992207;65;65
184.755282786441;176.457472880011;180.487098215693;1.70884832691877;180.479119185418;73;73
185.35935503406;176.895149679274;180.420573802884;1.6814138312432;180.412833138244;83;83
184.516550021667;174.979072135445;180.251440141344;1.91251887975786;180.241428962034;75;75
183.280664642309;176.239999421819;180.401882556757;1.56223229891682;180.395199672056;83;83
184.84531528147;176.59624051281;180.319779286384;1.60994195620678;180.31268549383;77;77
183.386756142281;176.697285251076;180.393762241149;1.78055949741395;180.385100146072;70;70
183.791866253319;176.235463593262;180.671049079941;1.59007708672402;180.664151811368;70;70
184.194376570687;176.121391518573;180.362188912091;1.9038917044617;180.352267158272;79;79
184.516550021667;176.956088258024;180.261793549905;1.69794579126295;180.253909249793;71;71
184.212860970461;175.515007040375;180.09476482413;1.79854900002591;180.085884744972;89;89
184.193263617181;176.65637147624;180.748240957116;1.56179522344469;180.741589709031;70;70
185.318241926313;175.862498795634;180.381334282836;1.99053876217027;180.370484927962;82;82
184.888420948592;176.183518779927;180.411807008857;1.58128753302381;180.404957562631;86;86
183.834256687954;175.031036066802;180.444891272091;1.67488961106329;180.43722022421;76;76
183.950362605734;176.789658454483;180.383931425013;1.67528046554637;180.37629076165;56;56
183.438759354418;176.387007441813;180.020854227222;1.62765769973793;180.013591412454;77;77
183.965154518846;174.446258652135;180.214883084667;1.89347985977737;180.205107125662;58;58
185.00786673274;176.189503021272;180.525331341923;1.67411630053666;180.517662176797;83;83
183.626787826903;176.96243431365;180.368744403716;1.61858611497274;180.36156438514;88;88
183.940844887701;177.384080690799;180.91186260757;1.47355392687792;180.905955121669;64;64
183.123372573653;177.197379755293;180.542899295129;1.53438449728656;180.536504413356;52;52
186.173066865263;174.929639820036;180.511004518316;2.03095840314112;180.499725324238;78;78
183.447347773218;177.005941717116;179.794324545634;1.47302198113103;179.788418734046;47;47
184.197161800915;177.014165961804;180.436809871233;1.46118145580235;180.430974482039;73;73
185.381920617329;176.194155689466;180.711689312314;1.82997650868354;180.702533758997;84;84
183.80962333294;173.698985989126;180.394969675799;1.75199660654711;180.386594715453;64;64
187.319713267892;176.192319072292;180.247683981099;1.97883834017216;180.236983508289;67;67
184.516550021667;176.387254143936;180.261005382843;1.28964349770773;180.256446342731;85;85
183.752019812876;177.207156723721;180.531939678242;1.37206037493113;180.526797131804;73;73
184.792555525182;176.527798589529;180.467667352185;1.82982577139921;180.458515853295;74;74
183.462414614905;177.263687442729;180.118516411659;1.56457374781867;180.111846902528;54;54
184.293383846829;176.862243915082;180.650642862349;1.50786263901229;180.644451308673;62;62
183.988040768403;176.610670787681;180.348208634781;1.76438913786214;180.339682968007;82;82
183.645547280497;176.135292101056;180.266524230377;1.62944307154878;180.259264957892;70;70
183.545030897017;176.16655815919;180.326986491204;1.4365138737086;180.321343032379;73;73
186.112458451337;175.404360044512;180.415679136502;1.97929358857886;180.404970388766;73;73
184.123788756151;175.007925431602;180.204487432711;1.93026110612574;180.194278368647;80;80
185.225693014012;176.131212756542;180.588768579572;1.8893258978913;180.579026407672;70;70
183.879866711481;176.825983814061;180.537053891421;1.56920307177874;180.530320442611;79;79
184.812918297104;177.140924311994;180.41239869196;1.53108323641811;180.405985044731;78;78
185.553106223566;177.789537648801;180.50003384032;1.50561221830968;180.493864488025;57;57
183.017564494141;176.708587226476;180.211979139409;1.53916847942893;180.205494921169;74;74
184.770607722688;175.222848355917;180.171992764645;1.67975616485576;180.164266759773;75;75
183.890607418453;176.403916866766;180.368483017902;1.7410590644256;180.360190354923;76;76
183.768140821279;175.247299850454;180.481013501929;1.70594613042921;180.473050374628;81;81
185.544857816945;176.58255720292;180.794240693014;1.91476201895628;180.784237971546;74;74
184.217045052171;175.080604778083;180.16200691847;1.6701636406304;180.154382557424;66;66
183.698245388671;175.340795247856;180.358701203488;1.6283335393877;180.351442392541;80;80
183.983237297613;175.063966678707;180.464266837782;1.6259590681628;180.457035763493;78;78
183.79605496999;176.579926867695;180.572652567888;1.49894710915573;180.566528237878;64;64
184.516550021667;177.036778648392;180.957580234453;1.66776871290502;180.949986196071;84;84
184.855203363796;175.612704669454;180.542974261162;1.90293504306934;180.533118366443;58;58
186.369463207555;177.401527688463;180.694642526918;1.80253157176738;180.685778300667;71;71
184.516550021667;177.103730682863;180.567385007551;1.56536517306037;180.560687812444;77;77
184.836279239602;173.963519754283;180.069201185132;1.77863610299311;180.060540446973;71;71
183.64178213314;176.394940399806;180.36785670712;1.43057650702401;180.362273407951;63;63
185.766422447322;176.125603652353;180.316364788086;1.6922750070165;180.308524108697;79;79
184.516550021667;176.853982603527;180.664257616011;1.56803768717424;180.657543493166;75;75
183.645230044315;175.862498795634;180.261725284829;1.75281183712616;180.253358121905;55;55
184.76768439316;176.671946395077;180.525760518391;1.68316813095171;180.518011757757;80;80
184.516550021667;176.172416621408;180.525208936809;1.69371150628557;180.517383837505;66;66
183.36874515832;176.948119273603;180.858692951191;1.48778040738963;180.852678965789;58;58
184.250213188076;175.442828873436;180.321738331441;1.68504333242702;180.313967342492;77;77
184.012425108994;175.862498795634;180.411272643126;1.71222016938361;180.403266910575;68;68
182.353037215158;176.594115921534;180.223696660024;1.52641887891277;180.217345889919;57;57
183.053464335012;177.258921760666;180.171173720673;1.52760245334656;180.164783975354;75;75
185.255544615558;176.96243431365;180.612830349633;1.66041472644374;180.605298332733;76;76
183.88336630155;177.054252753954;180.487669765976;1.47218943547349;180.481751315314;70;70
183.353748097564;177.28701700825;180.214763727238;1.40520025019395;180.209360263745;73;73
184.264530188053;177.402656606259;180.632424290479;1.56932197315391;180.625715293285;63;63
185.135060883023;176.652157288839;180.391464557375;1.7124071161386;180.383445041016;75;75
183.99891249484;176.664095274871;180.328519823415;1.79827785158296;180.319659926836;84;84
184.007426098019;176.599199206293;180.510349569856;1.4472324737335;180.504641497008;62;62
185.621582483133;176.784875907252;180.65796985357;1.75345352693108;180.64957217662;76;76
185.367611760247;175.862498795634;180.200038060641;1.6945698461387;180.19218239063;71;71
182.606155101908;176.627007412666;180.331044043298;1.37794587240288;180.32586038121;65;65
184.736639594481;175.558479759539;180.469273790643;1.92142210457042;180.459179585749;76;76
183.135560342181;176.091641610215;180.222338493656;1.54926832977945;180.215763579251;79;79
184.516550021667;176.948051980325;180.454798862314;1.67820186179476;180.447119054586;63;63
185.269533513035;176.082811677688;179.927720953755;1.84987078844317;179.918362218777;63;63
185.115066067516;175.548127962778;180.508929726029;1.77585022107211;180.50032255912;68;68
183.694019543169;176.474951961107;180.245909099157;1.64855013594561;180.23847928964;69;69
184.516550021667;176.669012588307;180.547231140351;1.53708751041863;180.540785690344;67;67
186.354316636964;173.236907646625;180.20006092525;1.865267854576;180.190527563456;80;80
184.255426575845;175.152301003765;180.408890585868;1.66074213054339;180.401376061421;59;59
183.591275587332;175.522936961347;180.284078810069;1.51263328866663;180.277823648648;70;70
184.194376570687;175.630815542613;180.452529868679;1.68477507755297;180.444760756295;82;82
183.88336630155;176.574952538643;180.400876815566;1.68630710918373;180.393122344465;62;62
185.698842186046;176.891016193011;180.7653572897;1.84243362145513;180.756105718307;68;68
184.516550021667;176.979739441623;180.624647520143;1.54778103384296;180.618105512635;74;74
184.142332961108;178.026011602142;180.634627273262;1.43946088849755;180.629004179523;51;51
183.939547969073;177.182190874232;180.758944681099;1.47834900169674;180.752986809611;69;69
184.516550021667;177.536564369999;180.78355034433;1.58919553886152;180.776652535445;80;80
185.924436436187;177.254023261447;180.304411029425;1.57665262015207;180.297609378576;75;75
184.771683614653;176.120480551878;180.538881470803;1.66545291088933;180.531299258168;77;77
184.859017909533;175.312088792284;180.496956765855;1.99679895667223;180.486083939334;64;64
184.220407491579;176.600087609225;180.179331553401;1.71189675780024;180.171311898335;72;72
184.516550021667;176.230156227697;180.176814265463;1.74918422335324;180.168415684935;92;92
184.285122953558;175.553415506844;180.279125780777;1.76419689852772;180.27061675245;70;70
184.516550021667;176.183030109714;180.438118461131;1.67626092385101;180.430451896514;65;65
183.093333779434;175.352998492638;180.171385468645;1.56893243240699;180.164650424042;71;71
183.740639913594;175.600934824332;180.633162466595;1.70993254461294;180.625187920883;68;68
184.086100667271;176.564713694933;180.341121536506;1.73067578529498;180.332944741015;65;65
185.813359621386;177.183484529345;180.525493916786;1.66467543687809;180.517928188214;70;70
183.876899581949;176.958276246942;180.460940397596;1.55499703411664;180.454331256685;74;74
184.279658811631;176.591835981467;180.41888946479;1.65860335569306;180.411392545024;60;60
184.205374057754;176.856905291371;180.552354807936;1.64991663147858;180.544912700743;78;78
185.269105797252;176.197788998945;180.36661906067;1.8976832844939;180.356796804083;62;62
183.369736076805;175.075473151878;180.098028551245;1.7516273662842;180.089645430205;63;63
184.179638154032;177.037007421084;180.496860168024;1.52172299436126;180.490535774882;71;71
183.970381425516;176.6496000953;180.386255379344;1.56766830426325;180.37954197477;69;69
184.881427027289;176.116145725128;180.257950594945;1.8471588319901;180.248646561841;59;59
185.874239017053;176.406304908049;180.60682468013;1.76179509238287;180.598341611884;78;78
183.584572100065;175.264359628737;180.296724833629;1.43724184298235;180.29110231694;54;54
184.217337361838;176.869302366096;180.241847552635;1.59133724942721;180.234920108542;72;72
185.440584817565;175.862498795634;180.536930671603;1.97427448188358;180.526277485871;76;76
184.032474548273;176.970772535793;180.218333860837;1.66753909365844;180.210734074673;67;67
183.55278173998;176.791773376278;180.33386816417;1.70988661996099;180.325869684938;75;75
185.462895300286;176.363268096812;180.553025254248;1.74198678805513;180.544736780751;73;73
183.932353478908;176.110184855536;180.533109809545;1.89106930973108;180.523364898007;62;62
183.291594798129;175.437118672616;180.122933886129;1.75316656260515;180.114509756962;79;79
185.817107836399;175.570043237387;180.621004129458;1.84875927621027;180.611671944448;73;73
185.029347306853;176.357201210435;180.06615307113;1.76050073340389;180.057685503081;62;62
184.259522058455;176.856208478069;180.264570130563;1.58748797353415;180.257681250316;69;69
184.516550021667;175.036327712668;180.430040243873;1.8624548690981;180.42056893581;68;68
185.728628549767;176.225640928583;180.340679688455;1.87455754285883;180.331084470818;66;66
183.770369578333;176.311361702435;180.329042723839;1.65261485370749;180.32156341261;81;81
184.516550021667;176.388846937261;180.476792526615;1.51781219188686;180.470503865806;68;68
185.185929797407;176.91634366986;180.356045937623;1.80918903422322;180.347125340729;59;59
183.706347997035;177.693294897461;180.724804410238;1.43846365858684;180.719155986458;75;75
183.968395586508;176.124451342188;180.203316272741;1.74276762741612;180.194998269521;77;77
185.328317292195;177.785042372367;180.839464731016;1.59345256671888;180.832565348585;58;58
184.217850241001;176.508439954967;180.275016490946;1.62569677167166;180.267777811073;80;80
184.194316500928;176.626090370039;180.509545382118;1.48355560585309;180.503541196169;66;66
184.186391291943;174.703015510364;180.625928903919;1.69609277541293;180.618089931817;64;64
183.803205905888;177.771205956289;180.265567900626;1.33879913785324;180.260656224205;83;83
185.431971594346;175.551211522541;180.50334384472;1.97832600023369;180.492648753895;74;74
183.053848455695;176.793134316709;180.591805419513;1.43892372266453;180.586178944623;54;54
183.234256010126;177.179394172939;180.530319704023;1.57969057334719;180.523487649514;87;87
183.556154676158;177.048402710433;180.348501128404;1.41432858103554;180.343039349697;66;66
183.925139698631;177.282759859304;180.570554712959;1.61655768291761;180.563439059284;60;60
184.516550021667;176.537487755108;180.518968064419;1.51108393280505;180.512747164188;61;61
183.730705784538;177.040915330994;180.470055232721;1.73221062154499;180.461878166742;61;61
183.237885487364;176.658824016709;180.512025946014;1.48917788343649;180.505972201011;69;69
183.753069364216;175.551211522541;180.403079160117;1.47964400572105;180.397086043637;81;81
183.264997811722;176.468479716318;180.408391478812;1.42618189367693;180.402839609806;66;66
183.064979151916;176.355079980431;180.510684137105;1.73301456088716;180.502541946138;47;47
184.516550021667;176.207860526516;180.446370439079;1.76816134234548;180.437819795715;77;77
184.816353691334;177.015020641501;180.66129475405;1.75286642737309;180.652923834479;64;64
184.218073621195;176.624644105249;180.719899983449;1.55471665425627;180.713313647736;66;66
183.915342725619;176.172416621408;180.388423514472;1.64407095625646;180.381033913502;73;73
184.785579726933;174.737824072353;180.632541769584;1.64749273213642;180.625132834578;72;72
184.775751182921;176.646566856843;180.132522477759;1.60671808197843;180.125468626219;64;64
184.062444669291;176.468553850739;180.580183900846;1.65734588253331;180.572685391639;71;71
185.203728255695;177.005288891998;180.527017010489;1.70619713986597;180.519069212347;70;70
183.099451452647;174.845398843336;180.005695410273;1.61532744211881;179.998564390376;62;62
184.516550021667;176.957203946006;180.245812047585;1.56775365440665;180.239088562939;72;72
184.84305892854;176.145783843027;180.514528237415;1.88007689631502;180.504890363553;64;64
183.283185244075;175.449361022938;180.289910287073;1.6069442189805;180.282872185601;58;58
184.785738636173;176.914335896747;180.399057680149;1.71908430542571;180.390961870096;86;86
185.276397073851;177.025994588219;180.855494613358;1.57140365317333;180.848774409343;64;64
183.946026997509;175.272392807222;180.245988792292;1.89978475072117;180.236162104938;54;54
184.821505511049;177.493569998028;180.438896454832;1.6132008798568;180.431778615584;77;77
184.244643046773;176.370457014944;180.166064416246;1.68953016309902;180.158264230755;65;65
184.202876464378;176.314993270574;180.460925042696;1.70511915430005;180.452991352111;66;66
184.818967134361;176.97315539578;180.474239946053;1.68438235948873;180.466470930802;86;86
185.015913767663;175.537686810354;180.239080642481;2.04706260180235;180.227663124417;56;56
183.980546593806;174.018282025992;180.388527518988;1.81537073702794;180.379558733874;55;55
183.166023688772;175.253984420536;180.267168004441;1.58464716250058;180.260295781221;75;75
185.488308869854;176.748284980881;180.374362238887;1.77274096966211;180.365788954687;63;63
184.516550021667;177.046074368273;180.388012652029;1.60305782693372;180.380994301634;68;68
185.181849815561;177.752800190975;180.661046589621;1.73585028245953;180.652816821962;76;76
185.660599253716;176.877721241558;180.567603313817;1.64423937917535;180.560225478522;69;69
184.023034123433;176.121501362273;180.232781954098;1.7386516661215;180.224518964125;68;68
185.360249849258;177.164575577371;180.486759673198;1.73289711652575;180.47855446278;73;73
184.186222266133;175.07042535735;180.416471572445;1.75528810993271;180.40807267718;61;61
184.792408960054;174.954431649972;180.605412273303;2.01579520265471;180.594343907303;62;62
184.234183162254;175.548031493092;180.883799487007;1.52569586376452;180.877459625498;68;68
183.807116715834;176.389479918317;180.332202356755;1.61241796266252;180.325101190891;67;67
185.984259490226;176.648785740029;180.381610199193;1.77948168819872;180.372958005007;70;70
186.039092655234;176.177040514183;180.617487203603;1.53127931858035;180.611083696709;74;74
184.516550021667;177.141469836785;180.675686172444;1.52683093358578;180.669329560175;68;68
183.449291639407;176.486504635344;180.318226037713;1.53988562678939;180.311750370407;66;66
184.516550021667;176.226322745878;180.589412190033;1.8826463701467;180.579731239437;74;74
184.045981198052;176.234818951528;180.328365339141;1.58516458424268;180.321494831837;72;72
184.19932554469;175.862498795634;180.404369454785;1.78092893554817;180.39574148476;54;54
184.516550021667;176.10653152962;180.626908228865;1.80991843982076;180.617959445494;76;76
184.045981198052;176.361568024178;180.325361400963;1.70792093817871;180.317405676849;61;61
184.123788756151;175.862498795634;180.428972102703;1.77298115072297;180.420388923375;68;68
183.959164838558;177.119670391211;180.4796967329;1.53650889003832;180.473244489974;74;74
183.946026997509;175.56868743782;180.593065309497;1.47690746250228;180.587112339232;70;70
184.859017909533;176.944112138114;180.813299128551;1.8794779366065;180.803676476397;67;67
186.134706555781;176.631997786525;180.695224366383;1.6602302363588;180.687706059418;70;70
184.516550021667;176.895149679274;180.413532059662;1.68187495754776;180.405811175837;66;66
184.516550021667;176.869302366096;180.645397914087;1.8060832107073;180.636519609364;60;60
185.03375380643;175.63529675931;180.425542311159;1.79799335604282;180.416706052478;73;73
186.012897014548;176.342500793309;180.28881339944;1.70322487630275;180.280899761915;61;61
186.386113888016;175.642318694314;180.516161402015;1.78774240466926;180.507449250537;63;63
185.316243495281;176.225640928583;180.570600637433;1.91050091523364;180.560612377546;85;85
184.516550021667;176.735487720793;180.778440484553;1.66185630640871;180.770914120207;68;68
182.927211851268;174.968491787388;180.326204478243;1.55008007611606;180.319640105618;68;68
184.799909091122;175.563286135806;180.154618313513;1.79484853556422;180.14580679704;69;69
184.783511604366;177.224262806897;180.556738482694;1.47972251047663;180.550793866202;51;51
184.516550021667;176.618125187621;180.475525772079;1.80006247308652;180.466669954937;74;74
183.776233799563;175.862498795634;180.279750026319;1.48787016218294;180.273700431294;68;68
184.765304151395;177.718161713847;180.534567435914;1.75710678557064;180.526154371554;62;62
184.250540070316;174.996367081678;180.153588213396;1.79232647379014;180.144803293496;68;68
183.182432286093;176.659333688651;180.233516479271;1.48124357331246;180.227510759023;75;75
182.924124271828;176.186013686188;180.140795971378;1.37388124945223;180.135630591843;71;71
184.84253408621;176.928814847222;180.493487169759;1.59045791767056;180.486585875306;66;66
184.77448641742;176.501379777905;180.519979973248;1.8349452751393;180.510771883392;79;79
183.634683950765;176.125027001647;180.662928344774;1.66292811487991;180.655416630686;54;54
185.115041855589;176.353815506765;180.596581724947;1.72859062638009;180.588451521308;58;58
184.786947418253;176.114229024735;180.524762591915;1.73114716767573;180.516575669305;73;73
185.795050148285;176.862243915082;180.740742272892;1.63409900787812;180.733519241269;45;45
183.064595313677;177.406371118025;180.052711656525;1.40381150940611;180.047310120002;77;77
185.831471871088;176.205443493915;180.193933803661;1.93853752396793;180.183706587881;52;52
185.419855568511;177.637780505473;180.519691563278;1.64319456526839;180.512327815978;65;65
184.847944980508;175.079043895814;180.488762444361;1.61880205335197;180.481592415152;81;81
185.487519074011;177.012480690696;180.764057758189;1.75936087894904;180.75564332717;58;58
183.621051473754;176.657374800742;180.363971141299;1.56118677413925;180.357316764711;66;66
185.79893582206;176.955150144145;180.566980599735;1.47107946076754;180.561081692023;64;64
184.516550021667;177.678149728498;180.30548247671;1.48549731994993;180.299465022066;60;60
184.221785854221;177.507391376179;180.371458686599;1.50213266736738;180.365299933403;65;65
183.357066736397;174.502981117286;180.206601847733;1.65881683472436;180.199067373956;76;76
184.252768842088;175.561641264431;180.493229648289;1.87869426640571;180.48358974677;71;71
183.750803149901;177.033144368913;180.506529258567;1.55715058279374;180.499904715627;73;73
184.871097416267;177.223689985511;180.819418324974;2.0641422772038;180.807836044275;59;59
184.041710628189;175.087252496453;180.189352855776;1.90756498011101;180.179445928531;53;53
184.751972735187;175.862498795634;180.597435399606;1.45066554413284;180.591698641571;65;65
184.785738636173;177.367298343117;180.421517299051;1.85471653506178;180.412135217726;63;63
184.809018176805;175.862498795634;180.159895468839;1.97462960166294;180.149281866914;52;52
186.148597970677;175.552138055973;180.411504118328;1.67430190597085;180.403833152207;79;79
184.516550021667;175.023336956108;180.585220985923;1.92080435779415;180.575175593556;60;60
184.197161800915;176.110557700666;180.378855475161;1.82955910502838;180.369719500602;65;65
184.516550021667;177.322705445323;180.195218969586;1.54817767930367;180.188668903852;66;66
185.227748579947;176.466746781469;180.296070966648;1.78852295650072;180.287332153823;67;67
183.579557504486;178.268565628208;180.618936592923;1.45673980034325;180.613165064943;57;57
183.46162055508;176.648975040553;180.262996709503;1.8116723874937;180.254028563209;67;67
184.086100667271;176.986268996498;180.460914181591;1.55371630706636;180.4543493996;54;54
185.417908222507;176.192947589387;180.494558008139;1.5179422876212;180.48826367338;72;72
184.516550021667;176.57018095709;180.667583752071;1.59518393800254;180.660643432506;69;69
185.769378785269;176.393476138867;180.310023280207;1.61779051753822;180.302867730305;71;71
184.516550021667;177.27170435793;180.288315109674;1.56242726297025;180.281659527661;59;59
183.932083817587;175.862498795634;180.52640839286;1.58530980383616;180.51953788747;77;77
184.82687714129;176.121699956946;180.385679708988;1.79437033877035;180.376898772689;62;62
184.516550021667;176.109991838681;180.335617258782;1.70090853682215;180.327715403653;67;67
184.016230302513;176.730644819297;180.555380762979;1.58831027588526;180.548492999342;71;71
184.516550021667;177.351022642725;180.516456546442;1.66096396115741;180.508964810466;51;51
185.890833850561;178.026011602142;180.705885224803;1.4318736732967;180.700302259039;63;63
183.746793138828;176.759331569852;179.939878358752;1.42842767111517;179.934284180528;75;75
184.516550021667;177.080054158074;180.706850681895;1.47690447968278;180.700921148772;57;57
183.582027123217;176.314993270574;180.269033885651;1.70034334127564;180.261157875396;56;56
184.955081966671;176.494837307044;180.467404250865;1.5658577548406;180.460701480064;75;75
182.597704671424;177.042425153834;180.404016311326;1.2497379325268;180.399758482023;61;61
184.203391164711;176.852765632279;180.372836414885;1.59744155482636;180.365866570112;68;68
184.516550021667;176.41778021556;180.480207823155;1.60723572792124;180.473147912377;74;74
183.378848896572;177.098445537053;180.689853966376;1.23102360461984;180.685730383615;60;60
184.772791974831;175.862498795634;180.353803262005;1.74464471272467;180.345496547709;64;64
184.516550021667;177.120474914877;180.195179117564;1.64959499551495;180.187744526696;65;65
184.30026738434;175.862498795634;180.340607991168;1.70810497670355;180.332639349117;67;67
183.441873449379;177.258359938746;180.492825470375;1.42218824934692;180.487299093254;73;73
184.516550021667;177.117595454932;180.573540121429;1.64016740605549;180.56622175386;57;57
183.874660426969;177.152016831843;180.461164374669;1.46670893709569;180.455297027834;64;64
183.977091068718;175.862498795634;180.639545542213;1.51388654922995;180.633311091591;58;58
184.001399299496;176.227531335424;180.52386515397;1.48710661448902;180.517840276013;61;61
183.880616977373;177.008380216288;180.446625797812;1.49999075845355;180.440471168024;78;78
184.914085913487;175.862498795634;180.555719910583;1.76210358662511;180.547247681256;68;68
184.037605315233;176.210606355588;180.046053938384;1.57914678137793;180.039272900122;48;48
184.516550021667;175.531205442132;180.339293708352;1.6090093375118;180.332215372842;72;72
184.516550021667;176.35660288144;180.520707597099;1.60494234130492;180.513662168372;80;80
184.760594988149;176.48915958778;180.169157690933;1.85859796160286;180.159730710789;60;60
184.516550021667;174.704951989992;180.451101809166;1.72331282881557;180.443001361294;64;64
185.616485539625;176.463823823665;180.382328302789;1.85163939255034;180.37294474254;79;79
185.043884356219;177.346696831573;180.287412702956;1.5607344973016;180.280773475975;58;58
183.961167914058;176.187265107684;180.309987973424;1.73342396007738;180.30178997503;62;62
185.580127310216;175.214278841187;180.3344109027;1.7787787723857;180.325758129301;73;73
183.716733181671;176.619672554197;180.427345211324;1.51846697781729;180.421073760714;54;54
184.177598248009;176.193269365753;180.13588718262;1.79658608739704;180.127059588485;68;68
185.239012744343;176.432775890782;180.512582288804;1.70389841137379;180.504653640563;71;71
185.082978549192;177.020027197898;180.596746570667;1.65632973277903;180.589271525761;63;63
184.516550021667;176.361271330896;180.513209085406;1.60475624842709;180.506163897007;81;81
184.516550021667;177.1912251467;180.408755058449;1.50545870515479;180.402589965628;54;54
185.141150898223;178.528313275091;180.809115978114;1.56876587491095;180.802436291603;54;54
184.224189182718;176.884352006568;180.447225101085;1.55004181701992;180.440658749024;73;73
184.516550021667;176.216402318865;180.305025490975;1.67333483554563;180.297387863163;61;61
182.958960308687;177.718099842732;180.365505569082;1.39318987001062;180.360217582245;58;58
184.187645705848;175.222848355917;179.878894028382;1.86698260760731;179.869369185502;59;59
184.516550021667;173.961938887874;180.175365541096;1.77448383635154;180.166753841161;69;69
185.465269970017;176.390322661763;180.527099719801;1.7733988342188;180.518582637493;45;45
183.355307173553;175.862498795634;180.273749246812;1.5777911254085;180.26693194919;79;79
186.01342815518;177.047723161455;180.076807519787;1.75744063161061;180.068379402457;58;58
183.316967001229;175.606288533904;180.574643464883;1.64969153902481;180.567242262243;56;56
183.115249304417;175.217004179186;180.372585719561;1.69847577290367;180.364729007879;57;57
184.766589324416;177.361123559855;180.283372858607;1.52113811769727;180.277057320275;63;63
183.694301300803;175.862498795634;180.403035081921;1.72512088907775;180.39490788271;68;68
184.07055474943;177.127973846931;180.459776348515;1.38548569714427;180.454532626213;71;71
183.759956887788;176.919351044731;180.418082980127;1.35784020676123;180.413054410574;63;63
183.551615839443;176.607288973347;180.185585016367;1.50577643654749;180.179399807219;59;59
185.162962552528;175.613128313331;180.347229190905;1.73166873605344;180.33902623276;75;75
184.203567171396;177.243128277219;180.257008745973;1.47739684431739;180.251056850022;59;59
183.279973778377;175.862498795634;179.971452517772;1.66041553560879;179.963943055358;51;51
184.516550021667;174.944238274587;180.337455218338;1.85176452621806;180.328087523005;68;68
184.841273434992;176.174379937485;180.323050879547;2.15654547791942;180.310389462394;55;55
183.675598535081;176.090998594254;180.314232137502;1.7938701117251;180.305452618884;62;62
184.516550021667;176.859259122243;180.360905158574;1.73206681525313;180.352710466547;68;68
185.134806337514;177.780041826904;180.771346342723;1.56559271799463;180.76467264412;64;64
184.516550021667;177.031459284039;180.480694635758;1.55786475501728;180.474091026583;56;56
184.826380330014;177.317318700302;180.838254370281;1.28461241871451;180.833764017499;63;63
185.765327674709;176.628368961223;180.446729582623;1.61745815184726;180.439597213294;62;62
183.692554262922;177.259762823764;180.732928141515;1.49166946262446;180.726874928578;60;60
184.836110578301;177.243057027945;180.785323509639;1.33346365902324;180.780477983815;68;68
184.872970059009;175.517458278348;180.096790229646;1.87285632945639;180.087211543961;61;61
183.923078616384;177.291013210304;180.774879105293;1.59752458957169;180.767941937118;58;58
183.635147024546;178.026011602142;180.482076013276;1.44757279176518;180.47637257451;57;57
184.516550021667;175.862498795634;180.278831720812;1.72410437748607;180.270731901962;57;57
183.329210569865;176.675917668555;180.438563640061;1.39619404784294;180.433248964608;62;62
183.18022993117;175.449361022938;180.195726820618;1.62878120096185;180.188475303371;67;67
184.850163830994;177.683095479932;180.660058465727;1.6320440443872;180.652809415943;60;60
184.265212562792;175.862498795634;180.260461144103;1.84043321861362;180.251219649771;61;61
185.207830016679;176.119715944835;180.368093327784;1.68382858258742;180.360358217732;63;63
183.259300316259;176.523222032121;180.153577305425;1.6279752841866;180.14633823846;63;63
183.512517750949;177.701238343233;180.634747970032;1.42016093997953;180.629255235841;62;62
185.181849815561;178.026011602142;180.586449940705;1.48606833163232;180.580422669952;70;70
183.851812452227;177.223881693169;180.4364409498;1.48620988038994;180.430410090612;68;68
183.220889847653;177.419417691014;180.284234827488;1.41220101883735;180.278791518461;63;63
183.746081602341;177.306904781765;180.626873510916;1.6289691857451;180.619636021049;68;68
183.703894245124;175.586718519024;180.522642203836;1.78675920775648;180.513944547207;61;61
183.903506090888;177.139871415361;180.230473057335;1.49060383516514;180.224399551432;68;68
185.951576049353;176.789658454483;180.730547682883;1.67248494188517;180.722917907884;71;71
184.516550021667;174.833126123777;180.089141973936;1.67264458071425;180.081512867524;56;56
184.773228339125;177.33346898848;180.561135855598;1.35527456559962;180.556143696522;54;54
182.962132282516;176.186968726168;179.956298230155;1.60098892571894;179.949301401747;57;57
184.516550021667;177.404659269546;180.454978566082;1.57126660422488;180.448246317594;63;63
183.811662199554;176.907215784734;180.355832777232;1.61568551035805;180.348714359691;61;61
184.84531528147;176.185532790123;180.685857236154;1.79957307050561;180.677018196665;73;73
183.491983532798;177.65220324758;180.697227822447;1.55459199798761;180.690661981909;55;55
184.288319897997;176.759331569852;180.279352522551;1.73061123840822;180.271175532322;64;64
185.27985319481;174.773474424625;180.554997479359;1.76082184433201;180.546524245613;76;76
185.630823248292;176.182240437684;180.539139949316;2.04385991769952;180.527773423792;57;57
183.88336630155;176.488827312984;180.713806392722;1.25597480033466;180.709513331356;61;61
183.200364682897;176.748073748828;180.319803670498;1.47595093967656;180.313845852485;73;73
182.90194372816;177.49143531057;180.236402553521;1.27935005071176;180.231938929203;59;59
185.115626399789;176.885962255949;180.501062212885;1.70681517941555;180.493147419361;52;52
183.111016558787;176.940236144471;180.424419526059;1.40012301278608;180.419069166907;66;66
184.197161800915;176.757551107846;180.504130349477;1.6394581552306;180.496792780746;69;69
183.454278736866;175.617218967816;180.729705343145;1.50070910642986;180.723578431431;60;60
183.92706478273;175.047591488961;180.469050234064;1.73122724948186;180.460874026925;65;65
184.235877330187;175.563286135806;180.333921938163;1.61734650513285;180.326774224371;69;69
184.813931238916;175.349395978983;180.239056193423;1.90284829846392;180.229208350222;51;51
185.901500236992;175.646216158308;180.584095674149;1.85145923097877;180.574750300559;65;65
183.768959984862;176.891935109094;180.318504691159;1.59664355032826;180.311569132084;53;53
183.356822638693;176.764529761635;180.042843664535;1.73065489635131;180.034668964734;58;58
184.189529125457;176.225405516272;180.404406517601;1.56569642748667;180.397721782899;62;62
185.316167379282;176.636031981178;180.537779849736;1.82777535345042;180.528695590119;55;55
183.454846871864;176.125027001647;180.572534241748;1.83177359441073;180.563411950369;55;55
186.306197448777;176.513138720344;180.895714816726;1.91143734778128;180.885756185122;72;72
184.516550021667;177.346259220045;180.470874475469;1.56931186929504;180.464153092815;67;67
183.670027247565;177.112924717859;180.265967367869;1.67254412150271;180.258327475369;65;65
184.270172951108;174.560868465383;180.225069058416;2.11240739742192;180.21290613452;57;57
185.532791232326;177.010201829724;180.779364967129;1.62633026061378;180.772173404716;59;59
184.222962040267;176.488827312984;180.453088405528;1.61076181657193;180.446023217877;58;58
185.329025564651;176.181616000627;180.491395683;1.82136064571947;180.482356322876;61;61
185.531982400868;177.481110324144;180.626560878497;1.47782899885454;180.620625137177;55;55
185.205899705355;176.113987122905;180.377891789692;1.71038018239437;180.369905389934;66;66
183.921045471214;176.121430006882;180.391223939413;1.84683343139014;180.381913060397;66;66
183.414542852018;176.108553208993;180.664834748781;1.59980749599986;180.657865622197;62;62
185.98569884813;175.862498795634;180.242818510087;1.92733029320148;180.232649369486;76;76
185.161764702109;176.527108450892;180.243920391575;1.81276316127279;180.234967218868;56;56
183.394709401161;177.694350891131;180.427090736435;1.39992726463371;180.421758410476;55;55
184.013766068493;175.629067493957;180.559783519131;1.64122468034834;180.552429350347;71;71
184.516550021667;177.543202084101;180.480820431427;1.51865831616733;180.474558724994;50;50
185.069862501311;176.944320833436;180.538933265965;1.65829181172265;180.531436211988;64;64
183.61970647482;176.604003782578;179.991529948461;1.38288836650995;179.986294446575;69;69
183.607989021059;176.736263944304;180.400734010758;1.60779439143111;180.393718524344;48;48
184.516550021667;175.257150272333;180.459526731559;1.82810391074142;180.450388742943;76;76
185.348492862224;175.862498795634;180.066275336086;1.83033841476213;180.057141725374;55;55
183.899378359171;177.535690116085;181.005959711491;1.61634370101608;180.998863054166;60;60
183.762943430442;175.862498795634;180.213414797699;1.63610567646368;180.206120406631;56;56
184.894817518286;175.481990519521;180.315158360438;1.81213054870316;180.306201641796;61;61
184.870421654516;176.919351044731;180.554325631862;1.82021218513518;180.54529155827;65;65
184.879123229208;174.43543421422;180.349744345126;1.6909610342262;180.341925533971;73;73
184.194376570687;176.633325664247;180.375109680054;1.50170851012851;180.368941705664;75;75
183.966376761013;176.167609698578;180.257259586428;1.68380373374084;180.24954635609;52;52
183.827956435555;176.198161757428;180.149501384865;1.53849638514949;180.143021797544;73;73
185.438561492204;175.013749732487;180.390796608302;1.95362645677657;180.38039984728;58;58
184.036239688414;177.020027197898;180.565606389213;1.75986336736998;180.557172968242;60;60
183.99931048937;175.611721971176;180.443579069278;1.6487324632383;180.436155757428;69;69
183.88336630155;175.862498795634;180.171148539839;1.56453666400247;180.164483668744;53;53
184.921186628985;176.748284980881;180.92991486629;1.79639960445726;180.92115314944;57;57
183.553915713197;174.935245631619;180.28811739869;1.76999319339258;180.279544516115;75;75
183.828548741592;176.245155635113;180.568960419265;1.50273788325598;180.562808099204;62;62
183.6589100364;176.868694299528;180.482216615003;1.56925160947738;180.475494673462;68;68
183.169192791084;176.862603212104;180.545095566774;1.34683260697211;180.540151678593;63;63
185.028053469801;176.853486217693;180.883878677125;1.70051771459108;180.876038809905;52;52
183.899378359171;177.172381242022;180.602119281159;1.33042564458374;180.597301909523;59;59
184.745830369514;174.928035882416;180.56499671819;1.6457093230047;180.557608823155;67;67
183.393945993361;175.226636729509;180.44895220588;1.68027746953391;180.4412457259;67;67
184.162171903766;176.877120174078;180.415823838674;1.63149263399145;180.408565913368;62;62
183.901366112066;176.825787779885;180.491677516696;1.71199817867205;180.48369801297;58;58
185.255292260024;175.403950429047;180.654613400433;2.0511732125901;180.643206057723;49;49
183.146827981066;176.182019727654;179.985212220983;1.57712003810049;179.978395711493;74;74
184.765934201546;175.52892849247;180.383889979642;1.80387040269703;180.375025761098;58;58
183.470440724951;176.592952125872;180.145682684603;1.58844073428695;180.13883864985;44;44
183.738487423095;177.24194354099;180.558447440767;1.6612799705897;180.550932117778;60;60
182.632511538003;176.593316799187;180.365709282224;1.39276507920082;180.360422954117;59;59
184.807673900647;176.560886472474;180.462057973434;1.66542556254479;180.454510209719;56;56
183.968880358737;176.921132306423;180.779598097718;1.58904174776364;180.772728665081;61;61
184.264913183712;176.853138830637;180.151133170233;1.49156062517273;180.145061294055;60;60
183.672511986345;176.193729013837;180.428549929537;1.67354443523703;180.420915618586;61;61
185.271836388132;176.980997068819;180.501997522418;1.76557538444853;180.493503915541;61;61
184.778212823745;175.862498795634;180.344343803449;1.82639622661902;180.335237647938;65;65
184.181391867209;177.119670391211;180.515035162235;1.30479915628608;180.510413740597;50;50
184.211567497746;176.168012176138;179.953475352586;1.61318434200527;179.946380983211;53;53
186.226328823321;176.909315722491;180.540170372311;1.87399887271206;180.53061473909;57;57
184.193263617181;177.704580058718;180.744644896343;1.70059368560072;180.736787298591;56;56
183.751254255247;176.702883310844;180.568686822548;1.51903367776824;180.562395578206;65;65
185.009131206463;175.342105274947;180.513145734991;1.82878587779506;180.504053305621;54;54
184.516550021667;175.611668116052;180.285496988791;1.95563973363752;180.275101964367;50;50
184.516550021667;176.114229024735;180.401155692463;1.53484068537168;180.39473523779;60;60
183.995953521089;176.352820281692;180.340468359421;1.517913038719;180.334184888993;61;61
184.516550021667;176.98500566286;180.238480534306;1.70424489549064;180.230553071975;62;62
183.708742379514;177.356230628546;180.302127623414;1.54302650113071;180.295623438361;67;67
184.218570457955;176.506783056228;180.680028930504;1.75149515604941;180.671680813479;60;60
184.002493288972;175.17753653353;180.246822588104;1.64275762962137;180.239465514552;58;58
183.968880358737;176.593316799187;180.300920701967;1.71921063907423;180.29283943109;71;71
183.428469367209;176.089990437617;180.123908202403;1.64916299977675;180.116490866939;57;57
183.661132328675;176.482813881259;180.624905431509;1.52714768938442;180.618589800837;46;46
184.766358664179;176.559298886673;180.351817670589;1.66839143194844;180.344210807636;70;70
184.516550021667;176.527798589529;180.540677540042;1.67127322077132;180.533066620253;62;62
183.933324265159;177.152538910089;180.535928579635;1.38630146698419;180.530696142715;59;59
184.232345653136;177.720201012718;180.35293667545;1.48291573110599;180.346916292965;80;80
184.774199994299;176.92937027337;180.429669682041;1.50407477753631;180.423500047029;63;63
184.274914382588;176.595960741276;180.600938678638;1.66788660829996;180.59340074896;47;47
184.256003053717;176.761303180241;180.408997371592;1.4617447860155;180.403166566105;65;65
184.248017522479;175.122846875784;180.219325869062;1.81726764414025;180.210300053803;67;67
182.714929544481;176.622460703589;180.141299652927;1.45079138919056;180.135576719325;49;49
183.889446173494;177.449944148908;180.595024620851;1.43665481106332;180.589402321155;62;62
184.132174284685;176.855366028864;180.205470224022;1.48876454406731;180.199428310281;57;57
183.422401745171;177.281858296081;180.686743133679;1.32707485158319;180.681967111131;50;50
184.897361954242;176.798332749131;180.665611849245;1.64303111326502;180.658240187486;75;75
184.516550021667;176.370457014944;180.267000314456;1.73764320334871;180.258758249123;63;63
186.321679182175;175.862498795634;180.140801983936;1.93256737829995;180.130651282408;48;48
183.899705754701;176.615659656659;180.726505945114;1.66933452819234;180.71892905706;58;58
183.234173254051;175.607735806148;180.255375089419;1.7957611753556;180.246565433022;66;66
185.000377114477;176.877682981633;180.146056120912;1.67293916152565;180.138429260382;55;55
184.516550021667;176.776535273451;180.557269803738;1.56324631325814;180.550621191284;57;57
184.516550021667;178.026011602142;180.83124116134;1.64065188856691;180.823920342951;61;61
182.826377586314;176.167094248095;180.443959708275;1.57184401225228;180.437235683578;56;56
183.98698220536;176.353562618927;180.494338311309;1.74014393491221;180.486085064363;62;62
184.006826243298;177.041627231474;180.440106707306;1.47054083801687;180.434205136369;66;66
183.978671741275;174.72479767054;180.209346014466;1.91867849043264;180.199317415557;55;55
184.516550021667;175.862498795634;180.711983046078;1.8156621906668;180.702986545766;73;73
185.920023811772;176.895149679274;180.517574662359;1.87264743774869;180.508031612195;57;57
183.646801191993;175.862498795634;180.32269415238;1.58412458267825;180.315857874814;57;57
186.23368289041;175.034676091034;180.07169202819;2.03576901474326;180.060369762081;62;62
184.786915751444;177.183484529345;180.508650526222;1.81801016568537;180.499678274103;50;50
184.765404415983;176.086392965124;180.341657252308;1.88125889988372;180.332002950901;62;62
185.224805631075;176.843408127414;180.516596725821;1.83046491149371;180.507460911824;64;64
183.228074977068;176.560170081117;180.136403444599;1.52141295602716;180.130087383345;59;59
185.552248582384;176.858388392469;180.530025659577;1.89343946055122;180.520239889648;69;69
184.166218148232;174.272968421925;180.015260877028;1.68532084510074;180.007498881758;62;62
185.530774830344;176.170470947335;179.905306570471;2.13485876138764;179.89289792256;49;49
183.688029660096;175.862498795634;180.466929930962;1.67251074065513;180.459306669892;61;61
184.516550021667;176.718882162074;180.491997147865;1.63310204164467;180.484715875454;69;69
185.629635089516;175.862498795634;180.797670795649;1.56350620000105;180.7910228856;60;60
183.714359028323;177.020979684368;180.369371311695;1.52631612897476;180.36302457176;58;58
185.043851282343;177.267494152526;180.676172599656;1.57800344333263;180.669382767075;68;68
184.109212341651;176.949924468044;180.560894009671;1.62443935508577;180.553708414995;60;60
185.699687901228;175.862498795634;180.58657897927;2.01841186768627;180.575489952503;59;59
184.879692154615;177.137359095766;180.712788611217;1.50818474800733;180.706594930863;63;63
184.516550021667;173.424221335888;180.628273184373;1.80552808028366;180.619397029838;61;61
185.158798158025;173.698985989126;180.33826780896;1.97562479256873;180.327629322683;59;59
184.516550021667;177.03290893988;180.637003621068;1.76852200883836;180.628490374406;60;60
183.772097649608;175.862498795634;180.191208615633;1.68523422413895;180.183451024774;64;64
183.408823793201;177.533430417403;180.53454921785;1.43382353322351;180.528981875271;45;45
183.405107830329;177.286178582617;180.482189728773;1.50448831589827;180.476028974667;57;57
184.099321259012;177.494079336156;180.678784284251;1.73667328536623;180.670608035871;49;49
184.212860970461;176.301569938837;180.029034557299;1.89505968131583;180.019241549101;55;55
184.771563521236;176.356830499501;180.461489498371;1.49878072316992;180.455348492538;75;75
183.96896735182;177.037007421084;180.407367451224;1.53729873463186;180.400951143935;49;49
184.212860970461;176.357201210435;180.341853175118;1.52112572827117;180.335561328763;52;52
183.902421084252;176.121501362273;180.098644252601;1.47903068707843;180.092657763457;70;70
184.516550021667;177.767834643249;180.664434300466;1.30907868094604;180.659769255205;61;61
186.433022247432;176.889789356599;180.514341015948;1.59044841165433;180.507451217508;60;60
184.516550021667;176.627862959282;180.756356625089;1.84998489916766;180.747032815101;66;66
184.253495281808;176.62459177419;180.557946918868;1.65408797535009;180.550513184817;53;53
183.761892395125;176.138997594532;180.348060118627;1.68319009963783;180.340356390046;52;52
184.193294422855;176.909565796194;180.255569161591;1.78015700506395;180.246927757383;59;59
184.19461558989;175.862498795634;180.892863600284;1.78515514389732;180.884242338655;47;47
184.1485040758;176.645382120614;180.592162544858;1.71908212355136;180.584112242734;62;62
183.915552609761;177.123085650401;180.371843748746;1.47246945654177;180.36592048866;69;69
184.848296619922;176.77000442238;180.339770117756;1.60209710345488;180.332770311702;61;61
183.842601386444;175.548141193279;180.266469706251;1.74152747603491;180.258195104609;61;61
185.545683689898;176.895149679274;180.699180340939;1.75844140533811;180.690762167169;62;62
182.667118422083;176.368044346772;180.397519476383;1.43586165376351;180.391903590689;58;58
184.232859304783;176.392830651576;180.367957724968;1.68294701039546;180.36021363375;73;73
183.786434732625;176.413413011653;180.355794499037;1.99413544858379;180.344953656767;60;60
185.039513100621;176.317901249379;180.296846947481;1.69776772778644;180.288993487219;57;57
183.494606282285;176.534507988942;180.344426260249;1.75657871173359;180.336016403113;59;59
183.390163208753;176.453974258396;180.343760960848;1.51670594880722;180.33748427547;63;63
184.516550021667;176.559692157419;180.566438876453;1.57156114012048;180.559701779936;67;67
184.30026738434;178.026011602142;180.66732491498;1.46541765261961;180.661516789535;44;44
183.404082316709;175.862498795634;180.366220511973;1.48731267667631;180.360193896584;58;58
183.557063763899;176.491838009897;180.25233668268;1.58148586092921;180.245524927911;55;55
183.653587069966;174.295671957487;180.204343379227;1.88221482166114;180.194688887288;56;56
183.432200569075;176.155920955811;180.452670792452;1.58888449739697;180.445783218879;65;65
185.040053980886;175.52892849247;180.784317960539;1.73549136498833;180.776115755285;65;65
185.020766947395;177.339411006344;180.346344144871;1.50297319017098;180.340187437332;59;59
184.516550021667;177.024174108971;180.403912060573;1.67197977285142;180.396295283555;59;59
183.124210760709;175.360197122743;180.614655092513;1.54117531226632;180.608203657368;53;53
184.28394481245;175.862498795634;180.522062557459;1.78391773919232;180.513397413727;59;59
184.516550021667;178.026011602142;180.769606510773;1.35062896902167;180.764632877751;70;70
185.90058118444;176.759331569852;180.203838471326;1.85228145298626;180.194491686249;55;55
183.23300868602;178.350563974293;180.836223731307;1.23289201267708;180.832106694459;49;49
183.989119654438;176.405289412383;180.419580082342;1.51276895005828;180.413341865541;61;61
185.084666390017;176.618125187621;180.753478578229;1.64506965323359;180.746142113876;50;50
183.934290683144;177.381727341548;180.644300161645;1.45024165476777;180.638597488189;49;49
183.087523614682;177.125140753098;180.436515880441;1.51684334464081;180.430267598358;50;50
184.516550021667;177.688627371503;180.597770937164;1.65490634380799;180.590316936883;59;59
184.191738036387;177.033144368913;180.719517838356;1.80573941385638;180.71071099547;42;42
184.891116218811;177.033144368913;180.284513702153;1.50209020842;180.278338392766;76;76
183.929158397845;176.759331569852;180.777018267298;1.61675390564087;180.769901483916;64;64
184.766083874307;177.710310836054;180.659373896296;1.4535144582393;180.653651010646;47;47
183.407715736829;176.925757815064;180.130090581806;1.5491858074805;180.12356746372;48;48
184.073134411096;174.122919267403;179.921324336453;2.07368185530712;179.909576394792;59;59
183.462414614905;177.440586205316;180.478020093473;1.48654348548249;180.47200343966;58;58
184.516550021667;175.862498795634;180.818307261463;1.67233026935362;180.810685757477;69;69
183.730705784538;176.190134846665;180.582303311569;1.58082690932762;180.575516927268;52;52
184.250389990611;176.587892015236;180.557620442378;1.52185113439032;180.551317360205;58;58
184.891571922696;177.063972833673;180.459817216842;1.66845109011539;180.452221040941;66;66
183.070469438441;177.202787874627;180.465955069409;1.48514336208571;180.459979781586;45;45
184.171301004169;176.668165038668;180.653980373669;1.55376677346865;180.64740798187;61;61
183.983755211867;176.849010456948;180.517827145158;1.63223461864088;180.510556219356;68;68
183.982846045955;175.572658403541;180.825154954443;1.79597086731564;180.816425638942;47;47
183.368804102024;176.751883485395;180.186259621547;1.58684081011117;180.179376388331;67;67
184.869668165025;177.327623925303;180.81517412028;1.65052059361315;180.807756705753;65;65
183.719192184802;176.199883026273;180.431712192877;1.68084105512783;180.424005283019;64;64
185.432170228362;175.010216912774;180.274212151259;1.8779778737858;180.26460480208;56;56
183.404082316709;177.300269854653;180.314755464063;1.54049060034748;180.308311973114;48;48
184.861235127774;176.405738618274;180.585827699249;1.76715364221462;180.577332797762;57;57
183.334655601328;174.515336230014;180.244807759721;1.67134716964768;180.237234802834;44;44
184.736639594481;176.551504817816;180.431562163033;1.67686402532198;180.423886223211;67;67
184.516550021667;178.026011602142;180.291062191128;1.43046658183842;180.285492385265;54;54
184.203095545141;176.971421003067;180.485299426125;1.73433469840059;180.477100782564;62;62
184.007651206667;176.543097331069;180.296139842695;1.43357506960581;180.290524230494;68;68
184.267672347569;176.534507988942;180.254852138992;1.52885409472396;180.24848422109;56;56
186.005073868701;176.900117568686;180.274295449165;1.98561739373432;180.263525597333;66;66
182.884232525757;175.862498795634;180.380021991571;1.5869338655372;180.373155594621;61;61
183.761892395125;176.787672050873;180.43175981751;1.54131022892518;180.425308164809;50;50
183.291529314053;176.893289162911;180.424774399597;1.50974889978316;180.41856297076;60;60
183.421742383173;176.866103132036;180.158158943644;1.53179925111814;180.151757123434;59;59
183.106087420828;175.615719963418;180.562657487132;1.63072269863024;180.555418346944;59;59
185.207729524451;176.593316799187;181.076182535025;1.72628517179057;181.068105991278;54;54
184.770357847532;175.214278841187;180.425854630687;1.80737578199268;180.416941187606;65;65
183.420280961281;175.567595792139;180.47899899461;1.61645337805166;180.471907734977;49;49
184.516550021667;176.798830003258;180.282980835863;1.61880469280011;180.275821348284;67;67
183.618970384518;177.353084762434;180.356347329737;1.4043734667345;180.350964993062;64;64
182.353037215158;176.191659537175;180.340033992551;1.34132802929409;180.33515653057;45;45
184.827186448414;176.54518341926;180.662705273621;1.92737798647701;180.652617974887;53;53
184.79709951055;176.203847540787;180.318772548612;1.69960846417179;180.310893791071;61;61
183.93317954554;177.145723778224;180.419825205619;1.53971896745368;180.413401042485;45;45
183.981516959541;177.725320595238;180.674485018099;1.5462240042008;180.667971938221;64;64
184.516550021667;175.076560906791;180.664802809192;1.95351851180516;180.654422964555;58;58
183.809669307054;176.96243431365;180.36727072391;1.52547448981344;180.361003999636;35;35
185.081866057378;175.622233871381;180.449300212594;1.92039757047566;180.43926367679;56;56
183.746081602341;175.862498795634;180.59713287107;1.84277909257165;180.587908340568;53;53
184.050654824911;176.317901249379;180.451211430158;1.68897884611993;180.443453424923;54;54
184.516550021667;175.549339938678;180.392761622857;1.66111539582975;180.385269503628;49;49
186.152510528262;176.577910170727;180.727982572774;1.74602003924987;180.719698809739;56;56
184.152128735449;174.54688548389;180.662112299346;1.83099354113186;180.653019166193;50;50
184.790177113693;176.920343841252;180.93491957527;1.72793650672245;180.926810715929;58;58
183.703894245124;176.69819706499;180.456500066182;1.86070669535705;180.447091326141;52;52
184.516550021667;176.260826058847;180.33479837103;1.58233649617705;180.327980150743;56;56
185.054093902687;178.026011602142;180.673368282885;1.60498150795479;180.666349028486;65;65
185.492067530899;177.123929471855;180.403414046547;1.5421817596271;180.396926875858;63;63
184.516550021667;177.039812438508;180.68178623969;1.67215774482676;180.674177372142;60;60
184.217337361838;176.854146407553;180.081816780428;1.60920268482145;180.074755152754;56;56
185.806966204221;176.361815207236;180.587230765804;1.71807480756996;180.579178044319;68;68
183.740639913594;176.918257945194;180.777254596771;1.75370426961605;180.768955610622;41;41
183.694301300803;176.630150459088;180.535637409983;1.71146596140385;180.527718093767;42;42
183.486075262565;176.849578684205;180.407520206306;1.51045999326781;180.401288583704;69;69
184.516550021667;177.135309359283;180.225207020637;1.76179544859351;180.216786949773;45;45
184.516550021667;175.862498795634;180.075744009133;1.87051415898675;180.066208796227;54;54
184.516550021667;176.545167612972;180.47621409863;1.57628056972895;180.469498243925;41;41
185.14992949426;176.226841390123;180.03689331222;1.88799245788252;180.027187753561;51;51
183.502273370309;175.159194649942;180.45036635102;1.53170043784667;180.443977622123;58;58
184.189203171698;176.776535273451;180.636275479792;1.53316530673785;180.6298792115;59;59
184.249052977831;177.467293650936;180.533119947218;1.44198070698679;180.527491941048;44;44
183.628750330523;176.099018875078;180.343912104759;1.7560071165189;180.33555277824;45;45
185.343525688315;177.388817935952;180.602626257214;1.72662473217964;180.594514807636;58;58
182.619205725213;176.355498101753;180.052288004;1.69726122790461;180.044433671482;55;55
185.067707150462;176.138997594532;180.296069220711;1.94834932932113;180.285736565133;54;54
183.984354633989;176.17492038389;180.378895152638;1.61372541337994;180.37179114776;63;63
184.221686285436;178.026011602142;180.535887034516;1.62831302844321;180.528677254762;55;55
183.54801599057;176.527726573268;180.242662647032;1.69440975224921;180.234860684658;49;49
184.516550021667;177.272622228248;180.504143284745;1.74183422187637;180.495921595837;46;46
183.646801191993;176.583656045949;180.55705314111;1.58436357174573;180.550223676986;57;57
183.971792614695;176.99216996464;180.428891750879;1.58266952884931;180.422074217512;56;56
184.516550021667;176.899343226133;180.761425801813;1.80481833335483;180.75259933293;49;49
184.013348405656;176.537487755108;180.531363049393;1.69953126508052;180.523508592186;55;55
184.516550021667;175.862498795634;180.58136402319;1.77030789967998;180.572859871625;50;50
184.187410474962;175.613416301349;180.716993322252;1.5536442234475;180.71042992169;58;58
183.940821805722;177.655290269232;180.296737113608;1.5759811808054;180.289967884607;58;58
184.516550021667;175.613435623588;180.588621859368;1.88046761237253;180.578999761527;58;58
183.505141333304;176.251214044953;180.57230677988;1.50725723044313;180.566109941137;67;67
183.137897048921;174.978214736161;180.249713108307;1.56560509033217;180.243061562797;46;46
183.846145394493;176.839952417294;180.62232483405;1.69837352659283;180.614502802543;49;49
183.879866711481;176.489010541414;180.528743194091;1.62578672954881;180.521555484688;55;55
183.88807767092;177.123085650401;180.403423246704;1.54384631129924;180.396967345004;44;44
184.122099621248;176.594074234022;180.561277287711;1.56019096824415;180.554648873529;60;60
185.224805631075;176.217759583568;180.51553658993;1.85721845155377;180.506129412598;65;65
183.124103563464;176.917313274449;180.631108487022;1.3983903306931;180.625797586821;53;53
184.057658573294;177.381387905654;180.684932092584;1.61737504974653;180.677837880829;50;50
184.766500660089;176.561385619126;180.457494745702;1.60432237513187;180.450521629295;45;45
184.094991533726;177.561037223272;180.87600834491;1.52939128416315;180.869679946219;47;47
184.003225899631;177.033144368913;180.75794045989;1.56733658402262;180.751256611251;61;61
183.203838811056;177.045540218853;180.387011564995;1.40515815867999;180.381631374934;59;59
183.59789190536;176.92937027337;180.145736671358;1.71958881937222;180.137661660399;62;62
182.955246631483;175.862498795634;180.038393130049;1.63229518463916;180.031128021491;55;55
183.288068187438;176.856365496042;180.521612315555;1.42904889053566;180.516045679721;63;63
183.383385949341;176.173432378386;180.136317728317;1.44151796438057;180.130647616042;59;59
183.724546727619;176.890437853824;180.128940365103;1.60766799926049;180.1218699064;69;69
184.757532574201;177.514476337502;180.592274924164;1.65597424596246;180.584831260001;51;51
184.176590261457;177.718161713847;180.59771402311;1.39166045183718;180.592438460086;62;62
184.113241058476;176.208161649226;180.535306569436;1.50966949446231;180.529088605092;67;67
184.810878539232;177.118633532972;180.821524987732;1.87060352228764;180.812050595271;48;48
183.243003902253;176.96243431365;180.29074454871;1.58568166101457;180.283891501949;58;58
183.981445180426;174.821599439802;180.240422358737;1.71046609835804;180.232436998448;62;62
183.046955583033;177.354002408835;180.523739784114;1.40549507331718;180.51837158929;53;53
184.248993534753;175.606685657964;180.47238520949;1.89888484266015;180.4625836367;53;53
183.421083871544;176.482813881259;180.505933796133;1.66807442801595;180.498359097741;58;58
183.396240744118;177.123078614777;180.552480254438;1.60029321441208;180.545545770032;45;45
185.471457127055;176.885192554657;180.468114867368;1.81394177330853;180.459167215399;54;54
183.369663193282;176.624644105249;180.490369956484;1.603000147705;180.483368104378;61;61
183.450125016548;176.11631883338;180.600639679783;1.67189247318811;180.59307671152;44;44
185.175387366527;176.652391591703;181.091985091144;1.64194954987819;181.084655735444;65;65
184.762126413857;178.628414682677;180.8532286044;1.41186653520294;180.84781253286;58;58
185.557256727672;178.026011602142;180.560663989059;1.73412113515069;180.55252573412;44;44
184.260572699485;176.474475965956;180.518144268247;1.96507892064518;180.507626525327;60;60
183.858301167209;175.02779638668;180.516972206956;1.74687263311789;180.508645877426;67;67
183.221024754336;176.633043676568;180.460348715109;1.3998091763764;180.455018271308;55;55
183.248797032611;177.127018103761;180.672738243556;1.39358645716831;180.667471070127;50;50
183.623656284476;174.742152558996;180.222698847661;1.59491909098183;180.215777144017;52;52
185.060016510292;177.506221378825;180.693322294908;1.48426033496723;180.687335010035;56;56
185.573297182802;175.862498795634;180.398338263974;1.91634799039814;180.388320993022;63;63
183.584190369507;176.861192814823;180.55295249299;1.41782844494311;180.547524691905;40;40
183.920404263653;176.590728744939;180.483040974897;1.60967092848937;180.475984427261;59;59
184.844905808545;176.609846235264;180.614974898647;1.7006809870109;180.607089187513;66;66
185.029666367641;174.454369924302;180.174774583146;2.17702663614971;180.161852508433;57;57
184.018371751569;176.161667530272;180.513840541628;1.89486580546371;180.504086266932;52;52
184.873666598457;176.900455079011;180.563396320426;1.73213055323216;180.55522885437;59;59
184.766536438032;177.720498221695;180.710768349427;1.52052204808863;180.704531237664;40;40
184.516550021667;176.866278150739;180.538216582415;1.464903474869;180.532374039865;59;59
185.167708337728;177.374040402074;180.647224033262;1.65623982802625;180.639764574829;57;57
183.395096830315;177.678217855422;180.523484438791;1.38202209904738;180.518311793993;45;45
184.516550021667;175.862498795634;180.008901133504;1.58205655235467;180.002070807351;57;57
184.089398350933;176.895149679274;180.77800638946;1.66457446251559;180.770479516771;56;56
184.862426255823;176.644041598927;180.401622795241;1.57249496851414;180.394903619356;51;51
184.249097732487;177.321891589197;180.505867825071;1.54865981037961;180.499352060154;52;52
183.948179516126;178.026011602142;180.731141232649;1.40818992247715;180.725745040866;61;61
184.516550021667;176.710316734025;180.595170917439;1.81142352573205;180.586292606861;44;44
184.516550021667;177.795590615804;180.773804074747;1.8230248981496;180.76479924136;49;49
184.762126413857;176.230156227697;180.67608485405;1.50538031585799;180.669908408124;66;66
182.88974950894;175.06001859533;180.070793509673;1.58126871784905;180.063998246941;47;47
184.245573197234;177.055649805454;180.557961746864;1.81869208426435;180.549025429253;41;41
183.640531342906;177.292549656557;180.689658848597;1.60356454406171;180.682659793322;61;61
182.90962927872;177.028518436663;180.298640636618;1.65191252972895;180.291241164788;45;45
184.516550021667;177.000390616009;180.537072736153;1.56328272813632;180.530427388127;55;55
185.058295066495;174.968645227848;180.313182714926;2.03355417968103;180.301883883797;68;68
183.434181006593;177.165253069121;180.413443163249;1.44835509607292;180.407761521706;44;44
184.274914382588;177.208519902804;180.577502668378;1.33120498690161;180.572693963859;50;50
184.229664267129;175.862498795634;180.44717784001;1.64923401195486;180.439758692959;64;64
183.17132386913;177.520197208727;180.1025575642;1.43682589874749;180.096973066169;39;39
183.369711458277;176.210472347092;180.290584249148;1.52363111607205;180.284255174326;59;59
184.516550021667;177.649713429555;180.606895261971;1.57904928506253;180.600115571569;56;56
184.516550021667;178.026011602142;180.615480404333;1.53467196102741;180.609090712568;50;50
185.262679864629;176.891515365377;180.775305647698;1.56495979981447;180.768659458054;53;53
185.019003190321;176.424789158813;180.57052071113;1.73204241473317;180.562341401414;65;65
184.859494719947;176.183744487824;180.500311535914;1.89759452064198;180.490563291928;44;44
185.394641913464;177.134903772429;180.707909298509;1.68118331593897;180.700270712032;43;43
182.692840781706;175.862498795634;179.908965958091;1.64436835974127;179.901601337378;50;50
184.516550021667;177.273193995622;180.523780893577;1.67110612699093;180.516194775393;52;52
184.119139900955;177.541325720791;180.688846758266;1.51647303774828;180.682594617757;57;57
184.516550021667;176.438109753944;180.722080361787;1.54250039724146;180.715598738867;65;65
185.090080106468;177.466150708393;180.979522898123;1.62312754739285;180.97240242112;46;46
183.364465405008;176.61295937815;180.240833156541;1.55851727851616;180.234196986934;66;66
185.090080106468;178.026011602142;180.516408295717;1.58294833092265;180.509598682191;53;53
185.443228912273;176.21220360331;180.933882123362;1.97701784279878;180.923305656948;48;48
183.932632693856;177.202787874627;180.627390871267;1.65678351546837;180.619954058639;47;47
185.654441842041;176.601493389583;180.585722950394;2.11059232209852;180.573713369031;38;38
183.16256320722;176.911736953732;180.323841563678;1.58653193635431;180.317020713915;44;44
183.907880454977;176.363621050634;180.410223732177;1.74138485805524;180.401944739763;67;67
184.516550021667;176.113918687937;180.489628866269;1.84149609391678;180.480391009339;60;60
183.714010077456;176.390640206217;180.392024384482;1.70612433580653;180.384102753025;55;55
184.516550021667;177.420583977764;180.651695099096;1.63940690615368;180.64439922911;52;52
184.018371751569;174.92620111957;180.034724569576;1.83634060549779;180.025503146653;65;65
184.516550021667;177.291193156321;180.593838873567;1.68059665218604;180.586158577533;56;56
184.516550021667;176.140738035459;180.523864898043;1.69003987107521;180.516125747871;46;46
183.91094440221;175.562672489073;180.583250551723;1.60965529740945;180.576211822756;53;53
183.659448175948;175.075473151878;180.160580521788;1.56084406917673;180.153944323148;54;54
184.165294661785;176.905602055252;180.614974415302;1.63311992267083;180.607720469662;57;57
184.247988008364;178.516770272911;180.973217389918;1.18163783557521;180.969447360175;44;44
183.984848403433;178.026011602142;181.192144086594;1.55484019197552;181.185624414557;44;44
184.057658573294;177.776685332857;180.808026471151;1.31435255450101;180.803348707401;48;48
184.516550021667;176.13284950289;180.679761595692;1.62757503294895;180.672577415052;50;50
183.789238246942;176.828130405643;180.688817088209;1.61045894156696;180.681770521261;55;55
184.516550021667;176.695413045573;180.141256296414;1.72263488074839;180.133164103703;57;57
184.198258982894;177.318446774773;180.094246346016;1.58296102845532;180.087459079072;41;41
184.516550021667;176.921671040638;180.555810953523;1.66764361970036;180.548254785819;53;53
183.797074847952;175.862498795634;180.522635288724;1.54545054047309;180.516142392208;54;54
183.186404687;176.242881203168;180.312017821138;1.67960220211116;180.304339795499;54;54
184.516550021667;176.908313077928;180.757838984269;1.76009526167032;180.749478500855;41;41
184.216034997224;176.353815506765;180.450141871496;1.66524159878138;180.442588299886;59;59
183.217478606823;176.730563399221;180.410836367514;1.57648140007679;180.404120567024;40;40
184.793803976317;175.862498795634;180.485361534302;1.69240162238397;180.477573526706;54;54
183.786025488426;177.553211927652;180.301778048334;1.43352596175569;180.29617261378;61;61
183.206439513908;177.729671739219;180.286255767044;1.4619375893832;180.280449229989;49;49
185.158841713266;177.663082046923;180.864031979652;1.54169170955725;180.857625415525;40;40
184.842516010575;176.592508742848;180.723038783187;1.80150561039396;180.714197710477;65;65
183.694914911744;177.401166931974;180.412438435718;1.66581426898121;180.404890157857;54;54
184.516550021667;176.60383396739;180.543872699445;1.78220875447829;180.535236038832;55;55
184.011690758371;175.516195504388;180.273514361454;1.733308773578;180.265307648256;66;66
184.516550021667;176.968166556581;180.463948995653;1.68461986891321;180.456219188341;59;59
185.121977646045;177.270385210212;180.689506156558;1.51281255182129;180.683286169954;56;56
185.668541758294;177.225331452092;180.662252723501;1.71754440677437;180.654229016924;58;58
184.268975127203;176.081533696288;180.248109744431;1.93268471340366;180.23792360628;59;59
184.175744168708;176.738227755461;180.480395164563;1.53771555252208;180.47396559602;54;54
185.606340484785;176.74495458934;180.684100643538;1.88002878530512;180.674482497117;60;60
184.516550021667;177.037177073517;180.409406344596;1.7591621584493;180.401033612029;42;42
183.459165458523;176.924641636413;180.40202870606;1.67246089424473;180.394428077522;51;51
183.725884087441;177.443995015303;180.488608023468;1.33397213366568;180.483774994854;51;51
184.516550021667;175.591635330337;180.77973106584;1.78597886026376;180.771081722955;51;51
183.999606601671;176.272268751426;180.614215285969;1.55216630090745;180.607708320021;41;41
185.596012876987;176.206812507432;180.199035875876;1.96261727031932;180.188532031142;58;58
183.230572328946;177.422160910339;180.451300095452;1.456984597421;180.445509976935;64;64
183.480317629652;177.333692139832;180.634002482368;1.52976063717581;180.62762437615;65;65
183.728241612997;176.464032183112;180.580296653358;1.59381875952878;180.573376368399;62;62
183.710031760623;176.55348465746;179.863355865443;1.54488279673679;179.856859314473;48;48
185.282060051777;176.19393291316;181.028629098241;1.77684254145979;181.020094347531;47;47
185.295112612849;177.112924717859;180.558703109168;1.64166149723181;180.551370799602;57;57
183.722700368005;176.254963658215;180.55309965104;1.69890814503299;180.545284193374;45;45
183.510978031846;175.54248749381;180.325631467943;1.77725537264234;180.317024118372;58;58
184.018379130742;177.02240726574;180.79192605169;1.75983864174838;180.783559864927;43;43
185.032239725564;177.672742193122;180.43398589736;1.63220602265741;180.42673750979;55;55
185.849671617487;175.862498795634;180.459146953613;1.9779834373294;180.44847583808;64;64
185.282622887107;176.152103664202;180.623285749186;1.83407934324017;180.614128937667;60;60
183.98414026149;176.724520033836;180.861029372449;1.73093708351376;180.852911851976;50;50
185.756296861497;176.405479269894;180.555688475856;1.75017685089459;180.547375456863;50;50
185.629635089516;175.862498795634;180.387295783083;2.10581005151053;180.375296606186;42;42
183.889602139403;176.660529438548;180.607672976923;1.4680545646521;180.601792871743;69;69
183.587560715524;175.621239005032;180.36360009664;1.69928609673559;180.355761827445;48;48
184.85447714868;177.183484529345;180.746438726763;1.4316941628632;180.740903416353;42;42
185.190428544837;176.939112532357;180.716449619785;1.68295860762604;180.708776269417;48;48
184.516550021667;176.576986514939;180.754324632906;1.76197694692578;180.745866756522;66;66
184.197161800915;176.924281419213;180.200713934935;1.652508692808;180.193301436461;46;46
184.516550021667;177.330233151365;180.603662773254;1.84813950013004;180.59444282146;40;40
183.323847663672;177.175941396529;180.354656594369;1.46281829441454;180.348838279122;52;52
185.260703327728;176.186868714588;180.611339793814;1.86007222183795;180.601974184715;45;45
185.206468917845;176.45148840868;180.448349319751;1.77487149221152;180.439770883983;58;58
184.253663992874;178.026011602142;180.92996819681;1.65488276242131;180.922554274727;49;49
184.858261422306;176.65637147624;180.619557410289;2.11127817615674;180.607674576632;27;27
182.888110801517;176.182240437684;180.080454981363;1.62580936875698;180.073294743702;41;41
184.006739305077;176.621137544668;180.606556284208;1.6089503393846;180.599556074938;43;43
183.135442453227;177.672983500056;180.924936894191;1.38214697871462;180.919887015591;23;23
183.385806349341;177.521172889764;180.295014315969;1.4835202138812;180.289040657462;47;47
185.837058788737;177.28701700825;180.388262991233;1.95993189268868;180.377868798476;42;42
183.39619373655;176.318911521714;180.547039947974;1.6147655503548;180.539945472579;57;57
184.516550021667;176.219314149153;180.633178405664;1.68534448685572;180.625490655618;45;45
185.203501258186;175.082312160081;180.271983723296;1.64939167267034;180.264570425217;57;57
184.264042810257;175.595876683304;180.487126489279;1.89866619808273;180.477395618435;39;39
183.933581989656;178.026011602142;180.714542595537;1.21404503307052;180.710540076431;54;54
183.853022692916;177.276933196068;180.681580494153;1.53227833465653;180.675241575209;41;41
183.561112177781;176.855327387249;180.5185492929;1.57164916079359;180.511825499975;58;58
183.937055657097;177.769273192075;180.5861527437;1.70308744397799;180.578317635309;41;41
184.275290231008;176.193515909646;180.433390490514;1.65591237405496;180.426045125526;30;30
184.516550021667;176.68312049644;181.485486022903;1.98043040059347;181.475400553452;15;15
183.948179516126;177.068555488431;180.652816298121;1.63618472764474;180.645532218663;59;59
185.615583623519;176.481423053327;180.652229276974;1.69961832124065;180.64438765783;52;52
185.03992791691;175.623477257989;180.386946279575;1.48907438072234;180.380897662341;63;63
183.717900783975;176.301569938837;180.401262016272;1.62866218211607;180.394032621837;60;60
184.249986748584;176.144458745653;180.203307507314;1.78681765566784;180.194615788571;53;53
183.772097649608;176.099778006355;180.280798934036;1.38714143330253;180.275561115632;54;54
183.753069364216;176.748284980881;180.418366591751;1.78181026898897;180.409747376947;49;49
185.256006595584;176.116653650175;180.847689441635;1.5700439622614;180.841016070177;48;48
183.762239798618;176.375296080821;180.500613528076;1.46520817722476;180.494778748112;53;53
184.516550021667;176.088454568622;180.586647226081;1.72993740029724;180.578511693318;55;55
184.516550021667;176.308878733399;180.238359251212;1.80796079049059;180.229492763034;45;45
185.813007355005;178.026011602142;180.798690443898;1.67061985212418;180.79112026881;52;52
184.168571520504;177.026923931091;180.245438089844;1.45602855221226;180.239664000068;55;55
183.741069949406;176.167040243559;180.717495615221;1.57019560869995;180.710880745297;33;33
183.393052758352;176.388748895519;181.097376152283;1.4460123546205;181.091768004484;35;35
183.589296857594;176.121052636801;180.180063262095;1.60311819650354;180.173044606123;63;63
185.001235903018;176.67074372873;181.132495067323;1.67760910396364;181.124925287495;39;39
183.177285635247;176.576164680849;180.288245079161;1.54201705779601;180.28177037667;55;55
184.516550021667;175.862498795634;180.328259916809;1.69195663998233;180.320442495733;66;66
184.516550021667;174.676668716891;180.660119233945;2.04669098154629;180.648801475157;42;42
184.204300600926;178.026011602142;180.821320009114;1.6147063085902;180.814270545365;45;45
185.635216468976;177.577910423709;180.833807749013;1.64800354011048;180.826410254126;67;67
184.516550021667;176.873988747789;180.79470613166;1.80404160049082;180.785868842302;55;55
184.204763746235;176.744364866535;180.342614004344;1.59294039319467;180.335728449232;47;47
185.388411837086;177.577188197403;180.954589615075;1.62892924691041;180.947396103446;53;53
184.516550021667;176.710733199051;180.46795385235;1.70967034103619;180.460011099389;52;52
183.437015914782;177.417606639175;180.64201198714;1.66535222258218;180.634477484115;54;54
184.002493288972;176.085339745502;180.202951386852;1.57211974851078;180.196199049914;65;65
182.614464449101;176.186013686188;180.108292771136;1.40250190213153;180.102943497438;49;49
184.260608441635;177.392632129606;180.718335383055;1.52086330093332;180.71209573261;40;40
183.798947527747;177.265072047151;180.206915371057;1.53959900323298;180.200475485129;48;48
183.588511444162;175.862498795634;180.786038254316;1.62555700478782;180.778938735337;35;35
182.657352873008;178.026011602142;180.740616348049;1.10249928098014;180.737355648142;33;33
183.932083817587;175.212146728543;180.418681997614;1.61738116943503;180.411551115425;61;61
182.88060196152;176.97486960134;180.140464112383;1.66724114597657;180.132982406633;33;33
184.516550021667;176.981155695214;180.696846377541;1.78624586736261;180.688169585382;58;58
185.2633736168;177.670417198202;180.709994321263;1.5622543841102;180.703348472373;63;63
182.353037215158;177.27170435793;180.142958236983;1.48680156801828;180.136983977744;38;38
185.273936633244;177.784490678012;180.645632154934;1.6030913615572;180.638667107475;48;48
184.744269905642;176.15644773585;180.181829162675;1.68530530659051;180.174080950421;59;59
183.569400933624;176.823249394607;180.343321863188;1.5957952817413;180.336389780893;55;55
184.91487728488;175.862498795634;180.439093509264;1.82138941974524;180.430037746896;67;67
184.017374373287;176.775447690284;180.338358229965;1.8248698568286;180.329269206855;64;64
184.516550021667;177.221300923202;180.45139399427;1.72189287684511;180.443365253005;44;44
185.181316571715;177.419503600191;180.885788462535;1.57395326817143;180.879086264687;47;47
184.516550021667;176.853835606887;180.446670345934;1.45391265171522;180.440897838092;69;69
184.888420948592;176.234340114181;180.467146863445;1.91948695946813;180.457127587228;54;54
183.751956635657;176.888149344618;180.66933888693;1.79305818461393;180.660652897024;42;42
185.683952296706;174.197983442277;180.107913466077;2.10879449731432;180.095800575141;53;53
184.778806705903;175.533985643224;180.602097485529;1.59539401800836;180.595194505922;49;49
184.794302501501;177.280091052778;180.69897393378;1.61714944078271;180.691866745332;56;56
184.516550021667;177.348527521711;180.616015180272;1.52964705059639;180.609628964553;71;71
184.865096969306;176.943608280391;180.606731341024;1.52188469452328;180.600437884347;54;54
184.516550021667;177.259938736759;180.785397496045;1.44411640603713;180.779722624682;62;62
183.740982352606;176.435452712725;180.349816122524;1.75842969174297;180.341408343808;52;52
183.910815804997;177.577812477031;180.41972885842;1.48260766913519;180.413745840184;56;56
183.544918736208;176.527108450892;180.566412196565;1.40259917776897;180.561100769789;40;40
184.516550021667;177.477943128904;180.439977649916;1.54047451606918;180.433538765257;48;48
184.516550021667;177.271516730711;180.700805214819;1.65029140946552;180.693388847238;63;63
184.516550021667;177.013645726375;180.45112721044;1.52890421133799;180.444752950505;63;63
184.824370841046;175.519185750258;180.500664669427;1.7232928848742;180.492590437649;54;54
184.775787652314;176.548075884816;180.973807332008;1.56750130846431;180.967197412608;38;38
183.664835296874;176.36489051329;180.675961360328;1.60143538212452;180.66900594762;50;50
182.908345274304;176.603149588854;180.352232883178;1.48710469378465;180.346263122998;38;38
184.007527753755;176.945428587321;180.622651887862;1.78273109195836;180.61403352081;49;49
184.889003839244;178.026011602142;180.729932597592;1.63206473800731;180.722734724849;43;43
184.516550021667;177.263866292585;180.610093877278;1.4001482686151;180.604770965434;52;52
185.009131206463;175.538188655461;180.481534921435;1.78412806138441;180.472863296785;60;60
182.882191390195;176.813439375839;180.116023380489;1.31148479471906;180.111328218337;60;60
184.861522066418;176.427336727311;180.418021215534;1.74699710265585;180.409689131915;67;67
184.516550021667;177.791227011573;180.427314007831;1.56453458822781;180.420692138692;42;42
183.768251510938;176.917903018901;180.665533556287;1.65841930201019;180.658087145064;46;46
184.820863131389;176.904087369067;180.756536343381;1.84348850490665;180.747306400361;55;55
184.769125430955;178.026011602142;180.815304101387;1.45608269914567;180.80959151538;39;39
183.816122901813;176.472811280355;180.393379662981;1.84599133041098;180.384115915523;52;52
184.254298670714;176.510580300646;180.589074355559;1.73344094456154;180.580891066559;61;61
183.994881193352;174.261219062206;180.542541979372;1.89951231561263;180.532761809102;47;47
183.159341782325;175.523792481734;180.266713824709;1.95662506789408;180.256336199805;44;44
183.790170830536;176.112355847857;180.228640085676;1.97004436131512;180.218083809178;51;51
184.516550021667;175.530695459169;180.097256856585;1.64190567464874;180.089928193257;48;48
183.25298111873;175.862498795634;180.377312222817;1.52713827495977;180.370953441527;61;61
184.516550021667;177.506919830213;181.148615594134;1.5244298927894;181.142311766693;58;58
183.776233799563;175.437118672616;180.348996134006;2.03533111215199;180.337755263985;47;47
183.10475230653;176.610197311049;180.161860257159;1.46891718401628;180.156014464844;42;42
