41.5462372413212;38.6184590055432;40.1090713235483;2.07025184432904;40.0823481234322;2;2
39.5627096010339;37.9067660749718;38.7435859545704;1.17092889654044;38.7347378380028;2;2
39.2069579053981;-321.297393632393;228.876823535242;254.915071619631;-141.045217863497;2;2
40.6078499214702;40.2032044558058;40.4060337311148;0.286127552747687;40.405527188638;2;2
39.1884742442814;39.0321141812013;39.110372352159;0.110563260910756;39.1102942127414;2;2
40.0749562372639;38.9626015359593;39.5226924428774;0.786553552377187;39.5187788866116;2;2
38.369878949573;38.2528844484769;38.3114263584209;0.0827276050865703;38.3113816990249;2;2
39.9245340963894;39.3967858075407;39.6615377587595;0.373174393804522;39.6606599519651;2;2
40.1189190661036;39.2445774438855;39.6841563207642;0.618252890144093;39.6817482549945;2;2
40.4728102218425;39.1604469067691;39.8220351639087;0.927980999468827;39.8166285643058;2;2
40.8829715190036;40.7583394467089;40.8207030480662;0.0881281834728856;40.8206554828562;2;2
39.2031047971358;37.8911456364626;38.5527064119941;0.927695219151819;38.5471252167992;2;2
39.9999999999618;39.7989290898259;39.8995912052614;0.142178604056464;39.8994645448939;2;2
40.9580838323808;40.9580838323237;40.9580838323522;4.03450958183383e-011;40.9580838323522;2;2
39.2407802438359;-320.119760479083;228.05317349615;254.106275236041;-140.439490117624;2;2
40.1209637279811;39.6380551421332;39.8802403823796;0.341467935746262;39.8795094350571;2;2
40.4693140116121;40.2294158662856;40.3495432285981;0.169633605354439;40.3493649389488;2;2
40.0488843600773;-322.048192771128;229.476525602987;256.041298687304;-140.999654205525;2;2
38.5082210257571;38.0760946696437;38.2927674101796;0.305559476737238;38.2921578477004;2;2
37.5769441828914;-319.4715348636;227.457785448452;252.471400746117;-140.947295340354;2;2
39.1459915523861;38.8676800144077;39.0070839997165;0.196795975787012;39.0068357833969;2;2
39.6701884781274;38.3399990229448;39.0107637644379;0.940585984022479;39.0050937505361;2;2
38.8795947443406;38.3421565197761;38.6118107194623;0.380026213058454;38.6108756320584;2;2
39.8396137255895;39.8182695352795;39.8289430602191;0.0150926217071697;39.8289416304345;2;2
39.836971853297;38.9189189189653;39.3806207179456;0.649161455354111;39.3779453861311;2;2
40.5353300356919;38.3022761035216;39.4346125618908;1.5790075781929;39.4188030696068;2;2
39.7181781937803;38.3697730056437;39.0497961552779;0.953466452318499;39.043975599712;2;2
38.139864737523;-320.115080879878;227.956480812596;253.324501439682;-140.987608071177;2;2
39.869719194075;38.1769068414848;39.0324911105979;1.19699909379294;39.0233130177799;2;2
39.2634630206864;38.8023952095668;39.0336098918369;0.326024175829461;39.0329291151266;2;2
39.252799025458;38.6982705318322;38.9765209676792;0.392110858203941;38.9755347786451;2;2
39.6932810034663;38.3957029069001;39.0498819366658;0.917526271201112;39.0444919551832;2;2
38.0190198392683;-321.081081081041;228.624699559899;253.922116485524;-141.531030620886;2;2
38.9563430882604;38.3044810241759;38.6317869981555;0.460936085912468;38.6304120562181;2;2
39.4812020112461;38.3784075646741;38.9337095551725;0.779793431425891;38.9298047879601;2;2
40.5189580107041;38.7462251560021;39.6425019525308;1.25351142279199;39.6325915833531;2;2
39.3087852459385;38.4169885755787;38.8654448625476;0.630595473051016;38.8628869107586;2;2
38.7866715909898;38.3593196538893;38.5735874492933;0.302183452676998;38.5729956224395;2;2
40.0744139051412;39.0554621162573;39.5682181236089;0.720507719621997;39.5649380106993;2;2
40.7699300105615;39.8693993906224;40.3221787657552;0.636771308025086;40.3196647005919;2;2
39.9236243255286;39.3461260684287;39.6359269847358;0.408352933718714;39.6348751969786;2;2
40.0000000000127;39.7055324221618;39.8530381836088;0.208220021137966;39.8527662110873;2;2
39.8163454576277;39.5920158930465;39.7043391084425;0.158624956336;39.7041806753371;2;2
40.5709223931123;38.7349965993756;39.6635834575091;1.29819557850646;39.652959496244;2;2
39.1711934744488;39.1533493595275;39.1622724333121;0.0126176946651454;39.1622714169881;2;2
41.3111327917617;40.1885558650782;40.753709739477;0.793781757261412;40.7498443284199;2;2
40.0458969966279;38.6530574297037;39.3556394620167;0.984886302877032;39.3494772131658;2;2
40.0000000000127;39.608722006731;39.8048417846844;0.276675322378588;39.8043610033718;2;2
40.6161805032607;40.0965643700854;40.3572087300265;0.36742409138221;40.356372436673;2;2
38.802395209573;38.4613962763083;38.6322719854988;0.241122658088808;38.6318957429407;2;2
43.2012893787435;39.5657777008629;41.4234364162369;2.57069496051228;41.3835335398032;2;2
40.72912814329;37.3723350655591;39.0867836203297;2.37361114830358;39.0507316044245;2;2
40.8075594040943;39.3723670325396;40.0963850631431;1.01483425823355;40.0899632183169;2;2
40.1204819276695;38.520466394194;39.3286117307406;1.13138183372433;39.3204741609318;2;2
40.5387522686471;39.8191781066998;40.1805760324054;0.508815769479517;40.1789651876734;2;2
-319.458205884437;-320.501971122978;319.9805140947;0.738053478139557;-319.980088503708;2;2
41.2626268448173;39.8696502932407;40.5721172028276;0.984983165653673;40.566138569029;2;2
41.2528895935115;-319.937453507772;228.102800352003;255.400140906013;-139.34228195713;2;2
39.4230039206466;38.9752202106183;39.1997514570788;0.316630897865915;39.1991120656324;2;2
39.5397128582448;38.3230253031177;38.9361217977333;0.8603280208156;38.9313690806813;2;2
38.3493763636635;38.1488945573646;38.2492668127824;0.141762044738487;38.249135460514;2;2
41.9894024770209;38.2271830655927;40.152381283727;2.66029085813261;40.1082927713068;2;2
40.3076995162451;40.2145132187557;40.2611333280211;0.0658926628684189;40.2611063675004;2;2
40.8839258252714;37.9244521284328;39.4319633047106;2.09266391977781;39.4041889768521;2;2
39.4136856277907;-320.723029574663;228.491466267689;254.655113473903;-140.654671973436;2;2
40.6327837751965;38.8593251595017;39.7559446446299;1.25402461331153;39.7460544673491;2;2
38.8586638022518;-319.509994575269;227.592434393133;253.40490850347;-140.325665386509;2;2
41.0097772415902;38.9754743128031;40.0055585344888;1.43846939593304;39.9926257771966;2;2
39.6951413898173;38.7483022310915;39.2245788744098;0.669516389827975;39.2217218104544;2;2
41.7303772152196;-322.063490060669;229.637013580763;257.24111050486;-140.166556422725;2;2
40.052595217576;39.9999999999618;40.0263062476413;0.0371904350329507;40.0262976087689;2;2
38.3184634603869;-320.161758995393;228.004228650467;253.483796219744;-140.921647767503;2;2
40.937672407709;38.1789930319323;39.5823731671891;1.95068089373116;39.5583327198206;2;2
38.1126506431541;-320.98065785913;228.561979404632;253.917313520678;-141.434003607988;2;2
41.1401345610491;40.8989415012481;41.019715306324;0.170549248160374;41.0195380311486;2;2
38.1602582726579;-320.075118810723;227.930128540672;253.310664396578;-140.957430269033;2;2
39.0349059624058;38.8924083876792;38.9637223176115;0.100761001391819;38.9636571750425;2;2
39.3768137218983;38.4759662648824;38.9289958700803;0.636995345670599;38.9263899933904;2;2
39.8132760899076;39.0953877489122;39.4559646710671;0.507623714052619;39.4543319194099;2;2
40.8358208955074;40.2416918429198;40.5398447862746;0.420112681984674;40.5387563692136;2;2
39.9789021797163;38.670095924003;39.3299436706113;0.925465778674264;39.3244990518596;2;2
39.4896841689653;39.101388594169;39.2960159924441;0.274566434043204;39.2955363815672;2;2
39.3828480929183;37.9609083681236;38.678413152836;1.00546322184085;38.671878230521;2;2
40.3799602706089;38.7570685318066;39.5768338339179;1.14755775363872;39.5685144012077;2;2
39.3025375395272;38.8212902811853;39.0626550310011;0.340293199800988;39.0619139103562;2;2
40.3864515484156;39.5516129760158;39.9712118760306;0.590320015739978;39.9690322622157;2;2
43.1137724550806;-319.694706852395;228.104694126126;256.544335990295;-138.290467198657;2;2
40.4191616766773;-320.769363669181;228.611781519869;255.398855558826;-140.175100996252;2;2
42.2638777189904;38.9189189189081;40.6258391277172;2.36524305032783;40.5913983189493;2;2
39.4819320816979;-320.952599281665;228.658472340914;254.86570130083;-140.735333599984;2;2
39.3217480792134;38.8076232380701;39.0655314400887;0.363541161548874;39.0646856586418;2;2
40.6758863617566;-320.063964219878;228.139725742206;255.081594590496;-139.694038929061;2;2
40.4507370528927;38.589109003615;39.5308832548373;1.31636981769136;39.5199230282538;2;2
39.8866679839005;39.2303372697702;39.5598637836244;0.464095898662559;39.5585026268354;2;2
39.5276377528543;39.4221510882198;39.474929656323;0.0745903358877843;39.4748944205371;2;2
40.7894079978874;36.7716090081771;38.8325059316829;2.84101291106861;38.7805085030322;2;2
39.7300598329479;39.4594594594636;39.59499081426;0.191343359082401;39.5947596462058;2;2
40.3980711571062;-320.694929568991;228.557697315661;255.331309452422;-140.148429205942;2;2
39.957772667635;39.2356056919417;39.5983355115586;0.510649165661712;39.5966891797883;2;2
39.3790337248377;39.2500854574504;39.3146124584681;0.0911801942918669;39.314559591144;2;2
40.6515174964404;-321.667962031842;229.2627571941;256.198560930429;-140.508222267701;2;2
39.0090322662152;37.0413888726812;38.0379355904327;1.39133398652483;38.0252105694482;2;2
38.8618205149864;38.7729857646531;38.8174285524235;0.0628156543657141;38.8174031398197;2;2
39.808741860371;38.3092374718786;39.0661848929636;1.06030972152195;39.0589896661248;2;2
39.4630490600117;38.2691018522037;38.8706598714714;0.844248167019777;38.8660754561077;2;2
39.8692954350117;39.8034422132206;39.8363824318012;0.0465652596914898;39.8363688241161;2;2
40.8540887362856;39.3110351413472;40.0899865948876;1.09110366071525;40.0825619388164;2;2
39.4683624849745;38.6935451842919;39.0828739742498;0.547878567493362;39.0809538346332;2;2
41.8789741622519;39.7875335142503;40.8466418450168;1.4788718646511;40.8332538382511;2;2
40.7825919342954;38.2237773278441;39.523897568989;1.80935516002092;39.5031846310697;2;2
38.8257924554585;-321.877132981318;229.251315041013;255.05548457017;-141.52567026293;2;2
40.012891642334;39.4843028901524;39.7494759229757;0.373768691126599;39.7485972662432;2;2
39.9544825119832;38.9149394319456;39.4381362629648;0.735067961230159;39.4347109719644;2;2
41.7648367351409;-323.464933556842;230.622922568904;258.256447264666;-140.850048410851;2;2
39.9249604426423;39.8802395209167;39.9026062469123;0.0316224670130737;39.9025999817795;2;2
41.7992834310905;39.3904719023757;40.6127404396975;1.70328696655455;40.5948776667331;2;2
40.2217665049535;38.3775685298966;39.3104837609887;1.30404489401325;39.2996675174251;2;2
40.9063420861339;39.1860611998211;40.0554379281012;1.21642228025736;40.0462016429775;2;2
41.1479105081149;39.4737476910909;40.3195194413558;1.18381188072802;40.3108290996029;2;2
40.6865336093206;39.8697133756406;40.2801940275746;0.577579126245532;40.2781234924806;2;2
39.1637707566147;37.7883979394995;38.4822293968959;0.972535445641858;38.4760843480571;2;2
39.5356323929061;39.3951663251179;39.4654618526802;0.0993245090596731;39.465399359012;2;2
40.8293021043222;38.4362127899642;39.65081565341;1.69216968216763;39.6327574471432;2;2
39.7611940298125;38.8799293132469;39.3230304915547;0.623148257103974;39.3205616715297;2;2
39.904800475313;39.4742312062904;39.6900997120328;0.304458449896364;39.6895158408017;2;2
39.1594917020239;38.2261691421225;38.6956444425147;0.659958711140687;38.6928304220732;2;2
39.5089984410908;38.9776412459388;39.2442191597388;0.375726275924181;39.2433198435148;2;2
39.9259026167337;-321.176822873844;228.854352428676;255.338185899332;-140.625460128555;2;2
40.0673781220867;-321.277834155561;228.937591396942;255.509649950817;-140.605228016737;2;2
40.1800000205229;40.1204819277269;40.1502520027103;0.0420856470193198;40.1502409741249;2;2
41.0078385528051;37.7067989701356;39.3919123129809;2.33418747387082;39.3573187614704;2;2
40.4990761297228;40.3254666054649;40.4123645949451;0.122760471881381;40.4122713675938;2;2
40.7715059979467;40.4549391385151;40.6135310090218;0.223846573003015;40.6132225682309;2;2
41.5116931273417;38.7372933840701;40.1484655063062;1.96179687218957;40.1244932557059;2;2
39.6024697703535;39.2125001830321;39.4079673576046;0.275750139651493;39.4074849766928;2;2
39.2871324727472;38.860730325011;39.0745130444668;0.301511850176784;39.0739313988791;2;2
40.07587161897;39.0275440015045;39.5551809299966;0.741279567215014;39.5517078102373;2;2
40.4971263592511;38.9189189189019;39.7158626569612;1.11596118318998;39.7080226390765;2;2
39.6083602444115;-319.327421739083;227.528926156413;253.805925451025;-139.859530747336;2;2
41.626786565846;39.0434445251612;40.3557921504946;1.82669867509248;40.3351155455036;2;2
40.7648241040229;40.5210474986638;40.6431185726495;0.172376090744038;40.6429358013434;2;2
40.8691381622891;39.9535602805247;40.4139421067643;0.647411328900027;40.4113492214069;2;2
39.3642869780117;-322.357268745086;229.634226327522;255.77576495315;-141.496490883537;2;2
40.5623310200362;-321.724268311391;229.294360504439;256.175311120266;-140.580968645677;2;2
40.4716587420236;-322.578251148246;229.885496796983;256.715053192575;-141.053296203111;2;2
39.3863543519736;36.9348898004129;38.1803024720069;1.73344720824703;38.1606220761932;2;2
39.8979164859776;38.8023952095668;39.3539681221695;0.774650523484214;39.3501558477722;2;2
40.3460252584217;39.5010451903009;39.9257706580562;0.597491136135732;39.9235352243613;2;2
39.9453862504211;38.3499633144345;39.1558014150764;1.12813437689661;39.1476747824278;2;2
39.6713527023824;37.8966330663809;38.7941427473577;1.25491628932153;38.7839928843816;2;2
40.6262380015901;39.8290870698466;40.2296370290565;0.563670829465005;40.2276625357183;2;2
41.0935645028473;39.1606193803311;40.1387291390798;1.36679860379265;40.1270919415892;2;2
38.7695718145783;37.8378378378543;38.3065377639999;0.658835413203432;38.3037048262163;2;2
38.8644994431592;-321.036479187074;228.664459728441;254.488422545113;-141.085989871957;2;2
41.2172691381386;38.934665788414;40.0922154243267;1.61404430734934;40.0759674632763;2;2
41.2119329342195;-321.620653339247;229.279597948159;256.561382189421;-140.204360202514;2;2
40.4577690444439;39.0221367355594;39.7464352581603;1.01514534090274;39.7399528900017;2;2
41.1451791552323;-319.388987292964;227.708422079357;254.936153944959;-139.121904068866;2;2
40.346598209204;39.2476945404584;39.8009391459301;0.777042236040814;39.7971463748312;2;2
38.7128299336935;-320.735021884884;228.4399674586;254.168013503854;-141.011095975595;2;2
41.2443903222163;39.483545914314;40.3735688973558;1.24510502144214;40.3639681182652;2;2
41.9675699186551;39.1670521253011;40.5914701449902;1.9802651225142;40.5673110219781;2;2
37.6612929720333;-319.843671713749;227.726093502323;252.794184837174;-141.091189370858;2;2
39.8229585524375;39.2649781150649;39.5449524860359;0.394551751035636;39.5439683337512;2;2
40.2394058843604;39.7636121837658;40.0022164375128;0.336436952136259;40.0015090340631;2;2
40.6695123037012;-322.60634742911;229.92266594724;256.874823858444;-140.968417562704;2;2
-319.563707021917;-320.984658081513;320.274970587225;1.00476412997475;-320.274182551715;2;2
40.0773844710438;38.8639313680128;39.475320818313;0.858040917805099;39.4706579195283;2;2
37.6608662243141;-322.105323928475;229.314391772337;254.393112698686;-142.222228852081;2;2
38.8156733024513;38.0932150159636;38.4561407591497;0.510855153499811;38.4544441592074;2;2
39.6006216497837;-320.528140152464;228.370858325495;254.649489570684;-140.46375925134;2;2
37.8355797315529;-318.726985238524;226.956407943091;252.12780760761;-140.445702753486;2;2
38.5580236961979;37.7245508981599;38.1435638858275;0.589354267427197;38.1412872971789;2;2
40.4651562392079;39.481107677845;39.9761599764978;0.695827410756551;39.9731319585264;2;2
39.7905619031903;37.7828998232668;38.7997186563681;1.41963147104497;38.7867308632285;2;2
39.506360054146;38.4773954287781;38.9952717884513;0.727587864198661;38.991877741462;2;2
38.1654122724017;-319.618461393873;227.609928998835;252.991403268614;-140.726524560736;2;2
40.2307059634586;39.3283579009713;39.7820904271329;0.638056433975256;39.779531932215;2;2
39.7915011778079;38.6224154368976;39.211315587237;0.826668455186216;39.2069583073527;2;2
41.7250197043388;39.3532488721923;40.5564758461837;1.67709523883125;40.5391342882656;2;2
39.5471298744625;39.4040674142496;39.4756634529069;0.101160435749774;39.4755986443561;2;2
39.6411843070496;39.0709030174117;39.35707659279;0.403249767086782;39.3560436622307;2;2
38.780216979736;38.5352474491871;38.6579262568848;0.173219616235212;38.6577322144616;2;2
40.1590323416266;-321.197604790376;228.889328280821;255.517728542806;-140.519286224375;2;2
38.7259892549447;38.2464396552273;38.4869613640453;0.339092773875489;38.486214455086;2;2
39.3944063475527;37.4601125678119;38.439428228508;1.36775224846166;38.4272594576823;2;2
40.6831369399571;40.0457869017727;40.3657198613966;0.45067453398966;40.3644619208649;2;2
40.5320635480368;38.861638965368;39.7056366183487;1.18116854986584;39.6968512567024;2;2
38.8023952095668;-321.721301286969;229.13993712989;254.928750571141;-141.459453038701;2;2
39.6175650032145;38.7532854476818;39.1878079877749;0.61113793455806;39.1854252254481;2;2
-319.261607842209;-321.009534004381;320.136763871085;1.23597044228496;-320.135570923295;2;2
40.0408631887253;37.8378378378543;38.9549271411331;1.55777416472672;38.9393505132898;2;2
41.0160500937106;39.5680048964367;40.2985320872499;1.02392257845703;40.2920274950737;2;2
38.4043482690583;38.3663947023007;38.3853761765066;0.0268372244244907;38.3853714856795;2;2
39.6323922365663;39.2958015994815;39.4644557655294;0.23800552196652;39.4640969180239;2;2
38.2909862996119;-319.413991739496;227.47691943443;252.935615635638;-140.561502719942;2;2
40.6988527526012;38.3294937230915;39.5319282634077;1.67538983683187;39.5141732378463;2;2
39.8802395209738;39.4294419999523;39.6554813404014;0.318761984056418;39.654840760463;2;2
39.102862121493;39.0034887195879;39.0532070283063;0.0702676063566908;39.0531754205404;2;2
40.5484958617652;37.5307765152648;39.0687835905492;2.13384981362831;39.039636188515;2;2
39.9457861336222;39.9400299850185;39.9429081630098;0.00407021171117985;39.9429080593204;2;2
40.6003627106492;40.2976681246963;40.4492985632906;0.214037394355785;40.4490154176728;2;2
38.8643026482964;38.4182177879832;38.6419039278818;0.315429629712102;38.6412602181398;2;2
39.4860735956325;39.4322350218047;39.4591634909722;0.0380696206429923;39.4591543087186;2;2
39.1998781136437;-321.327946026194;228.897662003719;254.93166925571;-141.064033956275;2;2
39.8802395209738;37.6051955476992;38.7594132852326;1.60869902100004;38.7427175343365;2;2
41.204819277097;39.6379195282257;40.4289611305084;1.10796543786644;40.4213694026613;2;2
41.4218042074652;38.9674877280383;40.2133744147168;1.73546382578068;40.1946459677517;2;2
39.9537078751365;39.2751692155254;39.615891318257;0.479799287508234;39.6144385453309;2;2
40.3511875098564;39.9288109802713;40.140554802804;0.2986653082837;40.1399992450639;2;2
41.0810810810728;39.9319382926748;40.5105845341663;0.81256665822785;40.5065096868738;2;2
41.0417132776925;38.7298567558663;39.9025314553992;1.63472942371364;39.8857850167794;2;2
38.4058630996101;38.3337828434289;38.3698398974583;0.0509684379353866;38.3698229715195;2;2
40.1167110121453;39.4474001847338;39.7834631710621;0.473274224784276;39.7820555984395;2;2
39.8260457011759;37.1229647268386;38.4982364940412;1.91136688705022;38.4745052140072;2;2
38.154848744302;-321.298965952102;228.789005422672;254.1722298952;-141.5720586039;2;2
40.0773573318536;39.0796711409911;39.5816577924238;0.705470671055097;39.5785142364224;2;2
38.9486977689522;38.8668884268556;38.9078145999157;0.0578479405608492;38.9077930979039;2;2
38.8630524496849;38.7755646591648;38.8193332010226;0.0618632099478414;38.8193085544249;2;2
38.204014162606;-321.149685508104;228.688289162443;254.101437881633;-141.472835672749;2;2
39.4780593465891;-320.359781364236;228.242093713576;254.443777294149;-140.440861008823;2;2
39.1712237495364;37.4905137179564;38.3400794787421;1.18844146053842;38.3308687337464;2;2
38.2632881861963;-318.646376541863;226.93566544957;252.373244200228;-140.191544177833;2;2
40.5537427566519;-318.314203708902;226.901452545378;253.757958496284;-138.880230476125;2;2
38.8652731149239;38.3116654024893;38.5894620344073;0.391459767579717;38.5884692587066;2;2
40.1960020351071;39.5865158264444;39.8924229327054;0.430971831185106;39.8912589307758;2;2
41.3644046408707;38.9401157159837;40.170552543299;1.71423113834305;40.1522601784272;2;2
39.9210845074564;-320.708603337112;228.52538288196;255.003697772082;-140.393759414828;2;2
40.9580838323237;39.8802395209738;40.4227543313534;0.762151021618863;40.4191616766488;2;2
37.95119909577;-323.412955899932;230.256632430792;255.523044475207;-142.730878402081;2;2
39.8802395209167;39.858999254639;39.8696208022286;0.0150191363191904;39.8696193877779;2;2
40.5469777209493;39.3385951550103;39.9473558015606;0.85445550664303;39.9427864379798;2;2
40.6044311849923;39.7660204691683;40.1874123066607;0.592845902578666;40.1852258270803;2;2
39.3592496971554;37.7129825553292;38.5449062130237;1.16408665962991;38.5361161262423;2;2
41.7320119732871;39.3274738906292;40.5475709874013;1.7002651838687;40.5297429319581;2;2
39.3486675200511;-319.99999999993;227.978417438536;254.097879613729;-140.325666239939;2;2
40.1110836154418;38.6865671641681;39.4052630225497;1.00728524260744;39.3988253898049;2;2
39.4018087297665;39.144522425795;39.2733762689221;0.181928890244679;39.2731655777808;2;2
40.0000000000191;38.2988786172182;39.1586778590515;1.20287446539991;39.1494393086187;2;2
37.9973986581791;-320.469702950139;228.193594140742;253.474518379529;-141.23615214598;2;2
40.0568818094941;38.9944044294984;39.5292129766775;0.751284960252265;39.5256431194963;2;2
39.4067543571497;39.3123568889163;39.3595839226373;0.0667490899146759;39.359555623033;2;2
40.9580838323237;39.9802204335749;40.4721055613178;0.691453840329398;40.4691521329493;2;2
40.0601503759033;-319.103434813533;227.411320912059;253.967006642723;-139.521642218815;2;2
40.0930913953034;-319.918076267619;227.985779710497;254.56633795734;-139.912492436158;2;2
40.4974012789984;38.3102000849558;39.4189734829661;1.54658479612682;39.4038006819771;2;2
38.9189189189081;38.8023952095668;38.8607007387666;0.0823947050442091;38.8606570642375;2;2
40.2838823574697;39.8153645627919;40.0503085697132;0.331292109723245;40.0496234601308;2;2
38.7371052547043;38.4904922785521;38.6139956450981;0.174381707765822;38.6137987666282;2;2
39.8894160941964;38.7577905031678;39.3276737236223;0.800180129180564;39.3236032986821;2;2
40.1289113331775;-320.297808528392;228.255356643472;254.86017773494;-140.084448597607;2;2
41.6404884093955;39.2948780468124;40.4846743576311;1.65859699340395;40.467683228104;2;2
41.486804244892;39.1726632415112;40.3463286550761;1.63634479611242;40.3297337432016;2;2
39.4931520917643;36.9828796881016;38.2586098294738;1.77503063925531;38.2380158899329;2;2
41.2056626783627;40.4396457044139;40.8244508931935;0.541655796783181;40.8226541913883;2;2
39.8951125156115;38.4117166399355;39.1604390798929;1.04891928287472;39.1534145777735;2;2
38.8325944615596;-321.439423320739;228.944614762375;254.750786845623;-141.30341442959;2;2
41.1923558949274;40.3039919460252;40.7505947868226;0.628168172430382;40.7481739204763;2;2
39.8262256792544;-322.017955404109;229.435929896015;255.86247417694;-141.095864862427;2;2
40.3237237387849;40.0000000000127;40.1621880390179;0.228907250916886;40.1618618693988;2;2
39.7691858850573;38.7271355389524;39.2516189029996;0.736840866068564;39.2481607120048;2;2
41.1127314599558;39.7921681261682;40.4578381298339;0.933779288307529;40.452449793062;2;2
41.5881278370671;39.5120379095628;40.5633671972567;1.46801726609141;40.5500828733149;2;2
39.207153614743;-321.382427057265;228.936525390542;254.975337718391;-141.087636721261;2;2
38.7906049780359;38.3187311944283;38.5553899922752;0.333665152253082;38.5546680862321;2;2
41.7619203384284;-319.561888920467;227.88578152308;255.49451573112;-138.899984291019;2;2
39.3434269144168;38.2852157017601;38.8179274478968;0.748268324397143;38.8143213080885;2;2
39.5956003177454;-322.098659561482;229.472610626874;255.756463876851;-141.251529621868;2;2
42.8141045697229;40.0000000000127;41.4309518965482;1.98987242421009;41.4070522848678;2;2
40.0000000000191;-318.537363525828;227.008867626341;253.524201057873;-139.268681762905;2;2
38.8169009214178;37.0412735215057;37.9394764146671;1.25555817533848;37.9290872214617;2;2
38.8554117801739;37.8378378377971;38.3499999794414;0.719533435013354;38.3466248089855;2;2
38.9407117964575;-319.785137175891;227.792573401569;253.657480395249;-140.422212689717;2;2
39.9674485815411;39.4273358023106;39.6983107612043;0.381917408799448;39.6973921919259;2;2
39.946655923104;38.7577300856236;39.3566827923093;0.840697522010304;39.3521930043638;2;2
39.741021638581;39.5620915828254;39.6516575396668;0.126522655782832;39.6515566107032;2;2
38.8482840588158;38.4455248821133;38.6474291368497;0.284793745031411;38.6469044704646;2;2
40.5556626025994;38.9189189189081;39.7457168695724;1.15735255780235;39.7372907607537;2;2
39.7631388849746;39.1584949141369;39.4619749754511;0.427547851982858;39.4608168995558;2;2
-322.20031193521;-322.275449101834;322.237882708517;0.0531300000390667;-322.237880518522;2;2
40.7900097046051;40.3435290195316;40.5673836071022;0.315709520084325;40.5667693620684;2;2
39.2842454993918;39.2355247160761;39.2598926654309;0.0344507962672429;39.259885107734;2;2
38.5956001417069;-318.070334913252;226.559438450627;252.200901295602;-139.737367385772;2;2
39.3705426164012;38.3958090123096;38.8862300539639;0.689240741303511;38.8831758143554;2;2
38.0682466562444;-320.119760479077;227.953780899399;253.277168785081;-141.025756911416;2;2
39.9378888268479;39.2238805970125;39.5824946979997;0.504880061139554;39.5808847119302;2;2
40.5818890373312;38.9447472719555;39.7717428453591;1.15763404406089;39.7633181546433;2;2
40.6317178447822;40.4185846332439;40.5252913547373;0.150707939174763;40.525151239013;2;2
39.061935506616;-320.588420581828;228.366777593276;254.311205646295;-140.763242537606;2;2
39.9564556345542;39.3495690175466;39.6541733537768;0.42913364229748;39.6530123260504;2;2
41.638412188626;40.8916082794605;41.2666996334258;0.528070108387543;41.2650102340433;2;2
39.4687595652551;-319.278407298286;227.482399702208;253.672554420672;-139.904823866515;2;2
39.3979970844789;38.8432070005511;39.1215855018446;0.3922958304804;39.120602042515;2;2
38.7463217669314;-320.730167122605;228.439398476883;254.188262970922;-140.991922677837;2;2
39.9999999999555;39.7498700633333;39.8751311599618;0.1768685743633;39.8749350316444;2;2
40.3752305446447;38.767469187456;39.5795143270705;1.13685895819785;39.5713498660503;2;2
39.7611940298631;-319.837094182386;227.899889606942;254.274388097956;-140.037950076261;2;2
40.4106101027982;-321.727351316517;229.283128461322;256.07020824467;-140.65837060686;2;2
40.85865454189;-318.472622700085;227.039909553854;254.085582830224;-138.806984079098;2;2
40.0710944955736;39.8104490974745;39.9409844108517;0.184304128480961;39.9407717965241;2;2
40.0561479982768;-319.578821379887;227.744503849179;254.300325599116;-139.761336690805;2;2
40.9580838323237;40.0936713994911;40.5281822779287;0.611231892997899;40.5258776159074;2;2
40.5016524415005;37.9518072289293;39.2474427347433;1.80301284078512;39.2267298352149;2;2
39.6149463960953;39.4461614796963;39.5306440211121;0.119348958947701;39.5305539378958;2;2
40.478117373677;39.3793254793687;39.9325009317425;0.776963199578266;39.9287214265228;2;2
38.9859103325493;38.932170259479;38.9590495621405;0.0379999700894806;38.9590402960142;2;2
38.7354107880283;38.05009680762;38.3942828816124;0.484590162788681;38.3927537978242;2;2
38.9496605453242;38.4796813207304;38.7153840943168;0.332325496727071;38.7146709330273;2;2
40.3796351653183;38.4292070265964;39.4164869615318;1.3791609631073;39.4044210959573;2;2
40.7258463271492;40.5773699878308;40.6516759444914;0.10498862637778;40.65160815749;2;2
39.2841811035878;37.7361560026694;38.5179461734221;1.09461904630638;38.5101685531286;2;2
40.2599719460718;40.1396167800497;40.1998394048268;0.0851039540450855;40.1997943630607;2;2
40.5476469059471;37.7245508982169;39.161546254467;1.9962303310067;39.136098902082;2;2
39.6032394974931;38.821005455682;39.2140730050188;0.553122995439616;39.2121224765875;2;2
38.6294068183434;37.7245508982169;38.1796595820945;0.639829757118247;38.1769788582802;2;2
39.771701339596;-320.232733947246;228.178430311427;254.56157744856;-140.230516303825;2;2
39.9555088399586;39.8359631566092;39.895780774881;0.0845315633579007;39.8957359982839;2;2
39.5441473862642;38.8884189910318;39.2176537042225;0.463669994885414;39.216283188648;2;2
39.0390502046003;38.915880845211;38.9775141769967;0.0870938892585829;38.9774655249056;2;2
39.3747815113948;38.7813794923986;39.0792068394659;0.419598591601972;39.0780805018967;2;2
40.636524338043;40.3734461930523;40.5051988501455;0.186024340304942;40.5049852655477;2;2
39.3748634728463;38.86056971513;39.1185617839522;0.363660603603129;39.1177165939882;2;2
38.7863429448091;37.8910367826367;38.3413032348632;0.633077058510229;38.3386898637229;2;2
40.8065864046292;39.2076419251551;40.0151013951586;1.13062448417691;40.0071141648922;2;2
41.4385880963477;38.044887367017;39.7779463911083;2.39970879902752;39.7417377316823;2;2
40.0516072398163;38.4569732937573;39.2623868187434;1.12757647676859;39.2542902667868;2;2
40.0000000000127;39.8353706624456;39.9177702021008;0.11641052097595;39.9176853312292;2;2
41.0810810810728;37.7708113905797;39.4606729281979;2.34071414570402;39.4259462358262;2;2
40.9744538590974;38.148186680992;39.5865508481045;1.99847268708331;39.5613202700447;2;2
40.0000000000191;-320.056237667074;228.074544030679;254.598207262917;-140.028118833527;2;2
40.8027982065381;39.1250895173993;39.9727467859539;1.18631919094563;39.9639438619687;2;2
40.1273909636351;38.9288924171818;39.532683758992;0.847466449439355;39.5281416904084;2;2
38.1804287632067;-320.127335441958;227.968480318782;253.361849821262;-140.973453339375;2;2
40.4459076704917;38.5917238941368;39.5296888452922;1.31110592182665;39.5188157823143;2;2
40.4020788656567;37.0501956825809;38.7623849678027;2.37013932849801;38.7261372741188;2;2
40.9588081072902;39.318799145724;40.1471787790351;1.15966145793022;40.1388036265071;2;2
40.2913456323482;-320.625972506468;228.49989800718;255.20708310362;-140.16731343706;2;2
41.5878825714784;38.8566351224274;40.2454349573746;1.93128359232245;40.2222588469529;2;2
41.1103164721513;37.6119402984667;39.3999757198901;2.47372551555381;39.361128385309;2;2
40.1361629845212;39.0568739047649;39.6001955697996;0.763172627156264;39.596518444643;2;2
39.4921677217685;39.325488369969;39.4089161669086;0.117860099941206;39.4088280458687;2;2
40.7063373415358;39.325509662918;40.0218790788936;0.976392615200719;40.0159235022269;2;2
41.0810810810663;-319.718940439351;227.934043199399;255.124141869339;-139.318929679142;2;2
41.7777179508308;39.3912811660729;40.6020365812097;1.68746563337539;40.5844995584519;2;2
39.8887522180994;-321.49778767067;229.076341020469;255.538872984892;-140.804517726285;2;2
40.165932884055;39.2430234363269;39.7071596369629;0.652595528909673;39.704478160191;2;2
37.8897589018408;-321.564338460383;228.953333235294;254.172429770118;-141.837289779271;2;2
41.1373891852445;37.657612212564;39.435900817213;2.46057389439917;39.3975006989043;2;2
40.5355066239995;39.4743240893672;40.0084338582299;0.750369366315234;40.0049153566834;2;2
39.7560432861064;39.2280724676498;39.4929401747575;0.3733317459993;39.4920578768781;2;2
39.3084076854892;-320.676614966666;228.449821953583;254.547850642932;-140.684103640588;2;2
41.4987329155431;39.2685056100278;40.3990121564894;1.57700885131728;40.3836192627854;2;2
41.7007925792573;39.8897767554299;40.8053329317154;1.28058156986454;40.7952846673436;2;2
39.8802395209738;39.287139788692;39.5848004733285;0.419384842616417;39.5836896548329;2;2
40.7027439169039;39.3523454889372;40.0332390511044;0.954875885718884;40.0275447029206;2;2
39.3075323919128;38.2230061424226;38.7690617716301;0.766875865389311;38.7652692671677;2;2
40.6327996607183;39.0237840331072;39.8364163080131;1.13774586131892;39.8282918469128;2;2
38.9838253769981;38.8695856325883;38.9267474127585;0.0807796979532083;38.9267055047932;2;2
39.6473733914603;37.8378378378543;38.7531688322751;1.27953486075293;38.7426056146573;2;2
39.938351211055;38.7408441230152;39.3441539546941;0.846765382471918;39.3395976670351;2;2
40.6097936817055;39.4000007727583;40.009470152478;0.85545276974796;40.0048972272319;2;2
39.8106489238768;39.1975312866527;39.5052795630425;0.43353963894625;39.5040901052647;2;2
38.8294582904285;38.7531799450705;38.7913378667399;0.0539369352603452;38.7913191177495;2;2
40.594452238285;39.452072192461;40.0273378630503;0.807784677094318;40.023262215373;2;2
40.0744015170673;39.9999999999618;40.0372180411431;0.0526098172758557;40.0372007585146;2;2
41.5906910344027;38.9504637450348;40.2922089657071;1.86692262018587;40.2705773897187;2;2
41.1871757924729;-321.197604790376;228.980659415631;256.244735748932;-140.005214498952;2;2
37.0654281271814;-319.728410309839;227.596245928517;252.291342644394;-141.331491091329;2;2
40.1204819277269;-320.0766718003;228.099461749552;254.697849965181;-139.978094936287;2;2
40.662600440995;39.8703961021798;40.2684464560574;0.56017306006159;40.2664982715874;2;2
39.82695530419;38.2246911042296;39.0340452606165;1.13297188104445;39.0258232042098;2;2
41.670974430083;37.3433310058135;39.5663650122322;3.06010601185831;39.5071527179482;2;2
40.3569254055525;37.7143416235141;39.0579888901391;1.86858891213295;39.0356335145333;2;2
42.0778236807029;40.5356686489553;41.3139424318366;1.09046828058971;41.3067461648291;2;2
39.6930304808165;36.7008524714659;38.2262294824073;2.11578936092902;38.1969414761412;2;2
41.0810810810663;36.3582987648082;38.7916299725869;3.33951140189401;38.7196899229373;2;2
40.0631591775829;38.9189189189081;39.4951830803763;0.80910004621564;39.4910390482455;2;2
40.7380981636618;39.3127983789241;40.0317921056133;1.00783914301177;40.025448271293;2;2
38.8758675457305;38.187808555337;38.5333738445795;0.486531177963594;38.5318380505337;2;2
39.9509019489156;39.8374404809578;39.8942115513374;0.0802293733963139;39.8941712149367;2;2
39.9221172288016;38.6783454000603;39.3051513603277;0.879479494351808;39.3002313144309;2;2
41.0255094900639;38.2122232579456;39.6438295024232;1.98929377214959;39.6188663740047;2;2
40.6250808667345;38.3854995811926;39.5211574572814;1.58362311402517;39.5052902239636;2;2
-319.907457911369;-321.958682624021;320.934709048671;1.45043490405359;-320.933070267695;2;2
39.3054261412074;-319.00038958637;227.273145224417;253.360472039547;-139.847481722581;2;2
39.8329429014002;39.6251332546226;39.7291739508438;0.146943610432426;39.7290380780114;2;2
40.5898395380745;40.4083382433309;40.4991905679242;0.128340796307326;40.4990888907027;2;2
39.7697666265422;-321.081081081092;228.773572518476;255.160081410982;-140.655657227275;2;2
39.3771832621188;38.6299325689696;39.0053474022577;0.528386032372156;39.0035579155442;2;2
39.4520872320887;39.2282799714451;39.3403427570631;0.158255631679812;39.3401836017669;2;2
41.0670256547524;38.4314847449677;39.771092616565;1.8636088494033;39.74925519986;2;2
38.643628773628;38.3852466061943;38.5146543656588;0.182703782730053;38.5144376899111;2;2
38.7994703754319;38.4431683006443;38.621730220212;0.251943613233153;38.6213193380381;2;2
39.6171558941226;39.1105848188527;39.3646852268114;0.35819984247635;39.3638703564877;2;2
39.7626419959826;-318.576346973796;227.015370129061;253.383929064062;-139.406852488907;2;2
38.8554802056555;38.8058683149401;38.8306821836068;0.035080904352303;38.8306742602978;2;2
39.5017710048765;39.3951387232861;39.4484908934971;0.0754004094059704;39.4484548640813;2;2
39.9397218784978;39.8802395209738;39.9099917813948;0.0420603783661559;39.9099806997358;2;2
40.4822777662691;38.0123804233012;39.266753612892;1.74648116004727;39.2473290947852;2;2
39.5030913747484;38.9250589881307;39.2151402228219;0.408730620322815;39.2140751814395;2;2
37.5209065916421;-321.168156906359;228.644706304439;253.631469136889;-141.823625157359;2;2
41.8070537984435;37.9559473134486;39.9279581481901;2.72314351061137;39.8815005559461;2;2
41.0142072457627;-320.171245083092;228.245253372393;255.396682607664;-139.578518918665;2;2
39.6902961100792;38.9189189189081;39.3064998131499;0.545446042729695;39.3046075144936;2;2
39.2378262829039;38.4363110882949;38.8391363284736;0.566756829332096;38.8370686855994;2;2
41.1396559538857;38.6165108764149;39.8980338129109;1.78413299419709;39.8780834151503;2;2
40.0295617125086;-321.471142561228;229.069925252658;255.619599395672;-140.72079042436;2;2
40.0022584640067;39.497699853894;39.7507797154314;0.356776814716746;39.7499791589504;2;2
40.2324180298021;-320.17858459472;228.180820286897;254.849063970042;-139.973083282459;2;2
39.7883657762628;38.9364710098041;39.3647229498888;0.602380566220246;39.3624183930335;2;2
40.3034765344091;-321.089692919545;228.826310899694;255.54356079539;-140.393108192568;2;2
38.8487238961432;-320.373455066306;228.197692866823;254.008438696956;-140.762365585082;2;2
39.1265284489857;38.1128735307663;38.6230265336721;0.716762266455994;38.619700989876;2;2
41.0741228031158;39.9999999999555;40.5406189151194;0.759519517941736;40.5370614015356;2;2
39.6737452412513;38.9983807520988;39.3375123943634;0.477554810052281;39.3360629966751;2;2
39.8933480134324;39.6358596065162;39.7648122243039;0.182071798607413;39.7646038099743;2;2
40.8228085676554;39.8802395209738;40.3542761278261;0.666496964645087;40.3515240443146;2;2
40.5978644576655;39.2826355825661;39.9456634494639;0.930007256395156;39.9402500201158;2;2
39.6285748710943;37.67128212656;38.6623165587165;1.38401497242742;38.6499284988272;2;2
38.1501716797248;-320.178019989643;228.001535174306;253.376294219723;-141.013924154959;2;2
39.6529356998221;39.3719473821177;39.5126913173127;0.198688744883;39.5124415409699;2;2
39.2785701370486;-317.580171771962;226.274138573899;252.337236329562;-139.150800817457;2;2
39.52843162024;39.4792024403899;39.5038246989154;0.0348102869042488;39.5038170303149;2;2
39.7611123557731;38.9189189189653;39.3422692888286;0.595520690237602;39.3400156373692;2;2
39.7085314796748;-318.481317624731;226.943954698354;253.278471253911;-139.386393072528;2;2
40.5722107377332;39.567564084649;40.0730358953489;0.710392461092152;40.0698874111911;2;2
40.3640643230681;37.7761446584774;39.0915258971493;1.82993554399812;39.0701044907727;2;2
39.8113639562112;39.1498957879766;39.4820151478071;0.467728627297714;39.4806298720939;2;2
39.391851294429;39.0319809119113;39.2123289432687;0.254466787826471;39.2119161031702;2;2
39.6428571428788;39.4940895351347;39.5685432550905;0.105194584256697;39.5684733390067;2;2
38.8585870654265;37.679711557321;38.2736884279804;0.83359086595619;38.2691493113737;2;2
39.1482058209291;38.1258219678547;38.6403954413149;0.72293455548452;38.6370138943919;2;2
40.4735780432088;38.0871705881123;39.2984928656792;1.68744489417285;39.2803743156605;2;2
40.4223343987023;-316.900714665054;225.898238232907;252.665551067235;-138.239190133176;2;2
42.2444265354657;38.9189189189081;40.6157224675796;2.3514889865554;40.5816727271869;2;2
39.8296937503607;38.9738602942272;39.4041006145393;0.605165640398325;39.401777022294;2;2
40.2948940599249;-319.63885806798;227.807679934526;254.511596907559;-139.671982004027;2;2
40.2744701288069;38.2638807746753;39.2820411644731;1.42170136648798;39.2691754517411;2;2
40.8738308591975;-320.175440825015;228.235605194061;255.300388350371;-139.650804982909;2;2
39.9510773547744;38.2215481963105;39.0958778410848;1.22296179620972;39.0863127755425;2;2
39.5267656809331;39.490166752607;39.5084704547272;0.0258793504035157;39.50846621677;2;2
38.9628661960764;38.7959689650729;38.8795071352007;0.118014163803825;38.8794175805746;2;2
39.5904235047673;39.4462311162026;39.5183930756281;0.101959415749598;39.518327310485;2;2
40.31425205962;38.6865671641681;39.5087926800748;1.15094702720901;39.5004096118941;2;2
38.3460473527116;37.1618973654185;37.7586146685382;0.837320485956913;37.7539723590651;2;2
40.337542975011;39.7611940298631;40.0504052659975;0.407540247443743;40.0493685024371;2;2
40.1976522323592;39.540916337077;39.8706364996185;0.464382405002609;39.8692842847181;2;2
38.9814617322935;38.8662260905896;38.9238865564006;0.0814839036832543;38.9238439114415;2;2
38.9735900019959;38.9189189189081;38.9462640535663;0.0386582935861944;38.946254460452;2;2
41.4635085209021;37.2393006265574;39.40804518127;2.9869660472329;39.3514045737297;2;2
40.0766973240005;-319.667808414589;227.808745886748;254.37777950236;-139.795555545294;2;2
39.6752956955971;39.6466969027093;39.660998876909;0.020222400384697;39.6609962991532;2;2
40.1204819277269;39.5409176955439;39.8317539302429;0.409813798709786;39.8306998116354;2;2
41.6988864586617;38.4637038513065;40.1139230558005;2.28761956003761;40.0812951549841;2;2
40.1764257159943;40.1205539135414;40.1484995338692;0.0395073303916201;40.1484898147679;2;2
40.9580838323808;39.9956489092329;40.4797267955884;0.680544260608601;40.4768663708068;2;2
39.8771799470879;38.4001267381091;39.1456205343284;1.04443434024227;39.1386533425985;2;2
40.6479141718199;38.9224440450544;39.7945321429969;1.22009162737064;39.7851791084371;2;2
41.1397436809828;38.9729110590688;40.0709764452718;1.53218204065159;40.0563273700258;2;2
40.698704626158;38.8748484005109;39.7972260114317;1.28966110506437;39.7867765133344;2;2
40.1001435851083;39.3603193451844;39.7319534789142;0.523134736936347;39.7302314651463;2;2
39.9025674914261;-320.119760479083;228.110582768088;254.574229486514;-140.108596493829;2;2
40.7479730339731;37.1724619239446;39.0012130059086;2.52826815210903;38.9602174789588;2;2
40.9435510397454;39.1344308588926;40.0492075476762;1.2792411478625;40.038990949319;2;2
40.5864848999306;40.0576281572093;40.3229235678264;0.373958189054502;40.3220565285699;2;2
39.8406810706306;39.2541706921841;39.548513150957;0.414725465835802;39.5474258814074;2;2
40.1659999180878;39.8501298476491;40.0083766122441;0.223353868781061;40.0080648828685;2;2
41.0032194781829;39.703327097518;40.3585070969464;0.919162717180856;40.3532732878505;2;2
40.4108179644768;40.1713020080261;40.2912379654567;0.169363357008674;40.2910599862514;2;2
39.6718635546089;-321.255685920354;228.887606145519;255.214317750789;-140.791911182872;2;2
41.7159642001725;-317.826120260659;226.664580811706;254.234646044201;-138.055078030244;2;2
38.4240808887414;-321.428335894814;228.9023646757;254.45408413402;-141.502127503036;2;2
40.324463611705;38.4921985880423;39.4189784095999;1.29560702316276;39.4083310998736;2;2
40.4857019584253;39.4153928697259;39.9541315644658;0.756822814584912;39.9505474140756;2;2
37.1756789012467;-322.285722184658;229.401523344828;254.177594282661;-142.555021641706;2;2
40.5720577712985;38.6865671641681;39.640524408396;1.33324319416548;39.6293124677333;2;2
38.8740695915965;-321.237479408568;228.806371702562;254.637318281608;-141.181704908486;2;2
40.184054503203;39.4183190135097;39.8030282149939;0.541456757357323;39.8011867583563;2;2
39.7611940298694;39.5845932248557;39.672991892837;0.124875626788225;39.6728936273626;2;2
38.284516657908;-321.636407276086;229.036768556053;254.502526004655;-141.675945309089;2;2
40.9580838323237;39.3770281500473;40.1753343305645;1.1179751943712;40.1675559911855;2;2
40.4743350526203;38.6234606935716;39.5597239240849;1.30876581040764;39.5488978730959;2;2
40.0795956036491;39.9081066908238;39.9939430626578;0.121260973157106;39.9938511472365;2;2
40.6942791985778;39.4598119407782;40.0817983497085;0.872900169142855;40.077045569678;2;2
38.4002378516061;38.2923570448298;38.3463353862442;0.0762832500314028;38.3462974482179;2;2
39.811324918465;-322.733040373973;229.936466160537;256.357579179255;-141.460857727754;2;2
40.1219700253907;38.7247123668845;39.429530980068;0.988010365394606;39.4233411961376;2;2
38.4795160876291;-321.714351565898;229.107831775569;254.695526359619;-141.617417739135;2;2
38.9189189189081;38.7269338901194;38.8230450785756;0.135753915742749;38.8229264045138;2;2
38.9249771050846;-322.739296209032;229.864968144488;255.735260173317;-141.907159551974;2;2
39.5295083630602;39.2853152883783;39.4076009719733;0.172670579026417;39.4074118257193;2;2
38.8023952096239;38.5078447445415;38.655400533907;0.208278631261393;38.6551199770827;2;2
40.3230015249478;39.0296262617673;39.6815837518753;0.914554419213843;39.6763138933576;2;2
39.7880406051497;-318.309925979535;226.830660573361;253.213500501145;-139.260942687193;2;2
40.2965915800651;39.4353160803691;39.8682796677333;0.609013746304898;39.8659538302171;2;2
39.512475446419;-321.309075124022;228.911290102693;255.139365206604;-140.898299838802;2;2
39.5522410397772;36.8086736650783;38.2050927773436;1.93999509529174;38.1804573524278;2;2
41.5858454391764;39.0386383160592;40.3323556370264;1.80114742984285;40.3122418776178;2;2
39.9275201189143;39.2367679023821;39.583650780794;0.488435576429539;39.5821440106482;2;2
38.9189189189591;38.206794221888;38.5645003502847;0.503548202349404;38.5628565704236;2;2
41.0017098213632;38.9587514601723;39.993277707702;1.44458971087982;39.9802306407678;2;2
40.7236994350942;39.1443862094308;39.9418494025562;1.1167430914842;39.9340428222625;2;2
39.4898171452069;38.2064331748324;38.853424521558;0.907489508317935;38.8481251600197;2;2
38.8023952095668;38.1216439608233;38.4635256592216;0.481363824287732;38.4620195851951;2;2
40.3687396991455;40.1204819277269;40.2448022420935;0.175544753652317;40.2446108134362;2;2
41.0810810810728;-318.996150401584;227.427130300916;254.613052132265;-138.957534660256;2;2
39.6506061040798;39.2398503643131;39.4457628968853;0.29044816900033;39.4452282341965;2;2
39.3339343865567;38.0107570626526;38.6780043875194;0.935627658444911;38.6723457246047;2;2
40.6881929045598;39.3108325450417;40.0054408626063;0.973940850352815;39.9995127248008;2;2
39.8312247047526;38.6357657197557;39.2380482072716;0.845317154921698;39.2334952122542;2;2
40.5464911795052;-320.490962787526;228.427751351981;255.292031962414;-139.972235804011;2;2
40.5836814387006;40.535759033075;40.5597273135894;0.0338862579886533;40.5597202358878;2;2
39.7611940298694;38.0049396798952;38.8929813125286;1.24185936035514;38.8830668548823;2;2
40.0903495000413;39.4142459312975;39.7537350784065;0.478077418243175;39.7522977156694;2;2
39.0738096005136;-321.423879672277;228.954223612795;254.910360686871;-141.175035035882;2;2
39.5336102832211;38.1831396648444;38.8642412552376;0.954926932047327;38.8583749740328;2;2
39.815987588878;39.6514445370846;39.7338012374552;0.116349507720244;39.7337160629813;2;2
39.9439935992087;38.7396777131757;39.3464436383668;0.85157992970459;39.3418356561922;2;2
40.2856512362815;39.3533274039126;39.8222178770272;0.659252504129835;39.819489320097;2;2
40.1730961350135;38.4807672066748;39.3360337215595;1.19665726122643;39.3269316708442;2;2
38.8970137296207;38.3074559857563;38.6033603536205;0.416880278587542;38.6022348576885;2;2
40.4369139690086;-319.736531570057;227.888781680655;254.681085743997;-139.649808800524;2;2
40.6849254986228;39.334077825534;40.0152023686851;0.955193549991154;40.0095016620784;2;2
37.7245508981599;37.615320739498;37.6699754101537;0.0772373858998729;37.6699358188289;2;2
39.3462740926265;39.0016102138799;39.1743212082067;0.24371416589178;39.1739421532532;2;2
40.9780276469645;38.5263651821372;39.7710922906499;1.73358715405992;39.7521964145508;2;2
40.4025373165536;40.1204819277269;40.2617566167236;0.199443278109542;40.2615096221403;2;2
39.9564722180982;38.6479531716381;39.3076580100671;0.925262691063706;39.3022126948682;2;2
40.3956812832662;39.8347497735378;40.1161959553719;0.396638474310153;40.115215528402;2;2
40.3867868078729;38.2551246097844;39.3353982284068;1.5073127954674;39.3209557088286;2;2
39.4100782388371;-320.160659111382;228.096472911601;254.254906696587;-140.375290436272;2;2
38.2279655593518;-321.734004049847;229.100574762214;254.53154967993;-141.753019245248;2;2
41.204819277097;39.4722062699633;40.3478140639413;1.22514240651624;40.3385127735302;2;2
39.611642902994;38.5555356880555;39.0871563666842;0.746780573343057;39.0835892955248;2;2
40.3106397431781;39.2807215194247;39.7990122967322;0.728262160083632;39.7956806313014;2;2
39.3123170571461;38.9603329535914;39.1367207124989;0.248890346493355;39.1363250053688;2;2
39.2715138770023;38.7486412212233;39.0109535815434;0.369726800598318;39.0100775491128;2;2
41.1428571429079;40.4645565900413;40.805116308561;0.479630920614579;40.8037068664746;2;2
38.8023952095668;38.292677884175;38.5483790420596;0.360424577272815;38.5475365468709;2;2
39.7590694940822;39.7502644014103;39.7546671915216;0.00622614073727089;39.7546669477463;2;2
40.7112255562385;38.8311822803884;39.7823114184161;1.32939134927777;39.7712039183135;2;2
38.9183518461734;38.3783783784098;38.6493081269183;0.381818900716459;38.6483651122916;2;2
40.5555757194502;40.0002375737526;40.2788637370316;0.392683368674319;40.2779066466014;2;2
40.0000000000127;39.395132250257;39.6987181469141;0.427706087573312;39.6975661251349;2;2
40.0227939177194;-321.66011613628;229.201935360269;255.748438338467;-140.81866110928;2;2
40.5818665855072;39.0232121931768;39.8101682076176;1.10213509034301;39.802539389342;2;2
38.4921774919183;-319.938433888815;227.86207364028;253.448715892157;-140.723128198448;2;2
39.9999999999618;37.7957030034731;38.9134627444262;1.55867335396632;38.8978515017175;2;2
40.5453325583851;38.9189189189019;39.7404469154922;1.15004811349289;39.7321257386435;2;2
40.3473437710075;40.2854049004265;40.3163862304595;0.0437973954068326;40.316374335717;2;2
42.6906678625779;40.0586679403147;41.395591550945;1.8611049931148;41.3746679014463;2;2
39.4102489310584;39.162894860604;39.2867665675779;0.174905740572396;39.2865718958312;2;2
39.9314724108107;38.9502285576052;39.4439018961424;0.693844182599235;39.4408504842079;2;2
42.1621621621838;-319.546790532445;227.912043624045;255.766853266256;-138.692314185131;2;2
40.6626377959608;-320.227072935573;228.252960937433;255.187561718719;-139.782217569806;2;2
39.8295894983925;39.4116562715383;39.6211739457348;0.295523418791752;39.6206228849654;2;2
39.9118065595062;38.2152264480832;39.0727260075473;1.19966330161345;39.0635165037947;2;2
40.0000000000191;39.3402987237035;39.6715206645255;0.466479246040202;39.6701493618613;2;2
40.4223418419171;39.3800796655616;39.9046137335696;0.736990652675218;39.9012107537394;2;2
38.8753341410736;38.8626380215966;38.8689865997158;0.00897751217691045;38.8689860813351;2;2
42.2614473684336;39.21264683541;40.7655590266678;2.15582753138609;40.7370471019218;2;2
39.8802395209738;38.9160937532244;39.4011158297579;0.681754010427891;39.3981666370991;2;2
38.1932206577827;37.7245508981599;37.9596090909926;0.3313995651664;37.9588857779713;2;2
41.1855404953173;38.8063281110878;40.0136217265872;1.68235721077166;39.9959343032026;2;2
41.0238490067712;39.4002540694128;40.2202449524157;1.1480549901063;40.212051538092;2;2
40.1396273415128;39.4209649447737;39.7819190103532;0.508171054118029;39.7802961431433;2;2
41.3577430872808;38.9189189189019;40.1568497462736;1.72450910758238;40.1383310030914;2;2
38.84739990617;38.2935951087794;38.5714914530475;0.391599127688544;38.5704975074747;2;2
40.0163013588206;39.3799673287633;39.6994093234044;0.44995610775326;39.6981343437919;2;2
40.5128648121123;39.2896908282716;39.9059645959452;0.86491461854467;39.901277820192;2;2
39.8597431927775;38.4017454400142;39.1375342876492;1.03096009793368;39.1307443163959;2;2
37.6504195397836;36.7114922650336;37.1839196148506;0.66392184301669;37.1809559024086;2;2
40.1428825373768;38.8608781055583;39.5070807928445;0.906514027250073;39.5018803214675;2;2
40.577447270767;40.4418235038442;40.5096921447693;0.0959004852811793;40.5096353873057;2;2
40.7276462163489;39.9425374159067;40.337002005263;0.555155756761907;40.3350918161278;2;2
41.6268371365798;-321.501478602389;229.233499202797;256.770494499874;-139.937320732905;2;2
40.4271371477444;-320.607651316181;228.49903665053;255.290147167092;-140.090257084218;2;2
40.400821189502;39.4671192986592;39.9366990280914;0.660226938621644;39.9339702440806;2;2
41.090011707223;-319.259739111348;227.612796300587;254.805752402694;-139.084863702062;2;2
39.6010898417162;38.151862777782;38.8832287115306;1.02475828438695;38.8764763097491;2;2
-319.999999999981;-321.197604790433;320.599361605025;0.846834468510287;-320.598802395207;2;2
41.4422654078318;39.7573244338647;40.608534868133;1.19143318859121;40.5997949208482;2;2
39.806435545085;38.8023952096239;39.3076213017835;0.709963729789359;39.3044153773544;2;2
40.2855916982291;-319.822567100148;227.935740204344;254.634921046934;-139.768487700959;2;2
41.1481882851678;39.5994836256995;40.3812611403709;1.09509956676526;40.3738359554336;2;2
42.0781211496162;39.5192217530567;40.8187283452648;1.8094151156814;40.7986714513365;2;2
39.391170012327;-321.737024468954;229.201196756339;255.356195195368;-141.172927228313;2;2
39.2893251105548;-319.150631344553;227.377193837981;253.455323857617;-139.930653116999;2;2
40.1391569639449;39.7002569568572;39.9203101454429;0.310349171274514;39.9197069604011;2;2
41.2501149400684;38.7808050836522;40.0345027788848;1.74606574432266;40.0154600118603;2;2
39.3912811660094;-318.173989713804;226.700640451565;252.83682775592;-139.391354273897;2;2
39.9642363105477;37.7682524318691;38.8817507041715;1.55279509198996;38.8662443712084;2;2
41.1962674247339;40.3166948003003;40.758853819451;0.621951767283032;40.7564811125171;2;2
-319.453851668995;-322.813802715864;321.138221463931;2.37584416969568;-321.13382719243;2;2
39.0973925286397;38.7321141639448;38.9151819355081;0.258290808696518;38.9147533462923;2;2
40.6206084264814;38.8290991325973;39.7349516696988;1.26678837026418;39.7248537795394;2;2
39.9554574608161;39.7922623557116;39.8739433984706;0.115396365475798;39.8738599082638;2;2
38.4143261110103;38.0685208773981;38.2418143682798;0.244521225656993;38.2414234942042;2;2
40.1204819277269;38.1601177449393;39.1525711570817;1.38618680724432;39.1402998363331;2;2
39.8469003363965;38.9189189189081;39.3856427917284;0.65618195312115;39.3829096276523;2;2
40.9432860924932;38.4195400060632;39.7014718261757;1.78455797170764;39.6814130492782;2;2
39.6516542013323;-322.63938605626;229.856941504561;256.178451329272;-141.493865927464;2;2
40.9855753796901;38.8258659127179;39.9203284873547;1.52714520948883;39.905720646204;2;2
40.4851879711545;39.5810475502416;40.0356701594603;0.639323822772378;40.033117760698;2;2
39.4168257936829;37.3609185479963;38.4026326597511;1.45374595491559;38.3888721708396;2;2
40.0455025676352;39.0427458519574;39.5473025600673;0.709056073536127;39.5441242097963;2;2
38.6398254938527;37.7183571950386;38.1818712459716;0.651576482739885;38.1790913444457;2;2
40.1440482672567;40.1128629406236;40.1284586333508;0.0220513559357673;40.1284556039402;2;2
41.3781033973019;38.6921203348079;40.0576310879779;1.89927683764172;40.0351118660549;2;2
39.894413276834;39.4812009409615;39.6883448788395;0.292185244765439;39.6878071088978;2;2
38.7378783039885;-321.427998744066;228.928571384296;254.675734012679;-141.345060220039;2;2
41.0810810810728;38.9189189189081;40.0146065369024;1.52887952689165;39.9999999999905;2;2
-320.977619007525;-321.402320794634;321.190040097694;0.300309513647001;-321.18996990108;2;2
40.1058007684388;39.2424285541204;39.6764631368709;0.610496347432648;39.6741146612796;2;2
37.6896556748411;-320.903820469013;228.472943842916;253.563878670576;-141.607082397086;2;2
41.0830239356263;-323.839871486362;230.82469237497;258.039453963117;-141.378423775368;2;2
39.6128264755435;38.605119410846;39.1122184624396;0.712556498897172;39.1089729431948;2;2
39.8821303658691;39.8121316803312;39.8471463937645;0.0494965452179814;39.8471310231001;2;2
40.34483508618;-319.329598607911;227.595143033875;254.328231084523;-139.492381760865;2;2
41.661704594464;37.6658089373218;39.7140453279392;2.82552491607915;39.6637567658929;2;2
39.7611940298694;39.3590733189395;39.5606446055078;0.284342281554103;39.5601336744045;2;2
40.5840462588815;39.2809858497195;39.9378308128327;0.921402851614198;39.9325160543005;2;2
40.9805861154714;39.2054153873684;40.1028243024333;1.2552352596055;40.0930007514199;2;2
39.4646493462226;-318.548817956065;226.970050853881;253.153750485556;-139.542084304921;2;2
39.8219941064701;39.3372980778989;39.5803880393131;0.342731848616899;39.5796460921845;2;2
39.6592283818967;38.608246411359;39.1372654052864;0.743156478272042;39.1337373966278;2;2
39.3424413797177;38.3328735220812;38.8409377215355;0.713872278202783;38.8376574508995;2;2
39.8320680732702;-321.038576952951;228.749165614838;255.174080229205;-140.603254439841;2;2
39.3912363715072;37.5438105728708;38.4786123398932;1.3063273099548;38.467523472189;2;2
40.1039593130896;40.0232687280852;40.063634335058;0.057056859834514;40.0636140205874;2;2
39.6296263608409;-322.266116638039;229.593071779684;255.898933957052;-141.318245138599;2;2
40.7539331026222;37.8418302395521;39.3248469749857;2.05916768198961;39.2978816710872;2;2
40.9580838323237;-322.749882568392;230.048963624189;257.180369413515;-140.895899368034;2;2
38.2861671780561;-321.523070932489;228.957327617009;254.423552201532;-141.618451877217;2;2
38.8455707853545;-319.907687547385;227.870475184429;253.676861739849;-140.531058381015;2;2
39.4492399286675;39.1038084709607;39.2769039505608;0.244256926179609;39.2765241998141;2;2
39.6308065522627;38.4657834362016;39.0526396248937;0.823795745605841;39.0482949942322;2;2
39.0579064078305;-317.01492537309;225.858343837757;251.781513948586;-138.97850948263;2;2
40.8242957984248;40.1835014896026;40.5051658396937;0.45311000111397;40.5038986440137;2;2
40.4492485017232;39.4517418784895;39.9536083577011;0.705343697567107;39.9504951901064;2;2
39.5164694478571;39.3426251584773;39.4296431126626;0.122926475891004;39.4295473031672;2;2
39.4014164419862;-319.619628989327;227.716028040309;253.866215813165;-140.10910627367;2;2
40.577072732695;-319.99999999993;228.086057039344;254.966493269634;-139.711463633618;2;2
39.6701612135068;39.284025003176;39.4775652184616;0.273039532786566;39.4770931083414;2;2
40.2669781360474;-320.741711578823;228.578952524857;255.271692564655;-140.237366721388;2;2
41.6882704561999;40.3682603150583;41.0335736592219;0.933388122036223;41.0282653856291;2;2
42.0359281437307;40.6660764280331;41.3566743522465;0.968631437389764;41.3510022858819;2;2
38.9743117364916;37.7842488805504;38.3838927077531;0.841501515474277;38.379280308521;2;2
38.7785379514631;37.3633119686883;38.0775004886257;1.00071588933144;38.0709249600757;2;2
39.248121079008;-320.618921018636;228.404145675365;254.464425792789;-140.685399969814;2;2
39.8802395209738;37.7759510592659;38.8423479123127;1.4879566408463;38.8280952901198;2;2
41.188763550549;39.0956988500483;40.1558707500952;1.48002024318624;40.1422312002987;2;2
39.8204629991219;37.7723528742736;38.8099208651801;1.44823255789704;38.7964079366977;2;2
41.0232612015891;38.7189209727421;39.8877349626878;1.62941460197866;39.8710910871656;2;2
40.6583712454638;39.7915938898302;40.2273171901081;0.612904145947433;40.224982567647;2;2
40.8235856617244;38.4023645539348;39.6314695009752;1.71206186407003;39.6129751078296;2;2
40.71512121733;39.8294427866343;40.2747166869964;0.626269224295623;40.2722820019821;2;2
39.9564556345542;-323.300524183624;230.347289200765;256.861473742778;-141.672034274535;2;2
40.1842979235482;-319.814609073412;227.92121662582;254.557668357296;-139.815155574932;2;2
40.3321915854046;39.2721525211277;39.8057008588248;0.749560810672803;39.8021720532661;2;2
38.8023952095668;37.9843362799302;38.3955445112205;0.578455016556303;38.3933657447485;2;2
38.2128389774006;-320.109774865273;227.95886583659;253.372350100643;-140.948467943936;2;2
41.4484241748305;39.3824319189022;40.4286272981389;1.46087713404574;40.4154280468663;2;2
40.4862281019561;39.3869045793931;39.9403487608073;0.777339117522148;39.9365663406746;2;2
38.3151559751302;-323.036553366509;230.022461933951;255.514244068824;-142.36069869569;2;2
39.0958282063887;-322.526379090928;229.730003474349;255.70551500758;-141.71527544227;2;2
40.0474644931043;-319.45907957418;227.659727372573;254.209515190917;-139.705807540538;2;2
38.1708180569882;-319.895001042328;227.804546753363;253.190768796242;-140.86209149267;2;2
37.6681166719545;-320.119760479026;227.920543241237;252.994234159798;-141.225821903536;2;2
-320.31894204892;-320.683610072805;320.501327926006;0.257859232571445;-320.501276060863;2;2
41.1014044323884;39.2937098399604;40.2077174140846;1.27823310462011;40.1975571361744;2;2
40.4723622471202;-319.557620910597;227.766421129084;254.5796425213;-139.542629331738;2;2
40.6673082677175;-319.459106628581;227.714679774573;254.647830057573;-139.395899180432;2;2
38.967178210114;37.8030312473882;38.3895177695018;0.823176211641203;38.3851047287511;2;2
41.5784189419921;39.4095345885993;40.5084950239195;1.53363283389347;40.4939767652957;2;2
39.439334579936;38.7022739332038;39.0725422752915;0.521180581450073;39.0708042565699;2;2
39.8802395209738;37.8516996034578;38.8792018122842;1.43439433158318;38.8659695622158;2;2
40.476946167673;-319.72364138211;227.883292531174;254.700278043831;-139.623347607219;2;2
38.9497877839604;37.9762901126849;38.4661187224443;0.688366804828195;38.4630389483227;2;2
39.9361940962189;-319.520613310594;227.693128935931;254.174346061024;-139.792209607188;2;2
39.9999999999555;-322.164805048732;229.554091242221;256.089189557031;-141.082402524388;2;2
40.5061497253237;-321.409222239899;229.068370040941;255.912813732261;-140.451536257288;2;2
40.4651643324612;40.3319488888868;40.3986115208733;0.0941975435102222;40.398556610674;2;2
40.4097993183711;38.3971143332953;39.4163054463199;1.42318320133941;39.4034568258332;2;2
40.2951009966699;39.8209343925147;40.0587192769863;0.3352864212103;40.0580176945923;2;2
39.0293418340281;38.8023952095668;38.91603395772;0.160475497123946;38.9158685217974;2;2
39.9445397875347;39.394379781462;39.670413516902;0.389021871031619;39.6694597844983;2;2
39.3328004096959;37.7835504294592;38.5659556547252;1.0954851667785;38.5581754195775;2;2
40.488526499116;38.6772346591697;39.5932396941075;1.28077674273387;39.5828805791429;2;2
40.9580838323237;39.2528830514446;40.1145451118796;1.2057590354442;40.1054834418842;2;2
40.8295757922681;-319.579937443273;227.813948953552;254.848010812994;-139.375180825503;2;2
-322.162162162203;-323.540748877376;322.852191345482;0.974808014752687;-322.85145551979;2;2
39.7511312978936;37.978573936657;38.8749567055997;1.25338733017253;38.8648526172753;2;2
39.8527177579232;39.8184068415289;39.8355659937837;0.0242614816511371;39.835562299726;2;2
40.3932039100716;39.3792926530651;39.8894698634638;0.716943525350701;39.8862482815683;2;2
38.4113127399119;38.1735246452041;38.2926032690474;0.168141574253271;38.292418692558;2;2
40.5784018038117;38.7626119948887;39.6808945313603;1.28395728709885;39.6705068993502;2;2
41.4350247956547;39.1146193577961;40.2915296763587;1.6407744202119;40.2748220767254;2;2
40.2791315991517;39.3156594816674;39.8003110720268;0.681277667757311;39.7973955404095;2;2
40.0773060190643;38.3002401080417;39.1988446901141;1.25657535629955;39.188773063553;2;2
39.795478875353;37.7589499566164;38.7905815936351;1.44004340852114;38.7772144159847;2;2
40.3837686881697;-321.499789374563;229.121106995131;255.890317906074;-140.558010343197;2;2
41.161270430995;39.1677909694187;40.1768965508636;1.40960284543673;40.1645307002069;2;2
40.8633123677567;-322.395032168844;229.791608925146;256.862438744429;-140.765859900543;2;2
40.4705073979773;38.349483327412;39.4242618226974;1.49979050335658;39.4099953626946;2;2
40.1204819277269;38.4122648081438;39.2756614062961;1.20789190899615;39.2663733679354;2;2
41.0075568950047;39.641821578995;40.3304707423427;0.965720703256394;40.3246892369998;2;2
40.0868434607104;-322.324091099968;229.673436341759;256.26322940401;-141.118623819629;2;2
40.4512184242798;39.9389310939159;40.1958908903221;0.36224184521631;40.1950747590978;2;2
39.335227057874;38.4359569088136;38.8881914672737;0.635880020519246;38.8855919833438;2;2
40.5081659851281;39.8005452834599;40.1559143610218;0.500363396657611;40.154355634294;2;2
39.1866313818689;38.7519936563733;38.9699184718295;0.30733528305746;38.9693125191211;2;2
39.5565062851252;38.2023731799346;38.8853346781543;0.957516701309489;38.8794397325299;2;2
41.5495673812191;-318.521657644754;227.13697732682;254.608804926013;-138.486045131767;2;2
39.4221671511603;-321.716957660023;229.189777377739;255.363924105762;-141.147395254431;2;2
37.7860079562316;-319.724342289772;227.65262731835;252.797993003327;-140.96916716677;2;2
40.3929770609509;-318.722171780323;227.173298805353;253.932756972481;-139.164597359686;2;2
39.9911777927194;39.4204135366777;39.7068212316951;0.40359127590599;39.7057956646986;2;2
39.0535597833069;-320.481322564009;228.29088751429;254.229553380894;-140.713881390351;2;2
40.4131628511009;39.9560952448304;40.1852788894364;0.323195603854543;40.1846290479656;2;2
39.2372748194263;38.5269354393183;38.8837272493301;0.502285792618193;38.8821051293723;2;2
39.9731273037155;38.3741613723045;39.1818016907512;1.13063965298703;39.17364433801;2;2
37.8155271798369;-319.10748827716;227.221921445145;252.382684591194;-140.645980548662;2;2
40.6597726259094;39.2486737605395;39.9604523369788;0.997797576627735;39.9542231932244;2;2
40.1538628203842;38.1744728033629;39.1766708208656;1.39964010364876;39.1641678118736;2;2
38.3487532239636;37.8095189803006;38.0800905943918;0.381296190342149;38.0791361021321;2;2
38.3561711738057;-322.276755161245;229.492377634177;255.005987730663;-141.96029199372;2;2
40.4569095828517;39.8346690999277;40.1469948769255;0.439990465004372;40.1457893413897;2;2
40.6013061902924;39.0023359116905;39.8098497292204;1.13064272691513;39.8018210509914;2;2
39.4753439504842;38.8689760791699;39.1733332858726;0.428766833699977;39.1721600148271;2;2
40.58567757131;39.3210689844909;39.9583764059891;0.894213307286528;39.9533732779004;2;2
40.3407860110423;39.4683398727185;39.9069471915425;0.616912580628822;39.9045629418804;2;2
40.5017038214961;-320.036904400324;228.105247846894;254.939294753209;-139.767600289414;2;2
39.4512181051168;37.7221189520548;38.5963526010585;1.22265773647407;38.5866685285858;2;2
38.2111966181721;37.8013430792045;38.0068223190543;0.289810216697352;38.0062698486883;2;2
41.1013576297044;37.3856271477579;39.2874452989504;2.62741822084591;39.2434923887312;2;2
39.9305725773649;37.5587037676376;38.7627840528861;1.67716451944306;38.7446381725012;2;2
41.7897302920835;38.6865671642188;40.2680520812511;2.19426769084117;40.2381487281512;2;2
39.5483416651717;38.6990657434354;39.1260080884818;0.600528763358178;39.1237037043036;2;2
39.6959901182209;39.5741505646191;39.6351171587586;0.0861535745686164;39.63507034142;2;2
38.9072310687458;38.3194951251753;38.6144813255669;0.41559207124574;38.6133630969606;2;2
39.8806147071718;-321.737093888748;229.243561538159;255.702333945316;-140.928239590788;2;2
40.9242822983325;38.282532947081;39.6254287704118;1.8679988804651;39.6034076227068;2;2
39.791039115726;38.6897519189577;39.2442587995985;0.778727644868827;39.2403955173419;2;2
40.5295766904443;-318.29679442268;226.887081966405;253.728560282651;-138.883608866118;2;2
38.5215301545546;-320.000000000038;227.907775520574;253.51300517369;-140.739234922742;2;2
40.3344477466339;39.2854534922613;39.8134056011199;0.741750950692563;39.8099506194476;2;2
41.0074736399682;40.6546278289332;40.8314318769362;0.249499665696153;40.8310507344507;2;2
39.8156121795301;39.2550930765835;39.5363459722948;0.396346858678131;39.5353526280568;2;2
38.8737518642638;38.0091842720984;38.4438985603352;0.61134160721428;38.4414680681811;2;2
40.0281195950788;38.1385855432306;39.0947698903334;1.33610234134478;39.0833525691547;2;2
42.8099274351419;40.8450282933378;41.8390142288611;1.38939350751725;41.8274778642398;2;2
40.4061775851753;39.167248971405;39.7915354003383;0.876054824202997;39.7867132782902;2;2
39.4376281922949;39.0574949611561;39.2480217977571;0.268794785492568;39.2475615767255;2;2
38.2020282698201;-318.979341631054;227.164274646465;252.565368770409;-140.388656680617;2;2
40.5463521891275;38.9875953429037;39.774610409574;1.10220753618581;39.7669737660156;2;2
40.8896572841492;37.7673762826266;39.3594892248914;2.20778606894658;39.3285167833879;2;2
38.8230711660002;-320.119760479077;228.017424667438;253.810910314535;-140.648344656538;2;2
40.0003646906797;39.9770294641807;39.9886987795761;0.0165004968979973;39.9886970774302;2;2
40.2233803064751;38.1953884793329;39.2224937017427;1.43400677316313;39.209384392904;2;2
40.2901103442765;38.3362527532608;39.3253179689362;1.38158595208003;39.3131815487687;2;2
39.3114663571567;-319.797633725855;227.833182310881;253.928479854496;-140.243083684349;2;2
40.7672530688444;-322.527838934356;229.876244760572;256.888423127253;-140.880292932756;2;2
38.2683127712753;-321.081081081149;228.6454945878;254.098393208325;-141.406384154937;2;2
39.4361723247774;38.7184495548265;39.078958683409;0.507506637644271;39.0773109398019;2;2
41.6598786474648;39.7710381818848;40.7264101473874;1.33561190179122;40.7154584146748;2;2
40.0000000000127;38.84651138549;39.4274742205484;0.815639621350497;39.4232556927514;2;2
41.9892584624335;41.485114527894;41.7379476832386;0.356483594806987;41.7371864951637;2;2
39.8243100661803;39.6065274306562;39.7155680266731;0.153995578403721;39.7154187484182;2;2
39.2868082804173;39.2587049702371;39.2727591391437;0.0198720412021879;39.2727566253272;2;2
40.6935878629005;40.0243451610169;40.3603536823194;0.473226052761524;40.3589665119587;2;2
40.2204177534379;39.2332482658442;39.7298991551101;0.698034238857937;39.7268330096411;2;2
41.0810810810728;39.3614374800854;40.2304485637953;1.21597165148226;40.2212592805791;2;2
40.6070741798264;39.1102148455614;39.8656705619753;1.05843938574115;39.8586445126939;2;2
40.0135599801181;-321.322890457278;228.964500429764;255.50345439416;-140.65466523858;2;2
39.7253259436745;39.2032123405492;39.4651325802243;0.369190069319625;39.4642691421119;2;2
40.0726789049063;39.9400299850249;40.0064094228688;0.0937969507652423;40.0063544449656;2;2
39.6114229128081;-321.030577830204;228.724393897079;255.012404306068;-140.709577458698;2;2
39.2747143703552;-318.429030964354;226.869511999487;252.934743981999;-139.577158296999;2;2
39.8127601246238;38.8677232147914;39.3430792938381;0.668242007414047;39.3402416697076;2;2
38.8023952095668;38.5840097035945;38.6933565280042;0.154421872185904;38.6932024565807;2;2
40.5444890751625;-320.320340226066;228.307879799306;255.169967890625;-139.887925575452;2;2
40.1116637115354;39.3589999724343;39.7371139146856;0.532213633871637;39.7353318419849;2;2
41.4197754822224;38.7918162281402;40.1273149318236;1.85824780924345;40.1057958551813;2;2
39.8879380554355;38.9928605347489;39.4429383730259;0.632915384565106;39.4403992950922;2;2
38.584929566653;-322.162162162203;229.431095885768;255.086714854799;-141.788616297775;2;2
39.4489657012701;37.8759038854907;38.6704343784946;1.11232267716328;38.6624347933804;2;2
39.4266820394305;38.3599514327475;38.8969737290775;0.754292445684766;38.893316736089;2;2
38.8460007179914;38.4026830943531;38.6249779328578;0.313472897894183;38.6243419061722;2;2
40.7310342521368;39.2137334555518;39.9795825564237;1.07289368236501;39.9723838538443;2;2
41.7787079613682;39.1672544418401;40.4940381996729;1.84657649241181;40.4729812016042;2;2
39.5243189097578;-321.048033657814;228.729110194602;254.963155608916;-140.761857374028;2;2
39.3146465447544;38.369589858339;38.8449923338654;0.668255991570037;38.8421182015467;2;2
40.1139150064896;38.2641726390733;39.1999558985764;1.30796537144815;39.1890438227814;2;2
40.1449263862522;39.9113035987247;40.028285433598;0.165196257300405;40.0281149924884;2;2
-318.948294961423;-319.564217607219;319.256404817282;0.435523079528624;-319.256256284321;2;2
39.527637752848;38.854816233732;39.1926708127774;0.475756658695177;39.19122699329;2;2
40.0212394567959;38.7687527367983;39.3999733275621;0.885641853056434;39.3949960967971;2;2
40.0733125870117;39.5338935948556;39.8045168571716;0.381426827254372;39.8036030909336;2;2
40.3814137704522;38.9008083308567;39.6480230711099;1.04694614659966;39.6411110506545;2;2
39.1012576071556;38.5450444665737;38.8241471212909;0.39330208349048;38.8231510368646;2;2
40.1769307478304;38.2391675967871;39.2200185033812;1.37020546443613;39.2080491723087;2;2
39.4691334095423;39.4448899608446;39.4570135471718;0.0171427069734841;39.4570116851935;2;2
40.7567445031512;40.6472891096068;40.7020535996349;0.0773966510126632;40.702016806379;2;2
38.9189189189019;-322.105098887927;229.419241759946;255.282531162422;-141.593089984512;2;2
38.2297805329357;-319.220878871015;227.336188965571;252.755785204136;-140.49554916904;2;2
39.6428571428158;39.4866948123718;39.5648530241874;0.11042344282281;39.5647759775938;2;2
39.5698834331859;-322.048192771071;229.434973513225;255.702593883664;-141.239154668942;2;2
38.3395726276893;37.1818712837056;37.7651584230221;0.818618470919666;37.7607219556974;2;2
40.1307785467454;39.2997569748481;39.7174412887465;0.587620988800932;39.7152677607968;2;2
40.7387202542374;-318.918918918927;227.342165218389;254.316355564889;-139.090099332345;2;2
39.158357976142;38.460959421732;38.8112251740897;0.493135247012997;38.809658698937;2;2
37.9279077439583;-319.430648152584;227.458199637883;252.690658189477;-140.751370204313;2;2
38.9813233314654;38.2362494727184;38.610583668291;0.526846778004795;38.6087864020919;2;2
41.0810810810728;38.8877513488359;39.9994526697464;1.55091832704281;39.9844162149544;2;2
40.6614155000475;40.3657446296586;40.5138497922273;0.209070877451322;40.513580064853;2;2
40.1145482317635;38.7761268259329;39.4510138745464;0.94640685214804;39.4453375288482;2;2
41.0720933275239;39.0058663453763;40.0523061736662;1.46104311054718;40.0389798364501;2;2
40.1705503552746;38.7904932097657;39.4865513770355;0.975847766014303;39.4805217825201;2;2
39.2327794295233;37.8970256901572;38.5706853577043;0.944520527101096;38.5649025598402;2;2
41.717351583422;40.8397621335656;41.2808890060586;0.620549451091233;41.2785568584938;2;2
39.896291660988;-321.753319022261;229.256311134655;255.724892127601;-140.928513680637;2;2
40.4092538387547;39.958700246627;40.1846085037835;0.318589500281518;40.1839770426908;2;2
39.6933148283312;-320.625760289636;228.447409050057;254.78406140678;-140.466222730652;2;2
41.0711869057567;40.1956902279042;40.6357964530365;0.619069637815784;40.6334385668304;2;2
39.8995892332372;38.913828019725;39.4097908655311;0.697038438705171;39.4067086264811;2;2
42.3391538531275;39.2871819793398;40.8416859157195;2.15807000794596;40.8131679162337;2;2
40.6193802476051;39.1493262969648;39.8911255870635;1.03948511720783;39.8843532722849;2;2
41.0341098969913;-321.081081081041;228.885188252984;256.054107111228;-140.023485592025;2;2
40.4641013044786;40.4416798961666;40.452892153733;0.0158543298611668;40.4528906003226;2;2
40.2081265447317;37.7245508982229;38.9861204835116;1.75615318123613;38.9663387214773;2;2
39.2219672346396;39.0361445783568;39.1291662145868;0.131396460355621;39.1290559064982;2;2
40.5934679641056;40.2775045249091;40.4357948611558;0.223419890462895;40.4354862445074;2;2
40.4430289382376;40.1947930018148;40.3191020123084;0.175529313978726;40.3189109700262;2;2
39.8802395209738;38.686567164162;39.2879369730548;0.844053818016584;39.2834033425679;2;2
39.4561138052303;38.8516295972721;39.1550382388711;0.427434882567398;39.1538717012512;2;2
40.4816820865377;39.1650561878084;39.8288099919499;0.93099510127733;39.8233691371731;2;2
39.8222497738714;38.6865671641681;39.2585153565458;0.803048874596885;39.2544084690198;2;2
39.4863847056073;38.6865671641681;39.0885216915842;0.565556407263628;39.0864759348877;2;2
38.8023952095668;37.7899664683734;38.2995263657411;0.715895228366036;38.2961808389701;2;2
40.4669382066545;-318.303277214004;226.88603898543;253.688852211706;-138.918169503675;2;2
40.3911198613158;39.9203238045189;40.1564117938146;0.332903084316934;40.1557218329174;2;2
40.0290611210373;39.3370632086582;39.6845705288195;0.489316416410212;39.6830621648477;2;2
39.8143687505456;39.1761546567586;39.4965508158288;0.451285513565604;39.4952617036521;2;2
41.0718844550637;40.9766057137983;41.0242727450115;0.067372244051655;41.024245084431;2;2
39.8802395209738;38.3536177049745;39.1243753644041;1.07948463840043;39.1169286129741;2;2
38.8660490122124;38.6496528348478;38.7580019484619;0.153015204437376;38.7578509235301;2;2
41.0552707576451;-319.464190469866;227.75305074746;254.925755783694;-139.204459856111;2;2
38.969996259167;38.8023952095668;38.8862860301605;0.11851183870629;38.8861957343669;2;2
38.332893614674;38.1358018379342;38.2344747230565;0.139364931848855;38.2343477263041;2;2
42.2005733544447;-320.119760479026;228.317267678764;256.199165015421;-138.959593562291;2;2
40.6202553338192;-319.02803805472;227.408106944792;254.309747097205;-139.20389136045;2;2
38.867674213445;38.0214565887809;38.4468936319636;0.598366220759572;38.4445654011129;2;2
39.2514430148447;39.021136058689;39.1364589485196;0.162851610452109;39.1362895367668;2;2
38.2297870006526;37.234904547132;37.7356246188485;0.703488129367928;37.7323457738923;2;2
38.858495117506;-321.081081081041;228.695259320091;254.515715147405;-141.111292981767;2;2
39.9742961350751;-319.806017325858;227.896723396061;254.403099385647;-139.915860595391;2;2
38.6153298882355;38.1367605267992;38.3767912015562;0.338399640739734;38.3760452075173;2;2
41.0810810810728;40.0700508464027;40.5787148491853;0.714906334919876;40.5755659637378;2;2
41.3054928419919;40.0000000000191;40.6579865396786;0.92312284134951;40.6527464210055;2;2
39.9010033471189;37.2863717428798;38.6158230901209;1.8488237376621;38.5936875449994;2;2
38.8762960263424;38.4009642201738;38.6393610568736;0.336110343455515;38.6386301232581;2;2
39.8530480236354;39.6428571428158;39.7480915216057;0.1486273971711;39.7479525832256;2;2
39.0761572468402;38.9189189189081;38.9976173310391;0.111184287943206;38.9975380828741;2;2
40.3200640219166;39.9424298052205;40.131691102397;0.267027715433889;40.1312469135685;2;2
40.6311616426792;39.516368538172;40.0776413906692;0.788277763817035;40.0737650904256;2;2
40.8951212944117;38.8887793344164;39.9045617931432;1.41869800529176;39.891950314414;2;2
39.3315184619574;-319.454455686127;227.5940658302;253.699995314732;-140.061468612085;2;2
39.5387426640223;-318.851607303687;227.18897382091;253.420246773987;-139.656432319833;2;2
40.9975458141107;39.7611940298125;40.3841015342455;0.87423273060929;40.3793699219616;2;2
40.0000000000127;39.4261524730397;39.7141127234916;0.405771477689787;39.7130762365262;2;2
42.1621621621266;39.275209105679;40.7442632064949;2.04138408318132;40.7186856339028;2;2
39.1389818534409;38.3967739421171;38.7696540459547;0.524820247147335;38.767877897779;2;2
38.9846693754066;38.9843529575091;38.9845111667789;0.000223741240966707;38.9845111664578;2;2
40.5374974607503;38.9167354336548;39.7353809418849;1.14605182004888;39.7271164472025;2;2
39.6422135432873;38.3174296807253;38.9854492852713;0.936763652824088;38.9798216120063;2;2
39.583565367737;-320.218655167183;228.152192367618;254.41859002622;-140.317544899723;2;2
39.4117717914178;38.1285814854373;38.7754850506762;0.90735256691166;38.7701766384276;2;2
39.5284281726376;38.9460076998859;39.2382985714145;0.411833465784587;39.2372179362617;2;2
40.499181483967;37.278142111511;38.9219962242259;2.27761878273249;38.888661797739;2;2
41.5934904355021;40.1204819277269;40.8636239014681;1.04157430459329;40.8569861816145;2;2
39.8366371026651;38.8738161987036;39.3581709528023;0.680817190259379;39.3552266506844;2;2
41.0058019293438;40.4499307219929;40.7288146604011;0.393060300184188;40.7278663256684;2;2
38.9189189189019;-321.551755662285;229.030799041651;254.891258415246;-141.316418371692;2;2
40.1256017914878;38.7681465222085;39.4527128591715;0.959865826064823;39.4468741568481;2;2
39.0396312157164;38.4170458588476;38.7295895794155;0.440234327709353;38.728338537282;2;2
39.9883007170917;39.5812104810608;39.7852762802182;0.287856266452239;39.7847555990762;2;2
39.4694827930964;-320.190613433833;228.122630402037;254.318092964268;-140.360565320368;2;2
40.587028546938;38.9946468450344;39.79880255007;1.12598389965342;39.7908376959862;2;2
39.0366758583897;-317.845113953564;226.439151347804;252.353533658025;-139.404219047587;2;2
41.015191860032;39.5570844154195;40.2927343994166;1.03103766178407;40.2861381377257;2;2
39.9452901947189;-321.197604790433;228.870626699727;255.366590021342;-140.626157297857;2;2
41.8318041613425;39.8802395209738;40.8676726988653;1.37996459112859;40.8560218411582;2;2
41.719285752129;40.5228144385826;41.1254014794482;0.846032979303873;41.1210500953558;2;2
41.0151831479665;-317.933693399393;226.676066940514;253.815184705931;-138.459255125713;2;2
41.0658072256286;39.529885540405;40.3051632792252;1.08606063899309;40.2978463830168;2;2
39.3503514242999;38.9778720431666;39.1645545501884;0.263382696251517;39.1641117337332;2;2
39.7179433441617;38.7801211766864;39.2518332181346;0.663140414168863;39.249032260424;2;2
39.4867191326024;37.1680311563294;38.3449053193178;1.63955999147835;38.3273751444659;2;2
40.2105642017168;37.1706576181907;38.7204549378565;2.14953855938488;38.6906109099538;2;2
40.9121678123635;38.2879673125409;39.6217990254935;1.85558996861766;39.6000675624522;2;2
41.116464141391;39.2496001037827;40.1938722431489;1.32007222054613;40.1830321225869;2;2
39.8811693234685;38.0404971721227;38.9717018598716;1.30155176015785;38.9608332477956;2;2
40.2868642851168;36.9894492102376;38.673316296926;2.33162455983383;38.6381567476772;2;2
41.6222861615825;-320.641773011259;228.63022690047;256.159372821281;-139.509743424838;2;2
40.8246017766956;38.9189189189019;39.8831440588743;1.34752127153691;39.8717603477988;2;2
40.6024042703621;38.1495302137336;39.3950624321278;1.73444387883858;39.3759672420479;2;2
40.7609611625811;39.2195856704719;39.9976990279499;1.08991706282522;39.9902734165265;2;2
39.5678157510596;38.2082285128927;38.8939633452495;0.961373355722501;38.8880221319761;2;2
41.3724284779515;-322.401040727391;229.841368013102;257.226686890854;-140.51430612472;2;2
40.3510085345493;38.934252903298;39.6489592479629;1.00179751414198;39.6426307189237;2;2
38.0848199312491;-318.495786292771;226.814923886686;252.140564700615;-140.205483180761;2;2
40.086309360556;39.951286217945;40.0188547351018;0.0954757797573192;40.0187977892505;2;2
39.5167607084684;39.5042816323634;39.5105216630927;0.00882403933672475;39.5105211704159;2;2
40.5825689122371;38.3406055899381;39.4775058515584;1.58530746836913;39.4615872510876;2;2
41.0740890123525;-322.170893865453;229.653179427435;256.852990624888;-140.54840242655;2;2
39.7729371225279;38.1932825949747;38.9911102863983;1.1169844283649;38.9831098587513;2;2
40.5640603753312;40.0000000000191;40.2830174771891;0.398850916381812;40.2820301876751;2;2
-319.721844894611;-320.121147637274;319.921558563517;0.282349677083271;-319.921496265943;2;2
39.2987464315352;38.7218055115376;39.0113425375457;0.407958836874306;39.0102759715364;2;2
39.9542080889126;38.9329311067249;39.4468748354867;0.722151879574626;39.4435695978187;2;2
38.5915464925172;-319.491675536416;227.556848059722;253.203074525787;-140.450064521949;2;2
40.8242957983674;38.8736290136339;39.8608966289159;1.37932971132048;39.8489624060006;2;2
39.4577925405941;39.3574950576017;39.4076757078219;0.0709210303599006;39.4076437990979;2;2
40.0524655954952;40.0000000000191;40.0262413941145;0.0370987783401457;40.0262327977571;2;2
38.3907925314413;-319.152879917509;227.302016830947;252.821555358995;-140.381043693034;2;2
39.8317860876951;38.6487183971516;39.2447105778488;0.836555186585983;39.2402522424234;2;2
41.1955100875519;39.9999999999555;40.6021554315164;0.845353289916361;40.5977550437537;2;2
41.6694281757858;40.1399254845226;40.9118250778427;1.08152172483524;40.9046768301542;2;2
39.3573303761429;39.2279182354633;39.2926775839026;0.0915082022423861;39.2926243058031;2;2
39.494722231223;37.2123710161717;38.3705201995404;1.61386602121217;38.3535466236973;2;2
41.5900728208144;39.6644256681678;40.6386566019735;1.361638159809;40.6272492444911;2;2
40.6082725925642;38.535711500395;39.5855583754586;1.46552200269624;39.5719920464796;2;2
39.4429995312218;-322.283484596432;229.589192532705;255.779249861432;-141.420242532605;2;2
39.8802395209738;39.4473962561251;39.6644083255883;0.30606640776545;39.6638178885494;2;2
40.9405119997025;38.1916858047904;39.5899632950676;1.94371364272555;39.5660989022464;2;2
38.7403385611363;38.6397041491557;38.6900540744372;0.0711592751322484;38.690021355146;2;2
41.9118252909894;39.2615849705463;40.6083313719109;1.87400290235934;40.5867051307679;2;2
39.730763622732;37.9106354774206;38.8313652885607;1.28702495417821;38.8206995500763;2;2
42.7249683021344;39.8206278027046;41.2983372245174;2.05367886202152;41.2727980524195;2;2
73.6401477166465;40.9580838323237;59.5837057715664;23.1097089957766;57.2991157744851;2;2
74.2138428536389;73.1654896563881;73.6915305437594;0.741297654854662;73.6896662550135;2;2
73.0734765512886;39.5962766678002;58.769031390881;23.6719550527521;56.3348766095444;2;2
37.8629600214598;37.6234002322485;37.743370190158;0.169394351450879;37.7431801268541;2;2
40.9827065708088;38.9189189189653;39.964136971102;1.45931824354756;39.950812744887;2;2
39.9246144181953;38.482540061495;39.2102073829388;1.01970055659806;39.2035772398452;2;2
39.5070371695871;39.4594594594636;39.4832554809769;0.0336425214616685;39.4832483145253;2;2
39.3809812026679;39.2418621569696;39.3114832207555;0.098372020605485;39.3114216798187;2;2
40.0000000000191;39.4747298605624;39.7382328341731;0.371422077564622;39.7373649302907;2;2
40.2245415678912;39.6340342140408;39.9303794899746;0.417551754248201;39.929287890966;2;2
39.2406063787089;-319.860925472889;227.87149540184;253.923128306742;-140.31015954709;2;2
41.2737073305081;37.7624164163193;39.557041158332;2.48285761614162;39.5180618734137;2;2
40.1169613452924;38.1257090137189;39.134002321373;1.40802802670914;39.1213351795057;2;2
40.0000000000127;37.4997440533447;38.770032267638;1.76794793459094;38.7498720266787;2;2
40.1452520802937;39.4481908026556;39.798247588261;0.492896756320458;39.7967214414746;2;2
39.5539289415049;38.4817446517208;39.0215194870078;0.758148781988032;39.0178367966128;2;2
38.313765472211;-320.339925169465;228.128924385136;253.606456750312;-141.013079848627;2;2
40.0466800556204;37.6449498570392;38.8643720727366;1.69827970999734;38.8458149563298;2;2
41.0272485163456;40.8348127596572;40.9311437290619;0.13607262849706;40.9310306380014;2;2
40.3395843217974;39.145420489572;39.7469873610618;0.844401343614284;39.7425024056847;2;2
40.2244792889051;38.1214329242405;39.1870666308472;1.48707834560407;39.1729561065728;2;2
39.9867950817723;39.8802395209738;39.9335528419516;0.075346159613733;39.933517301373;2;2
39.3161339036909;38.7568304174604;39.0374838401551;0.395487287854867;39.0364821605756;2;2
39.4360115795491;38.7426936315871;39.0908897259538;0.490249822522263;39.0893526055681;2;2
39.0522708807143;37.5337900114763;38.3005564813769;1.0737281197402;38.2930304460953;2;2
41.4452649025021;38.7822337676264;40.135842079402;1.88304737398152;40.1137493350642;2;2
41.2597462797694;39.9955436384498;40.6325619054847;0.893926260471073;40.6276449591096;2;2
41.0795741683411;37.9507913641393;39.5461374790046;2.21238353771099;39.5151827662402;2;2
40.9083452347625;39.7530297854912;40.3348242029928;0.816931388589349;40.3306875101269;2;2
40.5668718233096;39.8359631566029;40.2030785521648;0.516830474656343;40.2014174899563;2;2
40.4875642855265;-321.678073594629;229.255344423337;256.08977845781;-140.595254654551;2;2
40.5063894854218;39.9275512033689;40.218011725111;0.409300474449967;40.2169703443953;2;2
39.4426387419454;38.987301343871;39.2156309206254;0.321972161906261;39.2149700429082;2;2
40.9037825433523;38.6740801928145;39.804546882951;1.57663765209283;39.7889313680834;2;2
38.8572128753841;-321.697380980052;229.127789586802;254.95059830314;-141.420084052334;2;2
40.7141655692728;39.506192485754;40.1147262406439;0.854165958847004;40.1101790275134;2;2
39.1816501784322;38.8765451024319;39.0293957793767;0.215741868214231;39.0290976404321;2;2
40.0000000000127;-319.085190371793;227.393226278405;253.911573135566;-139.54259518589;2;2
41.1530956930367;-321.304463290698;229.052543552395;256.296197849722;-140.075683798831;2;2
41.5710951153949;41.1095599659105;41.34097162431;0.32635463395636;41.3403275406527;2;2
41.698190118831;39.4409024737621;40.5852426821067;1.5961434009168;40.5695462962966;2;2
40.8844668713969;39.9440688721088;40.4170030396746;0.664961802310874;40.4142678717529;2;2
39.7487458441091;-320.029685274565;228.033947311707;254.401768368672;-140.140469715228;2;2
41.4978169537914;39.7142557776195;40.6158277270116;1.26116820233219;40.6060363657055;2;2
41.4163166705919;38.7732594150346;40.1165609955808;1.86892370846889;40.0947880428132;2;2
39.5230225433439;38.3596012867705;38.9456565090491;0.822663059899605;38.9413119150572;2;2
39.9209569514883;38.0575454234355;39.0003818415886;1.31763092762732;38.9892511874619;2;2
39.8171214292921;38.9316843256826;39.3768917218563;0.626098580276406;39.3744028774873;2;2
40.3424848362181;38.802395209573;39.5799315105545;1.08900781863581;39.5724400228955;2;2
41.0497516436528;40.4838610993068;40.7677882617732;0.400145041316386;40.7668063714798;2;2
41.7667074975746;38.3552429151789;40.0972724400946;2.41226973998971;40.0609752063768;2;2
41.012477795059;39.0698547790533;40.0529455055837;1.37364190790665;40.0411662870561;2;2
41.0810810810728;40.3401282437344;40.7122903403298;0.523932775821454;40.7106046624036;2;2
41.5026906498377;39.0250747694146;40.2829355430716;1.75193899022267;40.2638827096261;2;2
39.651912525247;-318.812604335233;227.171467013271;253.472690686805;-139.580345904993;2;2
39.2236909642384;38.9760526008023;39.1000678336917;0.175106766067662;39.0998717825204;2;2
43.3440666253777;40.4805807760124;41.9367710463529;2.02479026191793;41.912323700695;2;2
39.6399838550133;-322.294956460253;229.614206093332;255.926650645273;-141.32748630262;2;2
41.1024415125078;40.4661082537366;40.7855159063377;0.449955562371621;40.7842748831222;2;2
41.7555648433965;38.5880593234006;40.2030192755306;2.23976463263492;40.1718120833986;2;2
