7.18241297247099;7.1616370507313;7.17203253455834;0.0146907951475342;7.17202501160114;2;2
8.42590225416392;6.69153160664293;7.60829889132341;1.226385245953;7.55871693040343;2;2
7.95100336996692;6.14574799294519;7.10593670750082;1.27650831886554;7.04837568145605;2;2
9.17506677604348;8.37752793292301;8.78535214467133;0.563945124230159;8.77629735448325;2;2
8.32046880109285;7.75654279527661;8.04344942188726;0.39875590280011;8.03850579818473;2;2
8.39291939294133;6.60905796697925;7.55383158229327;1.26138051099489;7.50098867996029;2;2
7.2972837852428;6.7724772691728;7.03977268822758;0.371094246323988;7.0348805272078;2;2
6.94093089955282;5.60942276071007;6.31039402338473;0.941518434180793;6.27517683013145;2;2
7.04115651149493;6.08881398510094;6.58223141360619;0.673407858425524;6.56498524829794;2;2
8.39311663266334;7.84393188002544;8.12316669002826;0.38833226271452;8.11852425634439;2;2
7.46075748751283;7.07249323664785;7.26921807589745;0.274544284678942;7.26662536208034;2;2
7.69781957388562;5.5948067277155;6.72897795034979;1.48705464444931;6.64631315080056;2;2
8.36163798676418;7.21465087522501;7.80923098240418;0.811042364502918;7.7881444309946;2;2
7.60950572219159;7.2752882255327;7.44427283556431;0.236327458278694;7.44239697386214;2;2
8.43214847018626;7.81776652632884;8.13076261132534;0.434433638740152;8.12495749825755;2;2
8.29294456690486;7.1267121628166;7.73184828619247;0.824650841370296;7.70982836486073;2;2
8.9534165772973;5.72705463452409;7.51541160527638;2.28138240829714;7.34023560591069;2;2
6.69995268192043;5.96376806322793;6.34255056944563;0.520561136082706;6.33186037257418;2;2
7.18577206905348;5.57566947224374;6.43130664375832;1.13851446461024;6.38072077064861;2;2
9.38520306202692;8.99025103267709;9.18984902340705;0.279273258196654;9.18772704735201;2;2
8.4146715276885;7.95136456875284;8.18629633668698;0.327607492434323;8.18301804822067;2;2
9.45014493490162;7.92242507704157;8.71980671781158;1.08026107124619;8.6862850059716;2;2
7.78879444683063;7.22601331124549;7.51267553236784;0.397946357296117;7.50740387903806;2;2
8.73246952403046;7.36104056290179;8.07591920950198;0.969746718329703;8.04675504346612;2;2
8.98421904389891;5.40540540538237;7.41399350638011;2.53060339239794;7.19481222464064;2;2
8.41446536279105;8.22516416230624;8.32035314270065;0.133856162549568;8.31981476254865;2;2
7.32767260966896;6.14279146175227;6.76123778671736;0.837837494591987;6.73523203571061;2;2
7.32904831309621;7.25580186724476;7.29251705217104;0.0517930585593705;7.29242509017048;2;2
7.77028412255089;7.37981378677216;7.57756447919115;0.276104222281333;7.57504895466152;2;2
8.17834233425383;6.12193790533422;7.22369043678563;1.45409751655111;7.15014011979403;2;2
6.71098527212651;6.2611194400262;6.48995146225967;0.318103180502256;6.48605235607636;2;2
7.88990905347298;7.30445428320808;7.60281912344203;0.413979038132321;7.59718166834053;2;2
8.34312210094253;6.74911990640999;7.58809284017846;1.12712976098019;7.54612100367626;2;2
7.86248240538426;6.42327923608493;7.17903704265749;1.01767032051673;7.14288082073459;2;2
8.83312246486735;8.25831925296008;8.5505523027216;0.406447248987436;8.54572085891372;2;2
8.33489590739025;7.75270591617511;8.04906636852149;0.411670490727163;8.04380091178268;2;2
6.40826392003183;6.08043428000077;6.2465001201549;0.231810561539903;6.2443491000163;2;2
6.82402715020303;6.70417931335272;6.76436866279089;0.0847452181473932;6.76410323177788;2;2
7.96757225704366;6.1514367528206;7.11766751805547;1.28420173058978;7.05950450493213;2;2
7.92145894654289;7.13710340493729;7.53948794198027;0.55462312233057;7.52928117574009;2;2
8.3239650689778;8.12992754023713;8.22751834635052;0.137205252377209;8.22694630460746;2;2
8.9075593065892;6.36340216200936;7.740720246717;1.79899076933661;7.63548073429928;2;2
7.66162281781733;-351.51553168828;248.618049910195;253.97660159855;-171.926954435231;2;2
7.98860912330323;7.92269742398457;7.955721532235;0.0466066095477543;7.9556532736439;2;2
7.87823406242232;6.71141388427465;7.31811616019949;0.825066460393508;7.29482397334849;2;2
8.17630850893948;7.3303723524033;7.76486895118761;0.598167192737615;7.75334043067139;2;2
7.85118803272532;7.18435176358455;7.52515992481654;0.471524447850576;7.51776989815493;2;2
6.18817973243853;5.21805349146761;5.72370730561846;0.685982843597551;5.70311661195307;2;2
8.39133219965988;6.682718314094;7.58528773846372;1.20817246491313;7.53702525687694;2;2
7.89279277420841;6.79290504568607;7.36341417877277;0.777738071382016;7.34284890994724;2;2
6.64231715383314;6.41368970356386;6.52900424206123;0.161664020450796;6.5280034286985;2;2
7.57139500507875;6.1635836950381;6.90346964535482;0.995472923960861;6.86748935005842;2;2
10.2232472199769;9.33293831486051;9.78822050501919;0.629543464158543;9.77809276741869;2;2
7.87853240520253;7.87265144906837;7.87559247607266;0.00415846396232748;7.87559192713545;2;2
9.00180635951947;7.99211899345551;8.51194700817145;0.713956783422208;8.49696267648749;2;2
9.00003643083561;8.45705956527352;8.73276909825722;0.383942623666372;8.72854799805457;2;2
8.87302043461997;8.2983906654872;8.59051160496942;0.406324606425439;8.58570555005358;2;2
8.76269925374588;6.75265878066362;7.82250915051149;1.42131324897588;7.75767901720475;2;2
6.9615266889848;6.23477250927555;6.60814807960089;0.513892808728072;6.59814959913017;2;2
7.77528144770067;7.70943680499824;7.74242912273725;0.0465591933596987;7.74235912634946;2;2
8.40265340027293;7.92346276963891;8.16657352954628;0.33883894440237;8.16305808495592;2;2
7.14455650704496;6.01901750539822;6.60580272989773;0.795876260554346;6.58178700622159;2;2
8.39204192046943;8.32044004900443;8.35631767598603;0.0506301688585484;8.35624098473693;2;2
8.86887686442963;6.68603985216191;7.85366493240934;1.54349885359948;7.77745835829577;2;2
10.5832496735186;8.31367422022428;9.51636360938498;1.60483219343895;9.44846194687144;2;2
7.16832275957449;6.28418223926578;6.74076396270249;0.625181757432096;6.72625249942013;2;2
6.19153826575522;-354.588606374139;250.770228412834;255.110086792332;-174.198534054192;2;2
7.94197269200783;7.90297215065396;7.92249642015098;0.027577547261264;7.92247242133089;2;2
7.66765245327409;7.15487381349815;7.41569664398705;0.362589253433183;7.41126313338612;2;2
8.86540371778056;7.840796197314;8.36879525639894;0.724506925776639;8.35309995754728;2;2
9.04389889345135;7.76150469308471;8.42713065923825;0.906789635233546;8.40270179326803;2;2
9.30770209280794;8.04842953068012;8.70087743158082;0.890440168042739;8.67806581174403;2;2
6.65984228844024;6.35014003529578;6.50683401412558;0.218992563347198;6.50499116186801;2;2
7.33815558340557;7.33581568263358;7.33698572629929;0.00165455970317995;7.33698563301958;2;2
7.78909568940688;7.29904157506502;7.54804675307674;0.3465205873995;7.54406863223595;2;2
7.92242900582493;5.74779313654218;6.92105509632807;1.53769976978134;6.83511107118355;2;2
8.4028456981605;7.19431672282115;7.82195656263056;0.85455903372288;7.79858121049082;2;2
8.16305967219893;7.22338225415752;7.70755455386331;0.664452274424949;7.69322096317822;2;2
8.91638530642049;8.89868655854051;8.90754032827528;0.0125149046444445;8.9075359324805;2;2
9.00827933885128;8.98789217116865;8.99809152896684;0.0144159045175786;8.99808575500997;2;2
8.50718928998796;8.42250163841873;8.46495137212412;0.0598832127073632;8.46484546420335;2;2
8.50936415579604;8.41530804955356;8.46246677703456;0.0665077105360649;8.4623361026748;2;2
7.26224755894731;7.13711905205146;7.19995513772802;0.0884792157457993;7.19968330549939;2;2
8.98343269906138;7.25465897619094;8.16492926850542;1.2224276225788;8.11904583762616;2;2
9.64211347103384;-351.850710329366;248.88942596208;255.614027059536;-171.104298429166;2;2
7.80490859804859;-355.521585935966;251.452296335357;256.910628069738;-173.858338668958;2;2
7.32057417113742;7.30146237156522;7.31102451638986;0.0135140830781802;7.31101827135132;2;2
7.31180853887823;5.55533047462639;6.49323651161442;1.2420175502379;6.43356950675231;2;2
10.5187843993351;6.14029583641406;8.61243456283933;3.09605895418919;8.32954011787457;2;2
8.98359738868791;7.26647330064122;8.17027099522935;1.21419008679658;8.12503534466457;2;2
6.81470720018232;-352.120716358022;249.03357115328;253.805672006072;-172.65300457892;2;2
8.11911541446066;7.81928225493054;7.97060882541617;0.212014060328336;7.9691988346956;2;2
8.40234757457027;7.40178879066643;7.9178886726678;0.707501901074173;7.90206818261835;2;2
7.79070906407074;6.92078995134602;7.36859828161524;0.615125703691435;7.35574950770838;2;2
7.32564830767237;6.71049294849942;7.02480742581472;0.434980525954437;7.01807062808589;2;2
9.19475020436567;7.75044542589052;8.50331804710343;1.02127770295991;8.4725978151281;2;2
7.90999017492894;7.77527511921538;7.84292189642872;0.0952579294229855;7.84263264707216;2;2
8.29132860389508;-353.586058650282;250.091830136311;255.885954485499;-172.647365023193;2;2
8.02707955908479;6.26693926206979;7.20099069442353;1.24460713985901;7.14700941057729;2;2
7.96515685733147;7.39180583678374;7.68383098755448;0.405420394629526;7.67848134705761;2;2
7.9726958727096;7.19256403913491;7.5926562195248;0.551636509740159;7.58262995592225;2;2
7.7140601137207;6.25950066221348;7.02453101560337;1.02852885179974;6.98678038796709;2;2
8.98215377838039;7.18970880071184;8.13544710318697;1.26744999861321;8.08593128954611;2;2
8.38645744855912;6.72641095247024;7.6018837414816;1.17383013446942;7.55643420051468;2;2
8.31285079353794;6.80088986858417;7.59458989413633;1.0691178229239;7.55687033106106;2;2
7.72796591349433;5.19047808784187;6.58264840092864;1.79427484869716;6.4592220006681;2;2
8.26241334121911;7.86570994075591;8.06650070021884;0.280511664587288;8.06406164098751;2;2
8.28809080695044;7.85928800483442;8.07653567958412;0.303209369168032;8.07368940589243;2;2
8.44175397758601;7.8259653331927;8.13968499434785;0.435428326228175;8.13385965538935;2;2
8.86256506129949;7.46025788673945;8.19147444610629;0.991580912437955;8.16141147401947;2;2
8.17855574039484;7.41692669775321;7.80703450865275;0.538553060800512;7.79774121907403;2;2
8.59701492538332;7.97750875929311;8.29304864425206;0.43805701102927;8.28726184233822;2;2
7.84871549015035;6.30411609392956;7.11843432824479;1.09219670728437;7.07641579203996;2;2
7.41657099514353;7.2134214278926;7.31570140254454;0.143648436598242;7.31499621151806;2;2
8.38226075755153;7.69910198715711;8.04793348680998;0.483066199172964;8.04068137235432;2;2
8.36547657514087;7.06399907689054;7.74213411429759;0.920283564574515;7.7147378260157;2;2
7.76483697556533;4.97689709707191;6.52158715237132;1.9713711936231;6.37086703631862;2;2
8.68840004246563;7.65939044911624;8.19007195786245;0.72761966136337;8.17389524579094;2;2
7.38756829005928;7.3573948697108;7.37249701624681;0.0213358301400068;7.37248157988504;2;2
8.16762078900997;4.5679312428205;6.61725113594019;2.5453648882769;6.36777601591523;2;2
7.83889481047615;7.34582514797038;7.59636159468018;0.348652901955197;7.59235997922327;2;2
8.34118851293809;8.05914837544762;8.20138093085092;0.199432493786297;8.20016844419285;2;2
7.98437549548491;6.67427277855147;7.35853820997802;0.92638251519456;7.32932413701819;2;2
7.73071691897903;-350.077007961756;247.602176371228;253.008268624099;-171.173145521389;2;2
8.26506963945738;6.0231169757213;7.23150448552382;1.58529993162702;7.14409330758934;2;2
10.0093538694492;9.71691112242198;9.86421630553856;0.206788249531764;9.86313249593558;2;2
8.89640365645754;7.30663559546999;8.14042141856367;1.12413577643809;8.10151962596377;2;2
7.77956874662768;6.81795602604527;7.3145818149978;0.679962875599067;7.29876238633647;2;2
8.35307197911417;6.17235195673703;7.34410444390934;1.54200191569216;7.2627119679256;2;2
9.19597016235674;7.85939089315005;8.55382640805521;0.945104264849404;8.5276805277534;2;2
7.66618187807395;7.21069894057599;7.44192595365384;0.322075073819579;7.43844040932497;2;2
7.74360941520925;7.16572308991111;7.46026387524606;0.408627339373289;7.45466625256018;2;2
7.90137269369044;7.7530673084295;7.82757124316461;0.104867743604498;7.82722000105997;2;2
8.51439364503204;7.98786023855599;8.2553258667743;0.372315342240469;8.25112694179401;2;2
8.59701492538332;5.05906484216626;7.0534673283608;2.50170849534229;6.82803988377479;2;2
8.99373052918147;7.17113610388463;8.13364561103963;1.2887688774802;8.08243331653305;2;2
7.76972770642098;7.34588159215345;7.56077525779813;0.299704461578136;7.55780464928721;2;2
7.89474047476721;7.63146337347301;7.76421793822751;0.186165023656261;7.76310192412011;2;2
7.72225450574484;6.8428821573606;7.29582931787129;0.621810150730437;7.28256833155272;2;2
8.22496660567011;7.79366209927937;8.01221706464984;0.304978341225208;8.00931435247474;2;2
9.43726454853121;7.25418847801755;8.41680499457979;1.54366789330629;8.34572651327438;2;2
8.12052364491035;7.7973755071123;7.96058945890513;0.228500239564807;7.95894957601132;2;2
6.69729029670088;-352.420129959861;249.243657590563;253.934363105634;-172.86141983158;2;2
7.76943111552422;6.231844656507;7.04272488748889;1.08723781183169;7.00063788601561;2;2
8.8938461575275;8.36019783020194;8.63114729436012;0.377346351020758;8.62702199386472;2;2
7.76462151080087;7.35011068078579;7.56020747816464;0.29310341877893;7.55736609579333;2;2
9.55310309081004;8.11582549121918;8.86364490679673;1.01630873711822;8.83446429101461;2;2
7.94505433133858;7.3236354990161;7.64066506432427;0.439409470292245;7.63434491517734;2;2
8.39911633051641;8.23799451233035;8.31894550765697;0.113930330236467;8.31855542142338;2;2
7.44608466190665;7.0863772830488;7.2684565001791;0.254351526833217;7.26623097247773;2;2
7.42219198462636;7.30023610706751;7.36146660236885;0.0862358280274193;7.36121404584693;2;2
8.99739629866927;8.92649546254719;8.96201599524859;0.0501344620137151;8.96194588060823;2;2
9.79819341627569;7.98378364849453;8.9371526665017;1.28298145064917;8.89098853238511;2;2
8.18240658313355;6.29721616300609;7.30091463089839;1.33303092990004;7.23981137306982;2;2
7.79890526330879;-354.276000739502;250.571654046584;256.02562133207;-173.238547738097;2;2
5.64892700748101;-352.022957236436;248.949867240195;252.912214788644;-173.187015114478;2;2
7.41834437711798;6.9234196931986;7.17515064460978;0.349964600176004;7.17088203515829;2;2
8.82505425808885;8.20841134893321;8.52231187916482;0.436032382634553;8.51673280351103;2;2
7.85411000855731;6.0414245788513;7.00663453337152;1.28176215950318;6.94776729370431;2;2
9.1808901102193;8.91583153732779;9.04933133490899;0.187424714303214;9.04836082377354;2;2
7.23391989377949;7.15347775313916;7.19381126365835;0.0568811831399413;7.19369882345933;2;2
9.24428798562414;8.29305841618585;8.78156245367035;0.672620879014972;8.768673200905;2;2
8.85958295299848;6.68674882566589;7.84872027653571;1.53642574583043;7.77316588933219;2;2
7.84326423367204;7.31065007280475;7.58163565222568;0.376615084905245;7.5769571532384;2;2
9.31007583404931;8.41708579556498;8.87481958480426;0.631439311744302;8.86358081480714;2;2
6.69968527307867;6.10474788105446;6.40912355355809;0.42068426428176;6.40221657706657;2;2
7.90438418441982;6.90145090514014;7.41988254391422;0.709180922856321;7.40291754477998;2;2
8.36380607820565;6.94083532635002;7.68532520916773;1.00619226806724;7.65232070227783;2;2
9.6012214634636;7.21710296720838;8.49323344874501;1.68582635585434;8.40916221533599;2;2
7.83965790200305;5.71222007574058;6.85892463197157;1.50432571350297;6.77593898887181;2;2
8.78271192792323;8.15032766504598;8.47242202255349;0.447163200596159;8.4665197964846;2;2
6.81994236011007;6.71289047417529;6.76662812313109;0.0756971144832917;6.76641641714268;2;2
7.67639987867216;6.85550084974663;7.27753416337412;0.580463270022697;7.2659503642094;2;2
6.85030785347563;6.08901057827925;6.48084745653632;0.538318465790204;6.46965921587744;2;2
8.50928678497048;7.33848730033036;7.94548165456265;0.827880254998743;7.92388704265042;2;2
5.79968590657509;-352.649581156538;249.394630502039;253.461907451675;-173.424947624982;2;2
7.71051072194181;5.60255089013692;6.73945665724447;1.49055269153809;6.65653080603937;2;2
7.90758439701564;7.84831525157164;7.87800556244971;0.0419096146585807;7.87794982429364;2;2
9.00058205026988;7.95848300641238;8.49552614636065;0.736875300579654;8.47953252834113;2;2
7.73860167496518;7.25967409220292;7.50296020943654;0.338652941468477;7.49913788358405;2;2
8.45107009169599;7.34254657855207;7.91623572011866;0.783844493248801;7.89680833512403;2;2
7.29154357112228;7.13123018601732;7.21183234745302;0.113358681722686;7.2113868785698;2;2
9.75922119814483;7.77363835217839;8.82246710463627;1.40401909499055;8.76642977516161;2;2
8.73737109435374;8.45194765113513;8.59584413359086;0.201824852209494;8.59465937274443;2;2
8.99572131335341;8.87687423297387;8.93649534480817;0.0840375764605967;8.93629777316364;2;2
6.70211735359408;6.39789749989885;6.55177340269636;0.215115921519481;6.55000742674646;2;2
8.96006599367859;7.70375116820945;8.35555398141751;0.888348732394423;8.33190858094402;2;2
8.85912641547028;6.56919804560697;7.7986692392898;1.6192238787618;7.71416223053863;2;2
7.02529883828579;5.65735277683737;6.37810568306959;0.967283936347605;6.34132580756158;2;2
7.38041263798752;5.81941194176906;6.64590272479858;1.103794177733;6.59991228987829;2;2
8.14633127896145;4.53615647032718;6.59315663509812;2.55277908845414;6.34124387464431;2;2
8.73078029724555;7.91393900228814;8.33237526551429;0.577594018817585;8.32235964976685;2;2
6.88894084813093;6.87354555545573;6.88124750724649;0.0108861158489876;6.88124320179333;2;2
9.52628219284845;6.102708656904;7.99978453987457;2.42083206315713;7.81449542487622;2;2
7.32203116552755;-351.374518823532;248.513243730447;253.636762885483;-172.026243829002;2;2
7.34140078321806;-353.919217983881;250.312513694164;255.449833305864;-173.288908600331;2;2
8.50605663306453;8.3468843606442;8.42684632513456;0.112551793205291;8.42647049685437;2;2
7.80402324437002;7.03642049964721;7.43014105675401;0.542777106050903;7.42022187200862;2;2
7.945332164506;7.70487129263224;7.82602532708533;0.170031513111964;7.82510172856912;2;2
8.50751804390744;7.96760391988782;8.24198324105377;0.381776938352666;8.23756098189763;2;2
7.73051735282686;7.25440319836159;7.4962412016542;0.336663547241297;7.49246027559422;2;2
8.71334500693732;8.14144256609778;8.43224371881495;0.404396094094777;8.42739378651755;2;2
7.87464489509892;7.15718682607821;7.52447192457035;0.507319465821554;7.51591586058856;2;2
7.90939991367363;6.23091170529183;7.11979169897417;1.18687039428843;7.07015580948273;2;2
8.97805739105749;7.7163918445245;8.37102794211578;0.892132263542905;8.347224617791;2;2
8.9054956998097;6.79936933520876;7.92272923353772;1.4892562344451;7.85243251750923;2;2
9.79735977440106;5.79679881457352;8.04956939984037;2.82882378324422;7.79707929448729;2;2
7.77826035327261;6.83843308017913;7.32343843817167;0.664558237948464;7.30834671672587;2;2
8.41987224066038;6.27052724569777;7.4234008543282;1.51981642104743;7.34519974317907;2;2
8.12488559057592;8.02637046707212;8.07577825149489;0.0696607118789659;8.07562802882402;2;2
9.40236292358997;7.78780133690379;8.63291023380818;1.14166744658911;8.59508213024688;2;2
7.22311731759182;6.74155776067879;6.98648784527187;0.340514028238392;6.9823375391353;2;2
7.31742115697841;6.69286021204653;7.01209776766521;0.441631279425611;7.00514068451247;2;2
9.38611261876511;7.87327930257778;8.66278353269148;1.069734696681;8.62969596067145;2;2
8.57253925679729;6.69390237755152;7.69079834443475;1.32839687670182;7.63322081717441;2;2
9.94650074527477;8.26870269824457;9.14615551441447;1.1863823765166;9.10760172175967;2;2
9.52746238081252;6.89035831826994;8.31413186003053;1.86471416531845;8.20891034954123;2;2
9.48526075243083;7.34173183033567;8.48148565435822;1.51570383648298;8.41349629138325;2;2
9.02340932942232;8.32675505938218;8.68207249869674;0.492608958487949;8.67508219440225;2;2
9.35661722112709;6.1582500359408;7.9205533054155;2.26158712536976;7.75743362853394;2;2
8.2913274130619;7.99616665002801;8.14508414215629;0.20871017708146;8.14374703154495;2;2
7.30261890668187;7.2316902204218;7.26724109756831;0.0501541550351495;7.26715456355183;2;2
8.21496792867654;8.21086299007794;8.21291571584099;0.00290262991942294;8.21291545937724;2;2
8.65391394704769;5.41490747229335;7.21842952228547;2.29032344260593;7.03441070967052;2;2
9.41154322767186;6.78719346556206;8.20497230541653;1.85569551299314;8.09936834661696;2;2
8.94934081896914;7.78344236687215;8.3866762240022;0.82441470165268;8.36639159292064;2;2
8.12355862024248;7.92364917019067;8.02422646828899;0.141357327754908;8.02360389521658;2;2
10.31757756047;7.12694415558991;8.8669538093195;2.25611851687102;8.72226085802995;2;2
7.82534849411069;7.32378708809543;7.57871810948375;0.354657471374848;7.57456779110306;2;2
6.88562158829606;6.87317790434293;6.87940255988689;0.0087990133062054;6.87939974631949;2;2
7.83985634605125;7.32640867641558;7.58747690673841;0.363062328983814;7.58313251123341;2;2
7.61910777898965;6.71387261561831;7.18076906906949;0.640097922588386;7.16649019730398;2;2
9.35067094150868;5.88646770188124;7.81298755475989;2.44956160214897;7.61856932169496;2;2
8.66507826674262;7.36257549404516;8.04024562044872;0.921008543088653;8.01382688039389;2;2
8.28181609272045;7.95615054202898;8.12061602469516;0.230280319292795;8.11898331737472;2;2
8.40264127333417;8.23138866846816;8.3174557341691;0.121093878196618;8.31701497090116;2;2
9.95163471472317;8.32890673973621;9.17621166316761;1.14744195513439;9.14027072722969;2;2
7.35207360488176;7.32566187668559;7.33887962236484;0.0186759121103637;7.33886774078367;2;2
7.18666814286375;6.20706389299286;6.71475394811114;0.692684807962871;6.69686601792831;2;2
8.36612080784841;6.19720887436238;7.36197579471673;1.5336523359644;7.2816648411054;2;2
7.74323502306394;7.14431439029402;7.44979586061814;0.423500840824153;7.44377470667898;2;2
7.49927864328132;7.20888231008347;7.35551372543787;0.205341216435911;7.35408047668239;2;2
8.27638324859262;7.37505620364414;7.83868527511133;0.637334465549903;7.82571972611838;2;2
10.0892301423911;7.34904249343565;8.82612571960245;1.93760526830002;8.71913631791337;2;2
8.22873433983625;7.29569225663598;7.77621997949964;0.659760384163335;7.76221329823612;2;2
9.54362311623564;5.22658187901409;7.6940854012282;3.05260913350132;7.38510249762487;2;2
7.77844264726374;7.33467258991262;7.55981454858474;0.313792816840524;7.55655761858818;2;2
7.34753629112407;6.68304294749288;7.02315287415202;0.469867749334936;7.01528961930847;2;2
9.01648244153332;6.72272389686331;7.952734504934;1.62193222134075;7.86960316919832;2;2
7.73237204544516;7.01911366622043;7.38435962384363;0.504349836687931;7.37574285583279;2;2
9.09603191117712;6.69571832183901;7.98656498047074;1.6972780159952;7.89587511650807;2;2
7.2957798888673;7.2652420197735;7.28052696556654;0.0215935343192145;7.2805109543204;2;2
8.72893586833428;8.28469990507997;8.5097172077198;0.314122262064064;8.50681788670713;2;2
8.34379473281401;7.81289496413967;8.08270493906631;0.375402826559994;8.07834484847684;2;2
8.26318034523381;7.59880187057165;7.93794492567382;0.46978652470799;7.93099110790273;2;2
9.3687212095143;6.22552044664773;7.95393116431215;2.22257857405368;7.79712082808101;2;2
8.11362671299021;6.72144234668334;7.45012502101597;0.984423006077484;7.41753452983678;2;2
8.5183670097375;6.86988398134888;7.73814843582682;1.16565352804453;7.69412549554319;2;2
8.71544089695037;7.43935272717798;8.10255759089701;0.902330598237984;8.07739681206418;2;2
7.63485711863247;6.6710596029166;7.16917287584833;0.68150775905344;7.15295836077454;2;2
6.98367009713384;5.04084227004842;6.09022736920011;1.37378673121002;6.01225618359113;2;2
7.25739453255361;6.89570121800465;7.07885833624073;0.255755795427414;7.07654787527913;2;2
7.82892380198528;7.23941247778487;7.53993172783411;0.41684745492837;7.53416813988508;2;2
9.03746281536536;8.42267374566467;8.73547844038953;0.434721520184723;8.73006828051501;2;2
7.2748654078699;6.53805106199723;6.91627711966145;0.521006420442095;6.90645823493356;2;2
7.51069926099669;7.4136564336721;7.46233559636874;0.0686196412667286;7.46217784733439;2;2
8.42930895837721;7.93998000940226;8.18830055828088;0.346007818051074;8.18464448388974;2;2
6.88778605850687;5.549699867822;6.2546289022877;0.946169819245347;6.21874296316444;2;2
7.15149500982321;-355.040297308058;251.102326346721;256.108272438084;-173.944401149118;2;2
7.98406755766183;5.50999511655214;6.85949637180954;1.74943340025542;6.74703133710698;2;2
8.44240379715318;6.17749745945572;7.3971500165864;1.60153063013826;7.30995062830445;2;2
8.77245340345006;8.62468110273971;8.69888104412452;0.104490795903827;8.69856725309488;2;2
7.81359864403033;7.161799569179;7.49478808369806;0.460891545798494;7.48769910660466;2;2
8.43002059065178;7.22326313255222;7.84986552244372;0.85330638186964;7.826641861602;2;2
8.92033616087028;7.81109965036786;8.38408238780211;0.784348658515964;8.36571790561907;2;2
6.33008361997286;5.6535919488419;6.00137736523286;0.47835184807292;5.99183778440738;2;2
9.4232480122764;7.38600933683555;8.46613066945854;1.44054528229973;8.40462867455598;2;2
7.78394117300062;7.26915867148433;7.53094974010417;0.364006197658348;7.52654992224248;2;2
7.27151854531888;6.67307449207849;6.97871424876191;0.423163848207043;6.97229651869869;2;2
9.01018705763317;8.40118763158551;8.71101097561717;0.430627623897016;8.70568734460934;2;2
8.80311286103602;7.75375903916265;8.29504596978022;0.742005203310681;8.27843595009933;2;2
8.90783100676476;8.11386492376763;8.52010144441445;0.561418801319389;8.51084796526619;2;2
7.89037610954087;6.70879001246209;7.3234520064422;0.835507541800148;7.29958306100148;2;2
8.21451046057446;7.38738053143523;7.81190032012428;0.584869181816696;7.80094549600485;2;2
7.34727366211166;6.03864098085841;6.72486487454069;0.92534304299651;6.69295732148504;2;2
7.95085734592307;5.60841644325685;6.88006059334555;1.65635584680402;6.77963689458996;2;2
7.03690725019877;6.02265708023736;6.54944508924356;0.717183172999318;6.52978216521806;2;2
7.76541996495467;6.03508744672949;6.95428025469884;1.22352985734462;6.90025370584208;2;2
7.33170217108472;7.13642242921917;7.23472120450232;0.138083629701485;7.23406230015195;2;2
8.5759681598874;8.35569471397386;8.46654782164883;0.155756847320788;8.46583143693063;2;2
8.95276605431958;7.30325390038298;8.16974716734968;1.1663812296982;8.12800997735128;2;2
7.76308319773623;6.96562520929017;7.3751405170096;0.563887951341593;7.3643542035132;2;2
7.85208904840007;7.2803578732417;7.57162179412299;0.404274990970236;7.56622346082088;2;2
9.18499971605183;7.15951529700328;8.2347701568379;1.43223376789692;8.17225750652756;2;2
10.3383276006718;6.88815928532475;8.78429723765133;2.43963741201686;8.61324344299827;2;2
8.38447006479834;8.18338992143128;8.28454008601813;0.14218513293681;8.28392999311481;2;2
7.33280041940763;6.70210928666105;7.02453667088488;0.445965976799336;7.01745485303434;2;2
6.77688644284399;6.09222780945244;6.4436569408011;0.484126762469079;6.43455712614822;2;2
8.97147597441177;8.20089548162853;8.59482599765821;0.544882691897095;8.58618572802015;2;2
9.38733576472449;8.70784559319416;9.05396729711861;0.480472108038701;9.04759067895933;2;2
9.42257740836031;-353.430495990985;250.001900454227;256.575868775057;-172.003959291313;2;2
8.89293714816153;7.80051821294713;8.36458054870868;0.772456836986688;8.34672768055433;2;2
6.64671465321408;-350.887251751922;248.159265651817;252.814692149595;-172.120268549354;2;2
8.33152461566738;6.28462326665092;7.37938994853916;1.44737782430943;7.30807394115915;2;2
5.61114369763714;5.5333778849846;5.57239645097016;0.0549887334710976;5.57226079131087;2;2
8.39498428077375;6.31329707024074;7.42743162107698;1.4719751428772;7.35414067550724;2;2
8.48535849398385;5.27382662164932;7.06450833415324;2.27089596492448;6.87959255781659;2;2
7.61617569372304;7.4062567429452;7.51194951860297;0.148435113594575;7.51121621833412;2;2
8.8889488681405;5.77777235231678;7.49653471063839;2.19993401180729;7.33336061022864;2;2
8.59165549417504;7.832966633785;8.22106776570347;0.536474037992489;8.21231106398002;2;2
9.48116289788475;-350.954467974166;248.252825805595;254.866478770879;-170.736652538141;2;2
7.85663409688532;7.15606069473022;7.51451608551755;0.495380203382803;7.50634739580777;2;2
9.21069846137774;6.03984348809204;7.78834627848153;2.24213305376941;7.62527097473489;2;2
7.67639473166371;5.78696586655305;6.7976470199976;1.33602796308935;6.73168029910838;2;2
8.31643592451104;7.2558254855959;7.80416907697164;0.749964833554131;7.78613070505347;2;2
7.8485959452098;6.90568690388749;7.39219080941797;0.66673737716111;7.37714142454865;2;2
7.74472556132943;7.18259922923721;7.46895259417773;0.397483341305931;7.46366239528332;2;2
8.30308641007998;7.8437588296604;8.07668856992549;0.324793646900696;8.07342261987019;2;2
7.55938577919712;6.90909466821134;7.24154342985782;0.459825254323379;7.23424022370423;2;2
7.83738927921021;7.82211169879742;7.82975421524656;0.010802880710001;7.82975048900382;2;2
8.99323544091791;6.04295968332729;7.66145043154692;2.08615999456261;7.5180975621226;2;2
5.94978095545068;5.03486274965058;5.51133996073834;0.646944867552275;5.49232185255063;2;2
6.23105581631112;5.50991016484048;5.88154599618999;0.509926980378074;5.8704829905758;2;2
8.90181105443046;8.48621195616732;8.69649450680495;0.293872940636883;8.69401150529889;2;2
7.55331389797084;7.39416269538499;7.47416191981089;0.112536894582445;7.47373829667792;2;2
7.85861133999382;7.48927503149628;7.67616482009321;0.261160208277015;7.67394318574505;2;2
7.15787905838561;6.93776601541419;7.0486817880761;0.155643425312699;7.0478225368999;2;2
8.39336775732831;6.69009226681437;7.58966260278571;1.20439764957125;7.54173001207134;2;2
10.3416863778907;6.75505807111353;8.7344515192073;2.53612919731774;8.5483722245021;2;2
8.27832253905307;6.49354915552235;7.43965068722245;1.26202536237583;7.38593584728771;2;2
8.37574859821529;7.12766003396395;7.77678282261606;0.88253188730351;7.75170431608962;2;2
8.96697059551476;7.25460833641384;8.1558538417382;1.21082296525818;8.1107894659643;2;2
8.82001146112444;-351.80732973467;248.843514941834;255.002038440821;-171.493659136773;2;2
8.95919233720333;8.94863104238414;8.9539132469475;0.00746796318476242;8.95391168979373;2;2
9.01050645887551;6.67982536543044;7.93124497030842;1.64804040595829;7.84516591215297;2;2
10.0586827224248;6.52143299173136;8.47662038716048;2.50121327132362;8.29005785707808;2;2
8.46003456970942;8.3546322302021;8.40749857634868;0.0745307090185488;8.40733339995576;2;2
8.12847712679211;7.45914108142772;7.80099115732819;0.47329205656975;7.79380910410992;2;2
7.07246420308812;6.73598119440652;6.90627224178721;0.237929417192814;6.90422269874732;2;2
7.29190546905139;6.8595522297591;7.0790303771906;0.305719907371552;7.07572884940525;2;2
8.90261620426506;7.0459907883988;8.02815550019565;1.31283242168232;7.97430349633193;2;2
8.41919470796291;8.03962212249373;8.23159654632931;0.26839834913777;8.22940841522832;2;2
8.98078252663946;6.27310249469118;7.74616904345927;1.91461891187403;7.62694251066532;2;2
9.5214245064584;8.20495674461337;8.88759922063216;0.930883281614097;8.86319062553588;2;2
7.91727140764487;6.49827234940993;7.24260761291873;1.00338385657525;7.2077718785274;2;2
8.42827563842789;7.3537164910272;7.90926597313943;0.759828059913064;7.89099606472755;2;2
7.11911095054296;5.86168922070815;6.52077990911772;0.889131431977511;6.49040008562555;2;2
7.91981440911125;7.3010862567962;7.61673554759336;0.437506872212996;7.61045033295373;2;2
8.67750312111345;8.41729589502772;8.54838963201211;0.18399429407896;8.54739950807058;2;2
9.01243349939893;8.19702034792297;8.61438042361002;0.576584168877349;8.60472692366095;2;2
8.33736229777015;7.5331553684848;7.94544019831534;0.568660173174881;7.93525883312748;2;2
8.3099807540303;7.2262552656409;7.78699381329396;0.766309641784846;7.7681180098356;2;2
9.00090713762236;7.74613659703406;8.39699236274547;0.887256758083102;8.37352186732821;2;2
10.0470294286966;8.09195673353924;9.12202181861471;1.3824451604584;9.0694930811179;2;2
8.84237290012596;7.79520415030831;8.33524943387617;0.740460124042699;8.31878852521714;2;2
7.30131785560764;6.72800822361202;7.0205176833908;0.405391128503661;7.01466303960983;2;2
6.77498371171762;6.2799899925329;6.53217722510468;0.350013415480262;6.52748685212526;2;2
7.37389722135549;7.27857211900281;7.32638970853446;0.0674050262908817;7.32623467017915;2;2
8.43127613045121;8.21972899912279;8.32617445189976;0.149586411102884;8.325502564787;2;2
8.36146490420434;7.75975968768757;8.06622482190095;0.425469838874323;8.06061229594595;2;2
8.97350621357831;8.91409746739294;8.94385116779427;0.0420083272894673;8.94380184048563;2;2
8.42609302477627;7.85363704010836;8.14489589927168;0.404787508689499;8.13986503244232;2;2
7.83035609716417;-351.250641930829;248.433419585035;253.908608700827;-171.710142916832;2;2
9.39564615785923;8.32341466328301;8.87573654353963;0.758182160816631;8.85953041057112;2;2
7.17581721920742;6.80964265410429;6.99512636912552;0.258924518082458;6.99272993665586;2;2
9.41067011612478;8.4071360463622;8.92302214881726;0.709605745880849;8.90890308124349;2;2
8.7931779297424;8.02184524475545;8.41635251266588;0.545414572105098;8.40751158724893;2;2
7.79631216972934;7.47886137655575;7.63923592179242;0.224471608546091;7.63758677314255;2;2
8.19133096040246;5.63197268920531;7.02911869564038;1.80973958904938;6.91165182480388;2;2
6.85633295881727;-352.77930794391;249.499748912726;254.300800438689;-172.961487492547;2;2
8.88458110351214;-352.76750014935;249.523390630024;255.726639084127;-171.941459522919;2;2
8.24926265079907;7.84775572274967;8.0510124880607;0.283908271517115;8.04850918677437;2;2
8.93781492842723;8.41157034804053;8.67868225639271;0.372111111354104;8.67469263823388;2;2
8.37008020098909;7.78855700521135;8.0845489297306;0.411198995151714;8.07931860310022;2;2
7.5575996999012;7.10556762498146;7.33506661514166;0.319634945489579;7.33158366244133;2;2
7.91412454133401;7.77555880877661;7.84514760997168;0.0979807691314187;7.84484167505531;2;2
7.31925430470204;6.1275549540713;6.74975604344568;0.842658691966598;6.72340462938667;2;2
6.76049802242308;-350.614194964203;247.96775802905;252.702068835304;-171.92684847089;2;2
8.20525980475462;7.8379727643751;8.02371813807688;0.259711156894293;8.02161628456486;2;2
7.84506614963923;7.55174415272001;7.69980203123289;0.20740997309276;7.69840515117962;2;2
8.46786251478277;7.31841927118888;7.91403677645523;0.8127791121343;7.89314089298582;2;2
9.58528979544457;6.2066821840491;8.07467287871299;2.38903635298622;7.89598598974683;2;2
7.79420272465078;7.68368601929143;7.73914164995086;0.0781471117939909;7.7389443719711;2;2
8.92572438771357;7.83495869964725;8.39806923258563;0.771287814717306;8.38034154368041;2;2
7.8068723817495;6.63514465691062;7.24473605464867;0.828536619937858;7.22100851933006;2;2
8.00754314900416;6.49321058562263;7.28980558699631;1.07079482453869;7.25037686731339;2;2
9.0171750907741;8.29142232008056;8.66190310230976;0.51318470562233;8.65429870542733;2;2
8.4198117737056;7.4149361053729;7.93330031422592;0.710554399327418;7.91737393953925;2;2
8.56942716081296;8.1461984959552;8.36049136713811;0.299267858913453;8.35781282838408;2;2
8.96247514258013;7.2866431734985;8.16765356204764;1.18499214946682;8.12455915803931;2;2
8.18287206776799;7.2086495157404;7.71116149222158;0.688879372923575;7.69576079175419;2;2
7.7544775082982;7.33740888136969;7.54882409780178;0.29491205432131;7.54594319483395;2;2
7.76865693240319;6.8918963535872;7.34337340334688;0.619963350757831;7.3302766429952;2;2
9.09667328511125;7.35882390193097;8.27350451972099;1.22884508352764;8.22774859352111;2;2
8.4702746024854;7.84648509274415;8.1643395370405;0.44108579237107;8.15837984761477;2;2
9.45052081373764;7.3350742531371;8.45918607047756;1.4958466082384;8.39279753343737;2;2
8.89644707813154;7.03893264701783;8.02163772004348;1.31346105039238;7.96768986257469;2;2
9.47479860783981;7.14501378854222;8.39115697319451;1.6474066444308;8.30990619819102;2;2
7.27854759598293;7.06197339644728;7.17107813927299;0.15314108512171;7.17026049621511;2;2
8.37865587350577;7.15800737455412;7.79227001010629;0.863128831053891;7.76833162402994;2;2
9.43488727050554;7.81001762253274;8.66064296318176;1.14895634662577;8.62245244651914;2;2
8.9611337450284;8.91837897080686;8.93978191745237;0.0302321907801474;8.93975635791763;2;2
9.58457816046933;7.72186860880916;8.70320036899812;1.31713455535986;8.65322338463925;2;2
7.8406818671331;7.76947899284708;7.80516162426768;0.0503480352476174;7.80508042999009;2;2
9.33742637954663;7.12659054831024;8.30589622607694;1.56329700835745;8.23200846392844;2;2
8.22241356379883;6.69181447775698;7.49628127203285;1.08229699301813;7.4571140207779;2;2
8.93110728833301;7.78881212051022;8.37944722652759;0.807724659284121;8.35995970442162;2;2
8.01931225770561;7.25971772826594;7.64894994691056;0.537114442718994;7.63951499298577;2;2
5.86211108146103;5.39606392508015;5.63390859949554;0.329545104629626;5.62908750327059;2;2
7.16200603797839;6.68910185035767;6.92958923935962;0.334393757918131;6.92555394416803;2;2
7.79169495022459;7.78682664711823;7.78926117900876;0.00344241013937971;7.78926079867141;2;2
7.88145027280872;-350.31978192388;247.776176079943;253.286520315656;-171.219165825536;2;2
8.9844469543781;6.99092787185604;8.04963848832752;1.40963086167614;7.98768741311707;2;2
7.35992091121552;5.95627567831411;6.69498527912585;0.992527062564756;6.65809829476482;2;2
6.8889972264837;6.11297960902406;6.51255719694054;0.548727319625945;6.50098841775388;2;2
8.01245297879594;-351.683077524979;248.742021399861;254.343148781712;-171.835312273091;2;2
8.4370876292201;6.89741950323714;7.70580441831918;1.08870977265933;7.66725356622862;2;2
7.82945441213068;-353.575663503018;250.077038308189;255.552009633326;-172.873104545444;2;2
8.75233762114857;6.71133293587659;7.7988910625407;1.44320825338933;7.73183527851258;2;2
8.41719756718229;7.07631653132079;7.77571445387571;0.948146073222105;7.74675704925154;2;2
7.30499749655727;7.14630855742601;7.22608865232943;0.11221002495901;7.22565302699164;2;2
8.95719148826465;6.77763485247701;7.94253150925295;1.54117927714558;7.86741317037083;2;2
8.94632476439871;7.36372012440279;8.19332352774588;1.11907047287841;8.15502244440075;2;2
8.77018309856601;6.71176980519725;7.80909615449606;1.45551799822558;7.74097645188163;2;2
9.50586831743566;5.36782731225912;7.71929732950681;2.92603685558833;7.43684781484739;2;2
8.47853367644541;-352.809245379776;249.545836630016;255.469038530481;-172.165355851665;2;2
8.01210658847451;6.31527140375304;7.21375439310687;1.19984366567248;7.16368899611377;2;2
8.90427013595708;7.87463995666048;8.40523590094683;0.728058481894949;8.38945504630878;2;2
7.30470454558084;6.7588883059541;7.03709029466698;0.385950364321807;7.03179642576747;2;2
7.19503888883406;7.19077252387366;7.19290602267021;0.00301677559451615;7.19290570635386;2;2
10.0608060379566;7.35780845350348;8.81354535280301;1.91130792149766;8.70930724573004;2;2
7.69050207863373;7.28251397648658;7.4892867497243;0.288491153671683;7.48650802756015;2;2
9.33142610763833;7.33799554347637;8.39409589528239;1.40956826974344;8.33471082555735;2;2
9.9377227816742;8.65628315180116;9.31905499741157;0.906114651964402;9.29700296673768;2;2
8.37190111831938;6.02772756580528;7.29459484627098;1.65758101526088;7.19981434206233;2;2
8.28099355086765;7.87925565812952;8.08262098318601;0.284071588214725;8.08012460449859;2;2
9.49610776524134;6.60623580586116;8.17980483299323;2.04344805923858;8.05117178555125;2;2
8.17781198835698;8.15919769214862;8.16851014250697;0.0131622950759454;8.1685048402528;2;2
8.88661713930876;7.34668074121553;8.15308782284367;1.08889946968771;8.11664894026215;2;2
7.87108802047341;7.2175767618321;7.55140519833822;0.462102242567024;7.54433239115276;2;2
7.94152874115547;7.48146317849719;7.71492611882342;0.325315479146076;7.71149595982633;2;2
8.42610368733637;8.21750240880685;8.32245664417935;0.147503378612411;8.32180304807161;2;2
7.84659412744085;6.39314154942463;7.15686028478161;1.02774617404834;7.11986783843274;2;2
7.47156393891028;7.1717648494421;7.32319871193312;0.211989969156499;7.32166439417619;2;2
7.33966994289546;6.46224291447971;6.91488750293113;0.620434601789135;6.90095642868759;2;2
7.75056268532817;7.22069297205048;7.49031471087232;0.374674467404024;7.48562782868932;2;2
8.43477736685892;7.02922657510488;7.76387453120657;0.993874496151405;7.7320019709819;2;2
7.7892948132532;7.54964260820213;7.67040472202589;0.169459699317921;7.66946871072767;2;2
6.64714550160769;6.13965446999435;6.39843341492529;0.358850349845153;6.39339998580102;2;2
9.04446751814963;5.2034573487862;7.37829116623561;2.71600433736337;7.12396243346791;2;2
8.80476365594215;6.20374535595432;7.61611185180879;1.83919767791171;7.50425450594823;2;2
9.71656092366498;3.92769269007252;7.41074645534923;4.09334798336861;6.82212680686875;2;2
9.3508435774578;8.22538361511628;8.80611183286662;0.795820371325647;8.78811359628704;2;2
6.81363601420111;6.14687659475508;6.48882607276409;0.4714701069103;6.4802563044781;2;2
5.67121119949874;5.451501002724;5.56244099528349;0.155358570035248;5.56135610111137;2;2
8.88320941267359;8.28914846621246;8.59131514275681;0.420064523680764;8.58617893944302;2;2
7.49816064737492;6.75030369503297;7.134038585157;0.528814722358499;7.12423217120395;2;2
7.9496884476095;7.79780331329886;7.87411210635684;0.107399008432484;7.87374588045418;2;2
8.11829351207962;6.80971358616544;7.49262599740172;0.925305739338508;7.46400354912253;2;2
8.88124598925046;7.77101299610357;8.34461423036404;0.785053278151204;8.32612949267702;2;2
7.9494446239885;6.28474319939282;7.16560070448298;1.17712166598251;7.11709391169066;2;2
9.03047419769995;7.55510052065061;8.32553325957141;1.04324673182572;8.29278735917528;2;2
8.04300738628531;7.78095855392865;7.91306779428167;0.185296506361411;7.91198297010698;2;2
6.68563227652728;5.18187727145658;5.98120100788218;1.0633153613287;5.93375477399193;2;2
10.0196209960006;5.5208668309193;8.08927609456619;3.18109957702018;7.77024391345992;2;2
8.48816915994728;7.33493208849837;7.93253567375411;0.81546175353724;7.91155062422283;2;2
8.41876253841366;7.80974910666929;8.11996748107155;0.430637527420137;8.11425582254148;2;2
9.45016705311847;7.55437753539431;8.55494819619371;1.34052562368513;8.50227229425639;2;2
7.93066908026104;7.07743011383394;7.51616687803071;0.603331059133204;7.50404959704749;2;2
8.31653572884424;7.43270141409568;7.8870088385979;0.624965237404071;7.87461857146996;2;2
8.39302410740252;7.75502537340021;8.08032400988725;0.451133231201465;8.07402474040136;2;2
7.34725218063937;7.31822933333203;7.33275511595578;0.020522252140367;7.3327407569857;2;2
8.83061791589049;-353.320155209612;249.913096785784;256.079267488994;-172.244768646861;2;2
7.90855536154868;7.35490630425409;7.6367497880655;0.391489002810548;7.63173083290138;2;2
8.35115658835861;6.73906604765153;7.5880441339615;1.13992015322066;7.54511131800507;2;2
9.06630734556816;7.01411848484596;8.10542370896676;1.45111665969216;8.04021291520706;2;2
7.87105029075158;7.80885245663087;7.84001305384661;0.0439805102818698;7.83995137369123;2;2
8.32298314185182;8.22328660099181;8.27328504590531;0.0704961001029541;8.27313487142181;2;2
7.18696784650512;6.8220955290201;7.00690710063201;0.25800368996091;7.00453168776261;2;2
8.21413857069288;6.3123474400141;7.32522363692731;1.3447694049034;7.26324300535349;2;2
7.26790556006325;7.14501908831931;7.20672425594478;0.0868938574862285;7.20646232419128;2;2
6.24845460480649;6.10330917212857;6.17630827432198;0.10263331970481;6.17588188846753;2;2
7.21300744652113;6.6838807692342;6.95347893363128;0.374149061616298;6.94844410787767;2;2
8.21007804172322;6.43749649743109;7.37721975427136;1.25340443017508;7.32378726957715;2;2
8.86112441887107;7.75126514069052;8.32471132376364;0.784789021764274;8.30619477978079;2;2
7.89831141543276;7.31027906828606;7.60997711137743;0.415801660224478;7.60429524185941;2;2
7.30658549370898;7.15673302253228;7.23204739796009;0.105961698546612;7.23165925812063;2;2
7.87853884999596;6.76094015023388;7.34103828235285;0.790261619247033;7.31973950011492;2;2
9.48324374711985;9.38879358218407;9.43613683919825;0.0667863521102822;9.43601866465196;2;2
7.14415572458842;6.64248498973105;6.89788256843982;0.354734778540491;6.89332035715973;2;2
8.89349554185878;5.64307885829623;7.44777154436184;2.29839167862897;7.2682872000775;2;2
9.51676052594015;7.31436927703811;8.48730607522115;1.55732578692454;8.41556490148913;2;2
7.87138003574407;7.14950929939154;7.51911254368481;0.510439692815;7.51044466756781;2;2
7.73395841439663;6.06316325591587;6.94895896604321;1.1814305865354;6.89856083515625;2;2
7.67673233790335;7.2136195505798;7.44877595341403;0.327470192370685;7.44517594424158;2;2
7.93555874500315;6.79405356243825;7.38688893935315;0.807166055351227;7.3648061537207;2;2
8.2847439812737;6.73432835135305;7.54944240255823;1.09630940557451;7.50953616631337;2;2
7.78601014747127;6.89900190421762;7.35588816156567;0.627209543773025;7.34250602584445;2;2
7.8260588056832;6.23497641808118;7.0753843487135;1.12506514569987;7.03051761188219;2;2
7.38109661376063;7.23481460329912;7.30832161189486;0.103437001562935;7.30795560852988;2;2
7.59380006290038;6.53448976454777;7.08397331581244;0.749045495345874;7.06414491372407;2;2
7.64773487642866;5.82349129310818;6.79709127425291;1.28993500830196;6.73561308476842;2;2
8.3388651043449;7.23209694338456;7.80512323499678;0.782603271816416;7.78548102386473;2;2
7.7552365503578;6.55525752655138;7.18035845871966;0.848513305015129;7.15524703845459;2;2
6.90877051178482;6.6692102340707;6.79004694868676;0.16939469687459;6.78899037292776;2;2
6.85428824334015;6.01893258294773;6.45014793477099;0.590685652166047;6.43661041314394;2;2
8.96433260372904;7.13240521155661;8.10032292973926;1.29536828164651;8.04836890764282;2;2
7.78797075883319;6.10917028375169;6.99908744395709;1.18709120018933;6.94857052129244;2;2
8.25684730057003;7.88657461666433;8.07383386406807;0.261822325677863;8.07171095861718;2;2
7.2970757940921;6.84573607780311;7.07500592196431;0.319145374006758;7.07140593594761;2;2
7.83642622573525;6.61937031311787;7.25346949168387;0.86058848889493;7.22789826942656;2;2
6.70411002263815;6.45387662026261;6.58018292394708;0.17694173569913;6.57899332145038;2;2
8.32307255120499;7.7883393874787;8.06014165840694;0.378113446196193;8.05570596934184;2;2
6.79437824025252;6.65106662956579;6.72310430465498;0.101336611739351;6.72272243490916;2;2
9.04130722658802;6.90985560337721;8.04646943774337;1.50716389654344;7.97558141498262;2;2
8.84786684216921;7.12862896404975;8.03436676297038;1.21568476209105;7.98824790310948;2;2
7.29921973166511;5.8870988475458;6.63085746837859;0.998520253015905;6.59315928960545;2;2
8.43879356203849;7.72898209082318;8.09167476308112;0.501912504660348;8.08388782643084;2;2
9.15479717621819;7.26921731279576;8.2659491795662;1.3333063078948;8.21200724450698;2;2
7.3100472773846;6.49432204060891;6.91422482874026;0.576804846509091;6.90218465899675;2;2
8.29240934875158;6.66652251075203;7.52351564076351;1.14967560859144;7.47946592975181;2;2
9.33361685625863;6.17443523846892;7.91328168756433;2.233878744939;7.75402604736378;2;2
8.31395933000415;7.25935734815691;7.80449193891578;0.745716212816956;7.78665833908053;2;2
8.30191993427332;6.298213051304;7.36849245893286;1.41683472445776;7.30006649278866;2;2
7.8334928358622;7.77871162412785;7.80615028489864;0.0387361662989758;7.80610222999503;2;2
8.85109516058608;6.78986095409937;7.88809537587349;1.45751268502043;7.82047805734273;2;2
9.04484806893205;7.19045479408498;8.17043195724203;1.31125405963109;8.11765143150852;2;2
8.32868816049705;6.69509322424554;7.55616700967304;1.15512605713545;7.5118906923713;2;2
8.61709362665148;8.43868492787295;8.52835581699039;0.126154000728971;8.52788927726222;2;2
7.31227376396655;7.18102129411999;7.2469446812363;0.0928095114759815;7.24664752904327;2;2
7.91284974766233;7.31411191094504;7.61936428368233;0.423371584495758;7.61348082930369;2;2
7.30779295298331;7.19138889747973;7.24982455368636;0.0823100970041939;7.24959092523152;2;2
7.27735849922332;6.84292446006965;7.06348221107824;0.307191255063817;7.06014147964649;2;2
8.42171450091489;7.35864864950153;7.90806503140088;0.751701072382235;7.89018157520821;2;2
9.38858459853388;7.22945414224596;8.37885815486409;1.5267357871076;8.30901937038992;2;2
8.60726023633289;7.80372606965809;8.21532316303561;0.568184458170836;8.20549315299549;2;2
8.31586955729577;7.37069466606029;7.85750680414112;0.668339574999869;7.84328211167803;2;2
10.4191624256915;8.14137402416288;9.34989081899504;1.61063962482895;9.28026822492719;2;2
9.22250009700103;6.86735049550643;8.13065221453102;1.66534225392562;8.04492529625373;2;2
8.03184458804317;6.24932374625662;7.19599106350214;1.26043257483362;7.14058416714989;2;2
7.71897666469712;6.25555549648915;7.02547419466452;1.0347950317718;6.98726608059313;2;2
9.8937921790935;8.36630144221928;9.16193548070417;1.08009905824339;9.13004681065639;2;2
9.48325643208836;9.23789191778146;9.36137809409911;0.173498911928947;9.36057417493491;2;2
8.38687284783388;5.05773944337941;6.92532903344127;2.35405280576442;6.72230614560665;2;2
8.96978621334825;6.80641125130868;7.96191870201881;1.52973710590737;7.88809873232847;2;2
8.80697175766759;7.77373121019335;8.30643270208965;0.730611397715929;8.29035148393047;2;2
7.48400599139993;6.93793082465927;7.21613573206143;0.386133453439896;7.2109684080296;2;2
8.31531205586196;6.25072807553768;7.35581457286269;1.45988133281641;7.28302006569982;2;2
8.32422080982198;8.26200613818032;8.29317181535516;0.0439924162071113;8.29311347400115;2;2
8.70016803756757;7.37236374490236;8.06364282037167;0.93889941943218;8.03626589123497;2;2
7.76645902681045;7.74399069107511;7.75523299580946;0.0158875125604349;7.75522485894278;2;2
8.26823270274205;6.75578857171721;7.54997851826209;1.06945950121346;7.51201063722963;2;2
7.24429388669365;6.22733335920581;6.75497870771864;0.719099685185702;6.73581362294973;2;2
8.83145702470262;7.75484856324943;8.31060495445731;0.761277143776367;8.29315279397602;2;2
9.1195530885426;9.02678240321922;9.0732863145008;0.0655987806874879;9.07316774588091;2;2
8.18900576770278;-351.26901046776;248.452186074567;254.17520083196;-171.540002350029;2;2
8.81128314353468;7.30368335944917;8.09266647189395;1.06603403064224;8.05748325149192;2;2
9.06883739524175;8.23216469512697;8.66061046546461;0.591616939884824;8.65050104518436;2;2
9.491105886222;5.51836382350165;7.76316398873583;2.80915285245459;7.50473485486182;2;2
8.52476543803209;8.39068995809679;8.45799337155016;0.0948056810530976;8.45772769806444;2;2
6.42958306275323;6.21097425228288;6.32122375507164;0.154579772310707;6.32027865751806;2;2
8.28701518697519;6.26786145235267;7.34713236218887;1.42775729800973;7.27743831966393;2;2
9.25615431298381;7.31711771633234;8.34315900425113;1.37110592646114;8.28663601465808;2;2
8.35697792448169;7.76648371441676;8.0671354679519;0.417542460188312;8.06173081944922;2;2
7.69408538993806;7.13763236459803;7.42107626156124;0.393471707629702;7.41585887726805;2;2
8.10932417635293;7.08860013037835;7.61608135479073;0.72176089462879;7.59896215336564;2;2
7.33607874987467;7.25586147261442;7.29608035640141;0.056722180719049;7.29597011124455;2;2
9.31659851973411;7.84397788928355;8.61182318401513;1.0413000339068;8.58028820450883;2;2
8.80708742281164;8.03113696742214;8.42804692270224;0.548679828870704;8.41911219511689;2;2
9.75385254218664;8.9135031828874;9.34313058899598;0.594216730526262;9.33367786253702;2;2
9.42077933422849;7.21624460907324;8.39122367483447;1.5588414535185;8.31851197165086;2;2
6.80894761689113;6.72299820346947;6.76610938772871;0.0607754130694586;6.7659729101803;2;2
9.48400618710837;8.95473942041071;9.22317004734726;0.374248119788589;9.21937280375954;2;2
9.00548635286211;8.29787355134752;8.65891130355712;0.500357810405376;8.65167995210482;2;2
7.36478455582959;7.1320125866346;7.24933290343672;0.164594637887923;7.2483985712321;2;2
7.40130392851682;6.82738561707253;7.12012971112491;0.405821529869393;7.11434477279468;2;2
8.39147144829089;-350.940754992939;248.223518535293;254.086254015454;-171.274641772324;2;2
8.16638889383001;7.21155512431895;7.70377942559239;0.675169433327182;7.68897200907448;2;2
9.48078503855621;7.13838187427391;8.3917155793757;1.65632916173684;8.30958345641506;2;2
9.02609259691212;8.3472573860051;8.69330355607833;0.48000898094055;8.68667499145861;2;2
7.30802457132688;6.46729718321247;6.90047664988098;0.594484037264954;6.88766087726968;2;2
7.3071285555743;7.26608265094298;7.28663450496949;0.0290238375047475;7.28660560325864;2;2
8.29498456306822;6.15917664629393;7.30555356772479;1.51024426126302;7.22708060468108;2;2
7.85262044182848;6.29678065015716;7.11734129993834;1.10014486713065;7.07470054599282;2;2
8.97804546035607;-351.861979538179;248.88497136711;255.152428599987;-171.441967038911;2;2
8.95946332327034;8.27141318470918;8.62230419067917;0.48652491877294;8.61543825398976;2;2
9.09168997069097;5.64833425210897;7.56843796125429;2.43482017864681;7.37001211139997;2;2
7.30834428327412;7.09599270983943;7.20295108622014;0.150155237571296;7.20216849655677;2;2
8.95075472967877;7.1282928388179;8.09100021711807;1.28867516148178;8.03952378424833;2;2
5.73146624549335;5.71103506962792;5.72125977778276;0.0144470230020612;5.72125065756063;2;2
8.30311043648769;8.0835320839436;8.1940568057787;0.155265342085697;8.19332126021565;2;2
8.27661401219344;7.78091166247077;8.03258755962269;0.35051449293901;8.02876283733211;2;2
8.24534825216488;7.81381990175117;8.03248246983711;0.305136622851777;8.02958407695802;2;2
7.87728891077763;7.7433392978212;7.81060125934752;0.0947166796588025;7.81031410429941;2;2
7.18123355721516;7.0601763044639;7.12096218405163;0.0856004043322313;7.12070493083953;2;2
7.81099985707803;7.43244162457403;7.62407067353043;0.267681093277571;7.62172074082603;2;2
7.89879861529943;7.81973012590886;7.85936380399529;0.05590986502625;7.85926437060414;2;2
6.38463079541099;-352.448099431799;249.259329116767;253.733056855344;-173.031734318194;2;2
8.73047658202026;6.16324726098283;7.55668042692083;1.8153052617665;7.44686192150155;2;2
8.25614543346172;7.90629242585382;8.08311194224057;0.247383434098057;8.08121892965777;2;2
9.44087763450085;7.76498584810636;8.64364436250446;1.18503444669438;8.6029317413036;2;2
8.30237110841504;7.78111796451521;8.0459667784408;0.368581632766381;8.04174453646513;2;2
9.47937230729029;6.69572385195974;8.20643702351772;1.96833669920369;8.08754807962502;2;2
10.0691291145788;7.93308552692659;9.06424864794625;1.51041090573893;9.0011073207527;2;2
9.21157646037791;7.81879047575403;8.54361239140477;0.984848414469126;8.51518346806597;2;2
7.38719967003574;6.97100855962842;7.18211944008831;0.29429155643858;7.17910411483208;2;2
8.03787852335336;7.8232002429874;7.93126576272865;0.15180046782024;7.93053938317038;2;2
7.83778123218011;-349.801084960738;247.408801232245;252.888867500881;-170.981651864279;2;2
8.01096936170547;7.95253871942073;7.98180750826746;0.0413167033886267;7.9817540405631;2;2
9.47063315572487;6.68651302592567;8.19763224401378;1.96867022341898;8.07857309082527;2;2
7.33159081081249;6.91445559493433;7.12607605879662;0.294959139819161;7.12302320287341;2;2
9.1642064146476;7.17552807565761;8.23015438417831;1.40620793909862;8.1698672451526;2;2
9.03479562553285;8.2969515009631;8.67372285136207;0.521734583941923;8.66587356324797;2;2
8.72360289869919;7.85124716796744;8.29889539718117;0.616848652807367;8.28742503333331;2;2
9.78698532019954;9.07208704845585;9.43630873468439;0.505509415808508;9.4295361843277;2;2
7.91859003159245;6.26949966934939;7.14180279034669;1.16608297793144;7.09404485047092;2;2
6.8594038925197;5.61159134357856;6.26663303409575;0.882336715005955;6.23549761804913;2;2
8.51291014543009;6.83548043257817;7.71989092825558;1.1861219249214;7.67419528900413;2;2
6.88734867531342;-349.820002393563;247.408033061184;252.230186839893;-171.466326859125;2;2
7.3179342002755;6.29448204722804;6.8254181264754;0.723689957639831;6.80620812375177;2;2
10.0597290253408;6.64215053427259;8.52397535728555;2.41659292627164;8.35093977980671;2;2
7.24691110124499;7.21037348341441;7.22866537749789;0.0258359973364072;7.2286422923297;2;2
7.7814274652875;7.64470278742879;7.71336807450715;0.0966789468694342;7.71306512635815;2;2
9.24305862773542;8.21893335671329;8.74599903721263;0.724165923924258;8.73099599222436;2;2
7.87901120024468;7.7923430497757;7.83579695050123;0.0612836369095086;7.83567712501019;2;2
6.70997002573358;5.77616858591337;6.26050402440313;0.660297330378631;6.24306930582347;2;2
7.8070688942708;7.78966908578283;7.79837384285633;0.012303522573194;7.79836899002682;2;2
9.67703774118765;9.30889275967283;9.49474970326915;0.260317812888926;9.49296525043024;2;2
8.40473791130935;6.70353089255083;7.60187298582343;1.2029350191663;7.55413440193009;2;2
7.53564467134821;6.96315205738112;7.2550474563241;0.404813409515344;7.24939836436467;2;2
8.91364936044852;7.17153952915548;8.08962681893497;1.23185767527906;8.042594444802;2;2
9.4411541210847;6.66947208135984;8.17365429236253;1.95987516558241;8.05531310122227;2;2
8.14385520130024;6.25216012441404;7.25988580354602;1.33763041680344;7.19800766285714;2;2
8.63723316667062;8.30783345977556;8.47413398439042;0.232920766466358;8.47253331322309;2;2
9.03211385507561;7.34140172637674;8.23028735826083;1.19551401123731;8.18675779072617;2;2
7.94711556816602;5.07431436304745;6.66728250896932;2.03137721314023;6.51071496560674;2;2
8.81668898036648;7.76754276930098;8.30869199240879;0.741858400300586;8.29211587483373;2;2
8.87597383912732;7.19974405543485;8.08143632211014;1.18527344687581;8.03785894728108;2;2
7.14008600238817;-354.828180433879;250.952205069151;255.950215771423;-173.844047215745;2;2
6.69132886435404;6.3378957897142;6.51700870845722;0.249914923773446;6.51461232703412;2;2
8.81445153738397;7.78173169146873;8.31414168819908;0.730243206112594;8.29809161442635;2;2
8.94527123206445;6.78334813240132;7.93825198959293;1.52871048417564;7.86430968223288;2;2
9.72972972971271;8.63729513857342;9.1997420595384;0.772467907397346;9.18351243414307;2;2
9.32498117054469;8.10733276596816;8.73739430291303;0.86100744397704;8.71615696825643;2;2
7.91123714231586;7.60551864074875;7.75988359824858;0.216175625592293;7.75837789153231;2;2
9.16868212153371;5.78248939688915;7.66491733389432;2.39439983800072;7.47558575921143;2;2
8.02924513184794;6.72417055075497;7.40551304714752;0.922827086245032;7.37670784130146;2;2
7.83164970283537;6.58610092819787;7.23572603490244;0.880735984844773;7.20887531551662;2;2
6.79186318386225;-350.858085330436;248.140610790785;252.89670388548;-172.033111073287;2;2
6.71709521415956;6.62295398862056;6.67019068885853;0.06656789896784;6.67002460139006;2;2
8.85780084799041;6.24917090273508;7.66527145097453;1.84457992389634;7.55348587536275;2;2
8.96054022700112;7.26591562306388;8.15735284884714;1.19828054900959;8.1132279250325;2;2
7.91473109497672;6.40484102995838;7.19947765205329;1.06765350382067;7.15978606246755;2;2
9.04376950856055;7.77801279808855;8.43466804359243;0.895025153307124;8.41089115332455;2;2
8.26231867949678;7.28769280429424;7.79026239517397;0.689164565475586;7.77500574189551;2;2
7.1362508142433;6.66123690735789;6.90283104312046;0.335885554716587;6.8987438608006;2;2
8.83963175387088;8.31629929167496;8.58195558869759;0.370051932833788;8.57796552277292;2;2
8.90642604360734;7.76487812016806;8.35517076699548;0.807196277713342;8.3356520818877;2;2
8.35669050940102;7.32994984148666;7.86010308293166;0.726015288802252;7.84332017544384;2;2
8.2646121124242;7.72596753467522;7.99982461419262;0.380879233575673;7.99528982354971;2;2
7.16649204645754;5.87573564355621;6.5529717535213;0.912702605351485;6.52111384500688;2;2
7.30865264901937;7.26023502997575;7.28448406664827;0.034236426754651;7.28444383949756;2;2
9.32108676420867;8.94181638771771;9.13342046490697;0.268184655119931;9.13145157596319;2;2
7.91710837447268;7.32378998077961;7.62622136761428;0.41953945958308;7.62044917762615;2;2
8.99439852340933;6.96690912486521;8.04478177305134;1.43365150249438;7.98065382413727;2;2
8.97105944360374;6.9777178999657;8.03643125498419;1.40950532272732;7.97438867178472;2;2
7.30020621764456;5.9748918699378;6.67054509307842;0.937138762467273;6.63754904379118;2;2
9.61382745739835;6.52467640420919;8.21574952637526;2.18435965781962;8.06925193080377;2;2
9.30724247426353;7.27933050960568;8.35504084797948;1.4339503018589;8.29328649193461;2;2
8.88582838827549;8.83325101485129;8.8595787043531;0.0371778172852313;8.85953970156339;2;2
8.91470442652864;7.37850665075215;8.18273534362328;1.08625586449525;8.1466055386404;2;2
8.91694569155791;7.20579914049333;8.10664732547703;1.20996332986174;8.06137241602562;2;2
7.41141926060897;6.1130689425316;6.7933330314607;0.918072314268217;6.76224410157028;2;2
7.78397742959979;7.25002881111449;7.52174256361214;0.377558688936145;7.51700312035714;2;2
8.93354067156921;6.81400271347053;7.94477129657503;1.49873966315386;7.87377169251987;2;2
7.95641040597828;7.1784812285504;7.57743555884872;0.55007899664213;7.56744581726434;2;2
7.1019652177372;5.57008775532668;6.3821543210733;1.08320094161732;6.33602648653194;2;2
8.44808865143426;7.9665168915721;8.21083410032732;0.340522657026473;8.20730277150318;2;2
7.28955184348916;6.36711543695354;6.84389235254355;0.652261038274686;6.82833364022135;2;2
7.51112633076649;7.47730753140656;7.49423600762489;0.0239135023589947;7.49421693108653;2;2
8.42323198849818;6.78819000937604;7.64952157770183;1.15614927096194;7.60571099893711;2;2
7.75936361816473;7.30083906456395;7.53359060493605;0.32422582119165;7.53010134136434;2;2
7.39439329355985;6.16361378773771;6.80687839998018;0.870292534712262;6.77900354064878;2;2
8.16885659693539;7.9073045953963;8.03914435949717;0.1849451939212;8.03808059616585;2;2
8.4388987327686;6.67840488287802;7.60973401642831;1.24485713949484;7.55865180782331;2;2
7.84472421954251;7.83139480905307;7.83806234779809;0.00942531654630489;7.83805951429779;2;2
8.25686787712443;7.35015239220182;7.81666832252973;0.641144667995631;7.80351013466313;2;2
7.65429906825519;7.21989281647143;7.44026701495411;0.307171606426128;7.43709594236331;2;2
8.5677327918026;6.69916385996196;7.69041096477782;1.32127776281902;7.63344832588228;2;2
7.43187874829041;6.67711607836079;7.06458423593331;0.5336978020937;7.0544974133256;2;2
8.2918102512734;7.80312820886638;8.05117777369029;0.345550386030096;8.04746923006989;2;2
8.43325516195148;7.1763077547446;7.83004424053239;0.888796035230835;7.80478145834804;2;2
8.94093805052954;6.11965117182049;7.66128265005837;1.99495108360779;7.53029461117502;2;2
7.62235195720631;6.74961874457404;7.19922226898962;0.617115572819;7.18598535089017;2;2
6.71062336078717;6.06160240524666;6.39435257120041;0.458927118794864;6.38611288301691;2;2
9.47932435091607;8.39409872010136;8.95316936823708;0.767370402666532;8.93671153550871;2;2
8.86213060011248;8.06662469217249;8.47371797671533;0.562507621978331;8.46437764614249;2;2
8.37649194869952;7.19465303042017;7.80796547106742;0.8356863133855;7.78557248955985;2;2
8.37831446972557;7.15438988116774;7.79042514646563;0.865445376230196;7.76635217544665;2;2
7.249480744064;6.44989539853045;6.86134541145317;0.565392219964159;6.84968807129723;2;2
9.15872380991427;6.84590668594362;8.08543938753294;1.63540867200401;8.00231524792894;2;2
7.77686779661012;6.19165837623591;7.02909333321033;1.1209123307474;6.98426308642302;2;2
7.25313202978309;-350.723252798131;248.051817144667;253.127529216463;-171.735060384174;2;2
8.85839270199523;7.21457007605613;8.07840153263896;1.16235812586942;8.03648138902568;2;2
9.45508148006827;8.5011746255665;8.99078794681271;0.674514005438534;8.97812805281738;2;2
7.94258500157576;6.23428480842395;7.13971160411266;1.20795065087994;7.08843490499985;2;2
8.82766733353597;8.27890898264375;8.55768790312189;0.388030751148629;8.55328815808986;2;2
10.0306962834937;7.20804743270364;8.73415181124645;1.99591414330204;8.61937185809865;2;2
10.5945839147226;6.79679470060667;8.90060746601862;2.68544250681848;8.69568930766462;2;2
7.17702899845424;7.14305198216697;7.1600606444566;0.0240253786212134;7.16004049031061;2;2
8.1464454307186;8.03429307411835;8.09056358841898;0.0793036918780872;8.09036925241848;2;2
9.09000296941983;6.4436708192697;7.87873871921037;1.87123940864313;7.76683689434477;2;2
8.02913742689348;6.87109258142929;7.47258191934067;0.818861363145855;7.45011500416138;2;2
9.39147827080693;8.96652181020401;9.18145896586983;0.300489595001364;9.17900004050547;2;2
9.058232250308;8.40823413040343;8.73927836529427;0.459618078343033;8.73323319035571;2;2
7.24424496199816;6.87646363081273;7.06274865528025;0.260060673275033;7.06035429640544;2;2
8.45561215131332;8.171778926574;8.31490672461923;0.20070039793922;8.31369553894366;2;2
8.20571080916845;8.20312390478515;8.20441745893521;0.00182921763171499;8.2044173569768;2;2
8.21798425116287;6.14108619942788;7.25424719943994;1.46858869621494;7.17953522529538;2;2
7.8052800594231;7.12434471172773;7.47257266199369;0.481494001905016;7.46481238557542;2;2
6.84995389156444;6.69703297072713;6.77392496738652;0.10813142010935;6.77349343114578;2;2
7.35010208928728;5.65628740490694;6.55810902356213;1.19770784939869;6.50319474709711;2;2
9.03087505505207;6.70420562710146;7.95308359538678;1.64520373008331;7.86754034107677;2;2
7.70433882990959;6.82138265895158;7.27626615050254;0.624344295974913;7.26286074443058;2;2
7.41583424099434;6.12630481874821;6.80169861954062;0.911834999009808;6.77106952987127;2;2
7.99295030834024;7.81726008392628;7.905593268419;0.124231749071302;7.90510519613326;2;2
8.41812563053252;6.47857704424835;7.511218265025;1.37146795780232;7.44835133739044;2;2
7.17220829932023;4.4144460659871;5.95516187682362;1.95003237609001;5.79332718265366;2;2
7.24733518409001;7.13056030303139;7.18918484620183;0.0825723102688073;7.1889477435607;2;2
7.79431624198518;7.3052068309725;7.55372135186894;0.345852581269225;7.54976153647884;2;2
8.27852489726993;6.06495450851549;7.25663998228796;1.56523063252201;7.17173970289271;2;2
8.88566257807775;7.4913459383251;8.21812823637814;0.985930751090334;8.18850425820143;2;2
7.96701437134363;6.59180805735302;7.31181412025019;0.972417710153318;7.27941121434833;2;2
8.47342194198541;7.86287458444691;8.17385087145774;0.431722176751004;8.16814826321616;2;2
8.84737188809487;7.22637741995612;8.0776395048895;1.14621618068679;8.03687465402549;2;2
9.44193489519922;7.34815315912504;8.46006765384119;1.48052726390259;8.39504402716213;2;2
9.46557241037497;6.85569045858485;8.26430737327646;1.84546522620718;8.16063143447991;2;2
7.08244975271466;4.65314714073832;5.99219796122796;1.71777635048266;5.86779844672649;2;2
7.40975064018558;7.27635860176459;7.34335751040367;0.094322414923777;7.34305462097508;2;2
8.86546509662178;6.22845455527405;7.66127004897142;1.86464803584739;7.54695982594791;2;2
9.34176766068093;8.00627803932842;8.69968709406196;0.944333767462621;8.67402285000468;2;2
8.16557331713926;7.19640884417689;7.69626168506905;0.685302770916777;7.68099108065807;2;2
8.34001812494904;7.6817406333967;8.01763810243567;0.465472478179127;8.01087937917287;2;2
9.12111525420097;8.40993315780798;8.77273387260823;0.502881683017955;8.76552420600447;2;2
8.44325755232236;6.73467300602443;7.63689788438089;1.2081517189178;7.5889652791734;2;2
8.20409094222541;7.32734220930421;7.77807984146975;0.619954974445295;7.76571657576481;2;2
7.52063940118025;6.71706721836761;7.13018264207354;0.568211339639693;7.11885330977393;2;2
7.24168318263771;6.67447891016666;6.96385827110078;0.401073987382262;6.95808104640219;2;2
8.25490989633007;7.10161303497539;7.69988458014341;0.815504031385056;7.67826146565273;2;2
9.06046069858261;8.4572440753572;8.76404374192429;0.426538564807136;8.7588523869699;2;2
8.38091002851337;7.86638691204918;8.12772095842662;0.363822784729064;8.12364847028127;2;2
10.0098636029227;6.75683769635151;8.53967871187065;2.30023667791201;8.3833506496371;2;2
8.95102723116312;7.21292372172058;8.1285655902005;1.22902477793096;8.08197547644185;2;2
8.68196628881438;6.52055058865574;7.67769882905445;1.52835169854524;7.60125843873506;2;2
7.26527561270628;6.11109600769044;6.71303672505204;0.816128225413912;6.68818581019836;2;2
10.6326658101767;7.83469198425186;9.33905725218023;1.97846626589391;9.23367889721427;2;2
8.23515206059012;7.89958841028843;8.06911477527136;0.237279332648031;8.06737023543927;2;2
8.3566884864136;6.34773443715591;7.42051126754797;1.42054503132228;7.35221146178476;2;2
8.4262191084081;7.81282593619636;8.12531284235273;0.433734471604449;8.11952252230223;2;2
7.17178781891936;6.44385794868116;6.81754522472648;0.514724147473674;6.80782288380026;2;2
8.19774945524159;6.23299481935436;7.28194069424532;1.38929132640357;7.21537213729798;2;2
7.61284094592673;-352.397863363249;249.241057462701;254.566010316763;-172.392511208661;2;2
8.39869009000351;6.2819051393123;7.41620952398331;1.49679299294739;7.3402976146579;2;2
7.89371673802412;6.86012606623007;7.39500147345257;0.730858972996732;7.37692140212709;2;2
8.29991644628907;6.02734167784715;7.25318759983819;1.60695302951873;7.16362906206811;2;2
7.36616471351358;5.01323869069726;6.30051365987395;1.66376994636371;6.18970170210542;2;2
8.36007362907899;7.91162190832682;8.13893704066873;0.317103252778634;8.13584776870291;2;2
7.73163875307787;7.73163875307787;7.73163875307787;0;7.73163875307787;1;1
9.63710070986521;7.84039531160931;8.7848024660316;1.27046257090122;8.73874801073726;2;2
7.93080824065619;7.29368809304186;7.61891085879868;0.450511976808661;7.61224816684902;2;2
7.68708623789447;6.3234467415861;7.0383688992018;0.964238734933455;7.00526648974028;2;2
8.87128362307402;7.00784504659122;7.9940467010787;1.31765005375559;7.93956433483262;2;2
8.26726350499044;7.82114988928647;8.0472986601602;0.315449962843925;8.04420669713845;2;2
7.34739573562814;6.15544965468191;6.77767602306463;0.842833156645808;6.75142269515502;2;2
8.68942735481551;5.70312750519794;7.3495513841037;2.11163287432095;7.19627743000672;2;2
7.54384089344716;6.94769347503999;7.25189561593239;0.421539882142567;7.24576718424357;2;2
7.64248556729196;6.63335969475414;7.15573359224107;0.713559747542277;7.13792263102305;2;2
7.91473235469391;6.81456190599208;7.38516222628308;0.777937984738107;7.364647130343;2;2
8.85093894930431;8.0173734696553;8.44444781013669;0.589419803222835;8.43415620947981;2;2
8.29163457560978;6.93810285761461;7.64488309911563;0.957091456345462;7.6148687166122;2;2
8.60740752808894;5.82366287979896;7.34855474539553;1.96840471789761;7.21553520394395;2;2
8.42413586534794;6.02673175685313;7.32419144844342;1.69522070236117;7.22543381110054;2;2
8.47652902536283;7.89642725486229;8.19161485023406;0.410193895699253;8.18647814011256;2;2
6.70876672743005;6.07779572283485;6.40106053133315;0.44616387608135;6.39328122513245;2;2
7.14512258931623;6.8160448038561;6.98252259518474;0.232693133636708;6.98058369658617;2;2
7.77255920267168;6.82830676938176;7.31568349150717;0.667687298731202;7.30043298602672;2;2
7.33507664013186;7.08634040230719;7.21178097330955;0.175883080492654;7.21070852121952;2;2
6.70661091747901;6.65966112607127;6.68317725010168;0.0331985158797074;6.68313602177514;2;2
8.74225264236878;7.8547498733378;8.31035729784538;0.627559226303645;8.29850125785329;2;2
8.29047300193086;7.74595120690627;8.02283312476077;0.385035053765761;8.01821210441856;2;2
9.47561321094764;8.99993912316238;9.24083735232134;0.336352373107678;9.23777616705501;2;2
9.33655033795311;8.15840052699046;8.76728781813197;0.833077720585337;8.74747543247178;2;2
8.42132078291346;7.79062196751757;8.11210312956811;0.445971409252758;8.10597137521551;2;2
9.41168585967134;6.69097733568997;8.16544574496256;1.92383144693927;8.05133159768066;2;2
9.0384525460995;8.43084173891346;8.73992897152768;0.429645722083487;8.73464714250648;2;2
7.85496596299291;5.46102603630821;6.76473560640079;1.69277115591197;6.65799599965056;2;2
8.25756468655205;7.74750140521241;8.00659579897599;0.360669205069524;8.00253304588223;2;2
7.80798625006646;5.85053832525771;6.89903790308968;1.3841247014518;6.82926228766208;2;2
7.92402642823222;6.81132056991611;7.38864949572941;0.786801857881323;7.36767349907417;2;2
9.49368566612484;7.98961853600409;8.77394073031168;1.06353606706817;8.74165210106447;2;2
7.88113095433835;7.19000740929439;7.54348830665026;0.488698145338276;7.53556918181637;2;2
7.49807238925424;7.32095138571564;7.41004111818917;0.125243462692712;7.40951188748494;2;2
7.92244713142731;7.79767617767293;7.86030922808094;0.0882263874948341;7.86006165455012;2;2
10.3868571731115;8.37403870355562;9.43428126947847;1.42327758912047;9.38044793833354;2;2
7.51793776298277;7.22743931099098;7.37411917459096;0.205413425327589;7.37268853698687;2;2
7.52209240809583;6.7626766746979;7.15247055227898;0.53698801482543;7.14238454139686;2;2
9.97025539862973;6.05870803695443;8.2496647141251;2.76588166437295;8.01448171779208;2;2
7.89128484724452;6.40678939054502;7.18746571592349;1.04969680407284;7.14903711889477;2;2
6.75174309705377;-351.351692873771;248.489032071954;253.217367941172;-172.299974888358;2;2
5.57155131367135;5.10583429319691;5.34376870150919;0.329311663291467;5.33869280343413;2;2
7.69766310240185;7.22870612546297;7.46686713040967;0.331602658478224;7.46318461393241;2;2
7.74864426294689;7.74608673021544;7.74736560211661;0.00180844873751578;7.74736549658116;2;2
8.26933013307481;7.13254857918095;7.72188675403089;0.803825945486126;7.70093935612788;2;2
7.3245033558531;7.25217750847072;7.28843014730442;0.0511420971391445;7.28834043216191;2;2
6.96685142507962;6.69445220214903;6.83200955305216;0.19261533772417;6.83065181361432;2;2
8.07740697865727;6.08874686586261;7.15252898964461;1.40619505123231;7.08307692225994;2;2
7.78898279212897;7.33487988378855;7.56533924704263;0.321099245844046;7.56193133795876;2;2
9.17844862885464;4.39567965266747;7.19603775842646;3.38192837591059;6.78706414076106;2;2
7.84173838573028;6.81883621419753;7.34810819960782;0.723301061981257;7.3302872999639;2;2
9.52497831864638;9.02203729382098;9.27691675347419;0.355633009190947;9.27350780623368;2;2
9.45389642801267;7.65335989036235;8.60087423704701;1.27317159554668;8.55362815918751;2;2
8.91903083410629;7.10878063324109;8.06485812371434;1.28004019267609;8.01390573367369;2;2
9.44220867769221;6.71556649185607;8.19311107027197;1.92802717947405;8.07888758477414;2;2
8.63988687346861;6.74839542496469;7.75204766490827;1.33748642979349;7.69414114921665;2;2
8.47272319591854;7.17615526893187;7.85124967118212;0.916811973441258;7.8244392324252;2;2
7.27646903200372;6.2399656873665;6.77805921164829;0.732918543715514;6.75821735968511;2;2
8.0120551475203;7.89126665684619;7.95189025126601;0.0854103608449465;7.95166090218324;2;2
8.86505596752495;7.28170773649222;8.11210468580874;1.11959627114296;8.07338185200858;2;2
7.68032126623234;6.83413497394256;7.26955072871101;0.598344065425205;7.25722812008745;2;2
9.69432569067719;7.3331087978059;8.59518572333903;1.66963247680152;8.51371724424155;2;2
8.30324082377254;7.29561713609888;7.81568415348594;0.712497542438241;7.79942897993571;2;2
9.45785785111032;7.28538951625345;8.44180003125354;1.53616709149034;8.37162368368188;2;2
8.86319804313479;7.97849853260543;8.43245866834268;0.625577023207733;8.42084828787011;2;2
7.36903648057436;7.21169528790986;7.29079034048083;0.111257024293048;7.29036588424211;2;2
8.77068954907382;7.36985741970973;8.10061088909606;0.990537897977341;8.07027348439178;2;2
8.8333576909034;7.85011282982475;8.35620965319867;0.695259108835543;8.34173526036408;2;2
8.28310239678418;7.02500181196988;7.67985793403081;0.889611454936957;7.65405210437703;2;2
7.84105095239893;5.82915950195787;6.90873289892517;1.42262208761812;6.8351052271784;2;2
6.67570674087042;6.46354732380516;6.57048341057078;0.150019362499433;6.56962703233779;2;2
8.75064192171218;7.2818630959275;8.04982186727935;1.03858346777556;8.01625250881984;2;2
9.02791117554138;7.40385900618129;8.25591631428265;1.14837830195524;8.21588509086133;2;2
8.06018356152754;-352.781492028781;249.519285504246;255.153595744624;-172.360654233627;2;2
7.47348337993266;7.149383921153;7.31322925533484;0.229172925081988;7.31143365054283;2;2
6.95922697458291;6.92526661074376;6.94226755871757;0.0240136035622212;6.94224679266333;2;2
9.54372152545463;7.78272910114563;8.70785544256579;1.24520968484703;8.66322531330013;2;2
8.4073437996224;8.33471741978685;8.37110937190369;0.0513546056747456;8.37103060970463;2;2
7.76807892784315;7.69711000589514;7.73267588458394;0.050182605962933;7.73259446686915;2;2
7.77337628833413;4.94093524527275;6.51299547128715;2.0028382688598;6.35715576680344;2;2
9.31660854452836;8.48304540096617;8.90958063117541;0.589418151360006;8.89982697274727;2;2
6.87179453239064;6.6905648018191;6.78178506968241;0.128148771439743;6.78117966710487;2;2
8.93952571013673;5.73517317161561;7.51023738741376;2.26581940930061;7.33734944087617;2;2
9.30452680303487;6.66563850174102;8.09336010765265;1.86597581263873;7.98508265238795;2;2
8.74442918185564;6.92474578129947;7.88724114795894;1.28671047214587;7.83458748157756;2;2
8.28991115701251;7.32345081558338;7.82162255671511;0.683390661172401;7.80668098629794;2;2
7.80326546295021;6.8183642058006;7.32738160355438;0.696430357729645;7.3108148343754;2;2
9.23778917647549;8.37138972945567;8.81524006682301;0.61263692420399;8.80458945296558;2;2
8.39631361204873;7.85335162110635;8.12936694818879;0.383932105721906;8.12483261657754;2;2
7.34527905783273;-353.57095151167;250.066362069457;255.206314075983;-173.112836226919;2;2
8.4589677623303;7.81402485373801;8.14288401056341;0.456043504143788;8.13649630803415;2;2
7.94537477369822;6.72510975477274;7.36057339846087;0.862857669726933;7.33524226423548;2;2
6.16898136664873;5.20552337484951;5.70761792292388;0.681267679389598;5.68725237074912;2;2
7.74731277188297;6.42351908445821;7.11626491264131;0.936063493269997;7.08541592817059;2;2
8.35096106750157;7.1118720469363;7.75619993176171;0.876168248935501;7.73141655721893;2;2
7.34029965974594;7.20961430991298;7.27525042842404;0.0924084970686264;7.27495698482946;2;2
9.39974978659292;5.85732019089569;7.83145886375036;2.50487598899343;7.62853498874431;2;2
8.59701492532507;6.8098161713572;7.75507130573085;1.26374035825883;7.70341554834114;2;2
7.842961525747;6.6259599208372;7.26000655533067;0.860550087546635;7.2344607232921;2;2
8.50751167247685;8.36228841433855;8.43521257532704;0.102688350615597;8.4349000434077;2;2
8.91624426668355;8.32914482352375;8.62768987952162;0.415141997489139;8.62269454510365;2;2
6.87122434089404;5.61768953170826;6.27583299720281;0.886382964028652;6.24445693630115;2;2
8.16286823893534;6.81848597209257;7.52077684942993;0.950621817391466;7.49067710551395;2;2
9.40155524193518;7.35891881806714;8.44224280443478;1.44436206681573;8.38023703000116;2;2
4.01368002491022;-351.915677686636;248.858146168642;251.680062461207;-173.950998830863;2;2
10.0958377374087;7.85191036231555;9.04373915916212;1.58669626341853;8.97387404986215;2;2
8.3795777730007;7.15955758444827;7.79347767234879;0.862684548509909;7.76956767872448;2;2
9.55948010208977;9.54657308631175;9.55302877402089;0.0091266383815241;9.55302659420076;2;2
8.78154499674843;7.7186410237716;8.26719274553845;0.751586607042045;8.25009301026001;2;2
9.8063736261094;7.82277258002799;8.8701954469361;1.40261775085289;8.81457310306869;2;2
8.46468841392123;6.13972997511217;7.39416101096207;1.64399387805878;7.3022091945167;2;2
7.34315400105739;6.69433653213466;7.02623840645611;0.458783232027553;7.01874526659602;2;2
9.50643950878936;8.63818185077439;9.08269172165717;0.613950877799532;9.07231067978187;2;2
8.32333475935735;8.14661269872285;8.23544777104799;0.124961367459918;8.2349737290401;2;2
8.48824174271229;7.90370511122341;8.20118291369917;0.41332981597773;8.19597342696785;2;2
9.52364888000152;6.4432153133444;8.13064916115774;2.17819546397792;7.98343209667296;2;2
8.19239790789648;7.31959919799837;7.76826608390331;0.617161886379826;7.75599855294742;2;2
8.35968378953588;7.56896496081438;7.97413141473931;0.559122645800861;7.96432437517513;2;2
6.68016031763968;6.67024604331067;6.6752050211087;0.00701045060858506;6.67520318047518;2;2
8.91714831470592;7.7781589263426;8.36705713945787;0.80538712021122;8.34765362052426;2;2
8.41712968706476;7.21634741932975;7.83976218533872;0.849081284243988;7.81673855319725;2;2
9.15365545420761;7.60639623674315;8.41566016081582;1.09407748492251;8.38002584547538;2;2
9.4410920764689;7.79829230479686;8.6587407418001;1.16163485868101;8.61969219063288;2;2
7.29981754016546;6.10183983292383;6.72754730441798;0.847098160500867;6.70082868654464;2;2
7.74664343199991;6.33268052628502;7.07507339575134;0.999822758977237;7.03966197914247;2;2
7.27743967288986;5.64380423724082;6.51205245912718;1.15515469453408;6.46062195506534;2;2
8.38279031619938;6.80126369257857;7.63309771001765;1.11830820018934;7.59202700438897;2;2
7.78599169334132;6.82174341964802;7.3197626304509;0.681826493075954;7.30386755649467;2;2
8.58979361823941;7.35491027151217;7.99622596935397;0.873194388445168;7.97235194487579;2;2
7.70014477139827;7.57272344325978;7.63669987129874;0.0901004851945229;7.63643410732902;2;2
8.03666604711984;7.78712533490769;7.91287944222866;0.176451929787333;7.91189569101376;2;2
9.54806123554472;9.41195840321087;9.48025406678227;0.0962392356819567;9.48000981937779;2;2
7.86719869181204;7.77853135081599;7.82299064399531;0.0626972780880883;7.82286502131402;2;2
7.86787781856615;5.64337502463199;6.84657516706438;1.57296101035927;6.75562642159907;2;2
8.1148279774738;8.07936663581264;8.09711671954511;0.0250749551585802;8.09709730664322;2;2
8.28288180180805;7.37465135590882;7.8419262163046;0.642215907175429;7.82876657885844;2;2
9.5136513453841;7.98835937384537;8.78417461709499;1.07854429636443;8.75100535961473;2;2
9.32273501291989;7.18941210342435;8.32469322299588;1.50848709576491;8.25607355817212;2;2
8.35044542426731;6.68164118033153;7.56221752022411;1.18002279735988;7.51604330229942;2;2
8.41489322072422;8.33535590617126;8.37521898217397;0.0562413744777667;8.37512456344774;2;2
8.60580483052738;7.19282242512369;7.9308439406059;0.999129440558225;7.89931362782553;2;2
8.32637637678063;6.01251368951012;7.26219197055397;1.6361479969035;7.16944503314537;2;2
6.4597106162175;6.12656231583531;6.2953406204544;0.235571422341024;6.2931364660264;2;2
7.63843438116244;6.20699511487432;6.95961450625673;1.01218041204903;6.92271474801838;2;2
8.40040110918047;7.18763803621441;7.81757249198102;0.857552992866935;7.79401957269744;2;2
8.38359776293463;6.84190445747021;7.65167851049145;1.0901417908038;7.61275111020242;2;2
7.31051092187488;7.19852579725146;7.25473444009313;0.0791854410132433;7.25451835956317;2;2
7.37672434904262;6.73632258637475;7.06378454192442;0.452832429066273;7.05652346770868;2;2
7.9826426288037;6.5394459891041;7.29681222122386;1.02049413051722;7.2610443089539;2;2
7.61574508965044;7.29416919495982;7.45669087180217;0.227388495801869;7.45495714230513;2;2
6.77422198181275;6.68906448808527;6.73177789237875;0.0602154412835463;6.73164323494901;2;2
9.41098617090524;7.14599957666761;8.35559604871799;1.60158738008205;8.27849287378642;2;2
8.97126290340368;8.93840776686317;8.95485040323698;0.0232320898446034;8.95483533513342;2;2
8.21188077228205;6.80996925223529;7.54356238903629;0.991301142448606;7.51092501225867;2;2
8.21286528014611;7.27872431714469;7.75986416745882;0.66053740952244;7.7457947986454;2;2
7.69100789728716;7.29516981544143;7.49570227237786;0.279899791924992;7.49308885636429;2;2
9.50921072360829;6.87130959943926;8.29578158455649;1.86527777299954;8.19026016152378;2;2
7.35939709295402;6.89112744835201;7.12910804663566;0.331116641121894;7.12526227065301;2;2
8.41924203313383;7.76525003377704;8.09885005724769;0.462442177586934;8.09224603345544;2;2
7.80329171704017;7.78879562183211;7.79604703872093;0.0102502872223397;7.79604366943614;2;2
8.53430646771959;8.23078772706295;8.38392072639438;0.21462015973551;8.38254709739127;2;2
7.92482150073666;6.8799482983055;7.4207979492065;0.738836926919178;7.40238489952108;2;2
7.5681844482923;7.26634138829443;7.41879818483473;0.213435274578595;7.41726291829336;2;2
8.73031789219052;8.49601185749239;8.61396157355468;0.165679386007975;8.61316487484146;2;2
8.50918527945624;6.15550863314783;7.42618746911469;1.66430071732509;7.33234695630203;2;2
8.39418719910977;6.80399191579715;7.64057212268595;1.12443786824121;7.59908955745346;2;2
9.30261637063496;6.77224423754896;8.13639856915271;1.78924329423058;8.03743030409196;2;2
7.62950295573362;5.013816298383;6.4555274465174;1.8495697728718;6.32165962705831;2;2
7.95745780435539;7.37282991604258;7.67071560152601;0.413394344296759;7.66514386019899;2;2
9.26765971447488;6.82299912983046;8.13765425995009;1.72863607710154;8.04532942215267;2;2
6.69516484627207;-352.913500675307;249.592431967817;254.281725963753;-173.109167914517;2;2
8.36799858526011;6.2875384869453;7.40123437501251;1.47110744350643;7.32776853610271;2;2
9.42723032728344;7.88257760525685;8.68929517701377;1.09223441432327;8.65490396627014;2;2
9.01237526855757;6.95232210266075;8.04853062988684;1.45667756321046;7.98234868560916;2;2
8.63999089200406;7.33084654745529;8.01220174846622;0.925704843582453;7.98541871972967;2;2
8.1534386009357;6.74695162564072;7.48331200932997;0.994536477881638;7.45019511328821;2;2
7.89955775457112;6.51778265273836;7.24170226625418;0.977062544580679;7.20867020365474;2;2
8.42334384950921;7.2937047644983;7.87879593588797;0.79877545730458;7.85852430700375;2;2
5.74838431898659;-352.649183992982;249.393755829205;253.425350914162;-173.450399836998;2;2
8.4752842605826;7.23239145938749;7.87838592350934;0.878857928013008;7.85383785998505;2;2
7.75491439546824;6.41379587411275;7.11601977216991;0.94831400082534;7.08435513479049;2;2
8.96210366665175;7.92045835412827;8.45733299188618;0.736554464076529;8.44128101039001;2;2
8.73674236245387;8.25153309736556;8.49760159000218;0.343094761638491;8.49413772990971;2;2
8.45982257714253;8.43006121382486;8.44495500596554;0.0210444618192797;8.4449418954837;2;2
8.00089060450337;6.48258577406333;7.28142049271014;1.07360364151244;7.24173818928335;2;2
8.28567133521199;8.25651014641214;8.2711035924162;0.0206200743478356;8.27109074081207;2;2
8.06707884934067;7.68977916632398;7.88068730468066;0.26679116440064;7.87842900783232;2;2
7.20333754805064;5.88859290830138;6.57889041825647;0.929664850295369;6.54596522817601;2;2
7.75469369592388;7.00995857236091;7.39171135474789;0.526607256059177;7.3823261341424;2;2
7.71519138273341;6.13110645186876;6.96830841726852;1.12011719658981;6.92314891730109;2;2
9.16977002919761;6.23901162611146;7.84251070955994;2.07235914084168;7.70439082765454;2;2
7.34209059383989;6.48811215795583;6.92827156159335;0.603853943000698;6.91510137589786;2;2
7.25218735586434;6.84693488413612;7.05247257180624;0.286556770851634;7.04956112000023;2;2
7.82251363154988;7.56758517491504;7.69610501797427;0.180261640403911;7.69504940323246;2;2
9.14533478317854;8.91760855434833;9.03218939751049;0.161026760659879;9.03147166876344;2;2
7.91545798502545;5.16528267895159;6.68336069153014;1.94466760837661;6.54037033198852;2;2
7.41761651309493;7.17403875906758;7.29684407302029;0.172235481618927;7.29582763608126;2;2
11.0217665841457;10.408607496371;10.7195720215152;0.433568948911628;10.7151870402584;2;2
8.05929846894811;7.24149638807669;7.66131717624708;0.578273397052652;7.6503974285124;2;2
7.37298811558575;7.32269405541583;7.34788411659408;0.0355632709995495;7.34784108550079;2;2
9.4729433477007;6.55958861044364;8.14754129805455;2.06005289071642;8.01626597907217;2;2
9.6485216210089;8.17235882589864;8.9409568349903;1.04380472255776;8.91044022345377;2;2
9.32501816893191;5.56179473595592;7.67754923578537;2.66100080857745;7.44340645244391;2;2
7.5456274369107;7.47095894860399;7.50838601259903;0.0527985944226266;7.50829319275735;2;2
7.18072040600476;6.75850223857539;6.97280782963512;0.298553329329461;6.96961132229008;2;2
8.27302287209593;6.40855764977137;7.39974724543567;1.31837600199218;7.34079026093365;2;2
8.07800572359093;7.38223548695916;7.73794472890854;0.491983852470096;7.73012060527505;2;2
9.99937015595302;7.85194791917167;8.99000805453333;1.51845682569887;8.92565903756235;2;2
9.25324217305665;7.96328629521031;8.63239304401504;0.912136548656592;8.60826423413348;2;2
9.69964361069854;7.09651533780129;8.49834148861453;1.84068965406407;8.39807947424992;2;2
8.9833258430693;7.84422792096462;8.43303192448593;0.805463865155724;8.41377688201696;2;2
10.0572172250875;8.31572001563854;9.22764373204472;1.23142448621881;9.18646862036303;2;2
7.2971642981286;6.55021885040735;6.93375705451649;0.528170191260117;6.92369157426797;2;2
7.94668625019384;6.94012240950022;7.46039950062552;0.711748117451635;7.44340432984703;2;2
7.74917471990943;6.89229115331544;7.33325937703535;0.605908180625921;7.32073293661244;2;2
7.48673251784187;6.63909529710305;7.07561835310974;0.599370026770542;7.06291390747246;2;2
9.52163766406439;8.44722514345391;9.00047766593334;0.759724379115404;8.98443140375915;2;2
7.38854209607182;6.51829906991791;6.96702149667698;0.61535474507373;6.95342058299487;2;2
7.40540266504516;7.31468260276981;7.36018240978854;0.0641487712245724;7.36004263390748;2;2
7.9128813797171;7.42723175578809;7.67389937657709;0.343406142360901;7.6700565677526;2;2
8.41358716558423;6.17987189644002;7.38170934300765;1.57947521405181;7.29672953101213;2;2
6.77261595580266;6.70296560579958;6.7378807794931;0.0492502347991944;6.73779078080112;2;2
9.08412511075798;7.35634579031152;8.26550519976056;1.22172447388158;8.22023545053475;2;2
7.89100095754842;5.79529676210086;6.92290981715228;1.48188664796207;6.84314885982464;2;2
8.34985997793416;7.34622429280213;7.86406933499644;0.709677598797663;7.84804213536814;2;2
7.82013045123057;6.80856763887998;7.33181538118177;0.715282924209236;7.31434904505527;2;2
8.08256080655952;7.22080342630572;7.66380425484239;0.60935448731501;7.65168211643262;2;2
6.86920783277331;6.18056346872218;6.53396438009641;0.486945099646451;6.52488565074774;2;2
8.32991559048907;6.69591018803166;7.55720540249036;1.15541630057309;7.51291288926036;2;2
6.7274147042799;6.71175686099753;6.719590343336;0.0110717671637233;6.71958578263871;2;2
7.80023953110709;6.6917648711914;7.26716773695079;0.783809948799839;7.24600220114925;2;2
8.37851084802837;7.9677139570142;8.1756929287776;0.290477267326474;8.17311240252129;2;2
