73.6870760988638;72.8786463849821;73.2839760210477;0.571646132798416;73.2828612419229;2;2
74.4302134592445;-285.335374239368;208.513947336753;254.392686699252;-105.452580390062;2;2
74.0859417998858;73.8874636997683;73.9867693049259;0.140345210510075;73.9867027498271;2;2
75.3686099234452;74.352601546173;74.8623293735788;0.718426413311543;74.8606057348091;2;2
74.3112036547555;74.2606274759466;74.2859198695818;0.0357627590022436;74.285915565351;2;2
73.7595840432065;-287.972992322911;210.200999695099;255.783557724563;-107.106704139852;2;2
72.1166648853445;-285.908595625542;208.50004605126;253.162089543328;-106.895965370099;2;2
75.7668276972249;73.9145416037752;74.8464148767234;1.30976405737582;74.8406846505001;2;2
74.8439609845118;73.0661859410934;73.960415168621;1.25707678862529;73.9550734628026;2;2
74.1972408236438;73.6227066453087;73.9105319951865;0.40625701352418;73.9099737344762;2;2
74.3458246136263;73.5935464317303;73.9706418583729;0.531941003757411;73.9696855226783;2;2
74.6574002478273;73.33192105312;73.9976285333027;0.937255326899275;73.9946606504736;2;2
75.8096046371554;-286.004603629722;209.219656644203;255.841280195151;-105.097499496283;2;2
72.7604302913258;-286.815436213173;209.233332270854;254.25853355636;-107.027502960923;2;2
73.8125628983294;72.8590598647188;73.3373610310274;0.674228460948011;73.3358113815241;2;2
74.7638514531501;73.8794873712631;74.3229847972662;0.625339839340083;74.3216694122066;2;2
73.3825967729777;-285.997322120283;208.781553027463;254.119977671696;-106.307362673653;2;2
74.0341538418742;72.9699664215263;73.5039860641618;0.752494141381444;73.5020601317002;2;2
74.0941009968439;73.3009379241941;73.6985864962723;0.560850987257475;73.697519460519;2;2
77.0583500352719;74.366064986596;75.7241735899082;1.90373301480586;75.712207510934;2;2
73.9202585938586;73.3173355590988;73.619414301081;0.426330966412235;73.6187970764787;2;2
75.1784319161405;74.2469573652306;74.7141462621509;0.658651971451112;74.7126946406856;2;2
75.3631102390559;73.3249440060047;74.3510114201139;1.44120116457591;74.3440271225303;2;2
74.0318607347294;73.5009504188886;73.7668832075962;0.375410284532921;73.766405576809;2;2
74.4518165929794;-284.3722652562;207.858916384332;253.726941528592;-104.96022433161;2;2
72.8772949573081;72.6118911501724;72.7447140921558;0.187668831778318;72.7445930537403;2;2
74.1068574372696;74.0426915921457;74.0747814625106;0.0453721042076621;74.0747745147076;2;2
75.0627185845628;-284.799691181556;208.260985086519;254.461150239755;-104.868486298496;2;2
75.8461662648067;74.7925063449092;75.3211787693939;0.745050074423965;75.3193363048579;2;2
75.3271241800489;71.909912210351;73.6383429720445;2.41633375652524;73.6185181952;2;2
74.8355399431327;71.2076772005698;73.0441350516274;2.56528634648026;73.0216085718513;2;2
73.2550183038387;72.3823476912283;72.8199902636275;0.617071307918967;72.8186829975335;2;2
75.0180674906089;73.3038003119269;74.1658870040547;1.2121699468116;74.1609339012679;2;2
73.7591474673057;73.3840772329098;73.5718513645994;0.265214706162533;73.5716123501078;2;2
74.30406994897;-285.067840193811;208.308387161614;254.114314629923;-105.381885122421;2;2
75.5538019621989;74.5838955481293;75.0704151649551;0.68582740250493;75.0688487551641;2;2
74.4612748576599;74.3070240406698;74.3841894329993;0.109071798697305;74.3841494491649;2;2
76.0102534434171;72.6732890169185;74.3604920810408;2.35959017455543;74.3417712301678;2;2
73.781449305506;73.0789193986475;73.4310245131272;0.49676366112598;73.4301843520767;2;2
75.1459155082051;-284.852882899878;208.312353827057;254.557591573364;-104.853483695836;2;2
72.6863019140005;-289.080555715844;210.773416467678;255.807798238612;-108.197126900922;2;2
73.8597853842043;-286.52431166227;209.22649099784;254.830038853353;-106.332263139033;2;2
74.3911425478838;73.7123618321206;74.0525299245374;0.479970447054834;74.0517521900022;2;2
73.9699515619549;-285.426749385822;208.49458386135;254.131844376247;-105.728398911934;2;2
75.2113018190499;75.1171539843486;75.1642426424445;0.0665725723513518;75.1642279016992;2;2
73.3334870764564;72.7826954771112;73.0586103334395;0.389468474917527;73.0580912767838;2;2
74.38097285177;73.8293116865172;74.1056556090041;0.390083350867484;74.1051422691436;2;2
74.433314314192;-285.462942398647;208.601785422235;254.485083645303;-105.514814042227;2;2
73.8982430949922;72.6558691521995;73.2796890508827;0.878491039718193;73.2770561235959;2;2
72.5537800551561;-286.981049308791;209.310981153243;254.229515915995;-107.213634626818;2;2
73.3368514519695;72.9860094378011;73.1616407502696;0.248082767343658;73.1614304448853;2;2
75.1864414265605;-286.422139260417;209.392744421701;255.695879539005;-105.617848916928;2;2
74.3655511614368;-285.672216860146;208.732904312347;254.585147251331;-105.653332849355;2;2
73.5171698344649;73.1143177354992;73.3160204811919;0.284859450993918;73.3157437849821;2;2
74.8670681315978;73.4304195868168;74.152223201052;1.01586392819648;74.1487438592073;2;2
73.1476592879902;-287.032289308969;209.449415331315;254.685684100332;-106.942315010489;2;2
75.7192901144776;73.2315316657763;74.4857977253249;1.75911086903083;74.475410890127;2;2
75.202244336556;73.7282341999416;74.4688863603334;1.04228256313779;74.4652392682488;2;2
75.1130712469086;74.4912500568727;74.8028067895139;0.439693980159906;74.8021606518907;2;2
73.0843433903059;72.8872419947261;72.9858592276268;0.139371733395834;72.985792692516;2;2
73.7618618513626;73.194567259546;73.4787620339772;0.401137852804026;73.4782145554543;2;2
76.1560738135985;73.5692588205334;74.8738386290729;1.82915442327135;74.8626663170659;2;2
74.4526661031243;-286.135216789159;209.065255096157;254.974137206834;-105.841275343018;2;2
75.1860390084734;71.656556442919;73.4425031675831;2.49572105618322;73.4212977256962;2;2
72.8887835025639;-283.483351140782;206.972927136004;251.993153032235;-105.297283819109;2;2
72.6914501628408;-285.341874234542;208.21146956695;253.167791572152;-106.325212035851;2;2
-283.676949033534;-285.959126134056;284.820323390315;1.61374290364764;-284.818037583795;2;2
75.1072083688751;73.9976333613543;74.5544850832163;0.784588012053084;74.5524208651147;2;2
76.1277547169852;74.1904363365991;75.165337363922;1.36989096408833;75.1590955267921;2;2
72.5407277537541;-284.207331369351;207.407767920023;252.258971781087;-105.833301807799;2;2
74.5933131884652;73.8301825134425;74.2127287680513;0.539614875240034;74.2117478509539;2;2
74.3887432379771;74.2399266588764;74.3143721995989;0.105229212235046;74.3143349484268;2;2
76.2116012742504;-287.805774477923;210.523599617267;257.399154864093;-105.797086601836;2;2
74.9529556668672;72.4874289787701;73.7304988561436;1.74339064034989;73.7201923228186;2;2
75.0224537504368;74.643718119762;74.8333255357495;0.267806532727102;74.8330859350994;2;2
74.9435434593994;-283.676953520392;207.47186395372;253.5829852869;-104.366705030496;2;2
74.6136637408189;72.6465038731863;73.636653039858;1.390992082081;73.6300838070026;2;2
73.8025859796922;72.1293240251759;72.9707512693225;1.1831748747399;72.965955002434;2;2
74.2077855459901;73.5619046009463;73.8855508342409;0.456706796079596;73.8848450734682;2;2
72.4414145570343;-283.768657075436;207.089846783251;251.878557178265;-105.663621259201;2;2
73.5601181172689;73.551148675258;73.5556335329812;0.00634235326935268;73.5556333962635;2;2
74.3550058661602;-285.761501319936;208.792124532968;254.640824248503;-105.703247726888;2;2
74.2662639234559;71.7800793466587;73.0337516089685;1.75799797353471;73.0231716350573;2;2
74.7262906484044;74.1055858976181;74.4165854339578;0.438904538395741;74.4159382730113;2;2
74.5048053833843;73.2078153749004;73.8591573780174;0.917110430130145;73.8563103791423;2;2
74.5370489924959;72.2484443430113;73.4016668151853;1.61828786710562;73.3927466677536;2;2
73.5624201565522;-286.358937171523;209.060841093321;254.502832460548;-106.398258507485;2;2
73.6058131618366;72.9618626154978;73.2845451904355;0.455341798064928;73.2838378886672;2;2
74.1683237217964;-287.79447848141;210.150662725683;255.946351975172;-106.813077379807;2;2
74.9598359222295;73.3471069909352;74.1578556372393;1.14037156353389;74.1534714565823;2;2
75.1117169742867;74.9973040886305;75.0545323327908;0.0809021273026054;75.0545105314586;2;2
74.7046634431474;74.6347496000159;74.6697147041925;0.0494365525770775;74.6697065215816;2;2
74.3861434482727;74.0054405436828;74.1960361716567;0.269197605452951;74.1957919959778;2;2
73.833284524002;73.8167972246827;73.8250413346046;0.0116582811521254;73.8250408743424;2;2
74.8623190601985;71.6123531960521;73.2553613920069;2.29807290116273;73.2373361281253;2;2
73.532555238691;-287.803760124551;210.045282048611;255.503358882309;-107.13560244293;2;2
75.0324474129456;73.1307160618875;74.0876838499519;1.34472713432823;74.0815817374166;2;2
73.4879617462451;72.7834105119095;73.1365345342624;0.498192955492083;73.1356861290773;2;2
74.4177742616178;-286.127142675474;209.05351814988;254.943755688558;-105.854684206928;2;2
73.5723503147263;-289.238945061388;211.035610823218;256.546327251526;-107.833297373331;2;2
74.2725133335494;73.9847209906784;74.1287568253738;0.203499917217628;74.1286171621139;2;2
73.7836973541123;72.7756481371335;73.2814060898912;0.712798437095502;73.2796727456229;2;2
74.2026256997583;73.3253330679681;73.7652836036942;0.620339569023842;73.7639793838632;2;2
75.2631116008278;73.1191847492794;74.1988919938766;1.51598521509784;74.1911481750536;2;2
74.6483794440406;74.1542871073463;74.4017434272215;0.349376041808852;74.4013332756934;2;2
72.8948962315868;72.4066972029471;72.6512067912608;0.345208843719826;72.650796717267;2;2
75.4000684858437;72.0564089186382;73.7471911123397;2.36432435395032;73.728238702241;2;2
75.3724846653337;-285.758271598093;208.972248434278;255.358006648895;-105.19289346638;2;2
74.6612345556764;74.3543481109835;74.5079493355811;0.217001486096585;74.5077913333299;2;2
75.0159051891304;73.4784005624532;74.2511325858432;1.08717994762917;74.2471528757918;2;2
73.3527200216664;-286.210351567153;208.922218635035;254.249486184718;-106.428815772743;2;2
-286.810887234109;-286.982072163187;286.896492466441;0.121046024187737;-286.896479698648;2;2
73.9224882342211;73.017087071554;73.4711823477527;0.640215301816084;73.4697876528876;2;2
74.6990317070743;74.0076597527227;74.3541493127628;0.488873797244219;74.3533457298985;2;2
74.5015937160688;74.2694358987235;74.3856053781536;0.164160366950327;74.3855148073961;2;2
-285.466751192778;-286.603587135616;286.035733952562;0.803864404276742;-286.035169164197;2;2
75.4405689216329;74.0428530534436;74.7449781842014;0.988334368568673;74.7417109875383;2;2
73.9459229708583;72.3659580096161;73.1602057223107;1.11720393813157;73.1559404902372;2;2
74.7459525429779;73.9903065036173;74.3690892712031;0.534322438608646;74.3681295232976;2;2
74.5488563912727;72.6273880492082;73.5943934145016;1.35868329450911;73.5881222202404;2;2
73.8837823693457;73.2151624935984;73.5502322095752;0.47278564817701;73.549472431472;2;2
75.3881458391157;-283.857443688474;207.67573386221;254.024992466318;-104.234648924679;2;2
74.7399536495387;-287.416533490313;209.993243218828;256.083307907288;-106.338289920387;2;2
75.4389360294134;74.612308756954;75.0267608500226;0.584513749869825;75.0256223931837;2;2
74.1061905552151;72.9292158649901;73.5200585054452;0.83224678474301;73.5177032101026;2;2
73.7600408079385;-286.135457156871;208.942627845972;254.484547129426;-106.187708174466;2;2
73.8207047067935;-285.993344264111;208.856038225829;254.426953993515;-106.086319778659;2;2
74.1544389276083;73.8737067917441;74.0142059601431;0.198507596966608;74.0140728596762;2;2
74.8070394627864;72.5115243788024;73.6682235462636;1.62317428220108;73.6592819207944;2;2
74.5269407289608;74.1612274762433;74.3443089792391;0.258598320966302;74.3440841026021;2;2
73.7986231957936;73.6637213204125;73.7312031109154;0.0953900308767208;73.731172258103;2;2
75.0573183900109;73.1686727578134;74.119011451312;1.33547413378526;74.1129955739121;2;2
74.2948311853289;73.5360123391475;73.9163955141205;0.536565951827029;73.9154217622382;2;2
75.2785278879782;71.8820470739895;73.5998826511577;2.40167461574139;73.5802874809839;2;2
74.2461088805006;74.1435112806034;74.1948278147208;0.0725474586207302;74.194810080552;2;2
-286.725333537318;-288.699293072519;287.714006187272;1.39580017312868;-287.712313304919;2;2
73.862799410774;71.7671336647409;72.822505488513;1.48185946012042;72.8149665377574;2;2
74.9129064782596;74.8995767547575;74.9062419130151;0.00942553787969399;74.9062416165086;2;2
73.1195524794919;72.4802761288791;72.800616008794;0.452036642570472;72.7999143041855;2;2
75.3529716559263;-287.024645269895;209.834717491753;256.239670278469;-105.835836806984;2;2
75.0862709210071;74.1610450039428;74.6250918823545;0.654233520085706;74.6236579624749;2;2
73.4259461343948;73.1320527407807;73.2791467738652;0.207814011570496;73.2789994375877;2;2
74.6981330762071;74.0522838967979;74.3759095252041;0.45668433438403;74.3752084865025;2;2
74.045153774868;73.7618860331146;73.9036556223913;0.200300541085253;73.9035199039913;2;2
74.2777482044238;73.7932258634213;74.0358834000436;0.34260903295925;74.0354870339225;2;2
72.8183391638268;71.7071801443026;72.2648953601456;0.785708077682133;72.2627596540647;2;2
74.3098657953577;73.2149932562754;73.764460928148;0.77419179692005;73.7624295258166;2;2
74.2643633996454;73.5815031360397;73.9237217505775;0.482855122998447;73.9229332678426;2;2
74.278037229668;73.9865627806135;74.132443257934;0.206103559468993;74.1323000051408;2;2
75.4700964497798;73.8902447782545;74.6843481980309;1.11712383020443;74.6801706140172;2;2
74.5930394952553;-285.75923579225;208.833022271038;254.807537471797;-105.583098148497;2;2
75.4138828691751;71.7301253378612;73.5950562551281;2.60480993063909;73.5720041035182;2;2
74.6129347191517;-285.065100061062;208.36170629488;254.33077743694;-105.226082670955;2;2
74.3992026135995;72.9365645468816;73.6715134819452;1.03424129539782;73.6678835802405;2;2
74.3769879742631;73.0754571036813;73.7290945659705;0.920321304512052;73.7262225389722;2;2
74.5967109964933;-284.212497192813;207.775615571305;253.716424262834;-104.80789309816;2;2
73.1494417297336;73.1168255559837;73.1331354611432;0.0230631176349034;73.1331336428586;2;2
74.4726289327223;73.7875637716021;74.1308877172639;0.484414220982713;74.1300963521622;2;2
74.536540348827;73.1632504835543;73.8530875065207;0.971062576269094;73.8498954161906;2;2
74.5940843163125;74.3288567672761;74.4615886323928;0.187544198481113;74.4614705417943;2;2
73.448044972465;-284.751554735946;207.939971187378;253.285365972124;-105.65175488174;2;2
73.8187269940066;-286.709250279735;209.345884424537;254.931777537732;-106.445261642864;2;2
74.309228599264;74.065456330836;74.1874425914273;0.172373024070678;74.18734246505;2;2
73.2223795640107;72.3786410006121;72.8017326102598;0.596613259727707;72.8005102823114;2;2
72.5618807293498;-285.240470179067;208.119379639374;253.00446865183;-106.339294724858;2;2
71.5372691833733;-288.98046635783;210.508064950732;254.924535539203;-108.721598587228;2;2
74.0665953439797;72.7167595567571;73.3947806941476;0.954478038633414;73.3916774503684;2;2
75.2094913204611;73.4654255880512;74.3425730706034;1.23324070622214;74.3374584542562;2;2
72.6134762732664;-285.868290718287;208.558620745683;253.484888371463;-106.62740722251;2;2
72.7884156048132;-286.432630653311;208.975842323024;254.007637754046;-106.822107524249;2;2
75.2692783213859;74.9658722201878;75.1177284559237;0.214540511610493;75.1175752707869;2;2
72.8918668026373;-287.83290022058;209.953569504502;255.070928904055;-107.470516708971;2;2
75.2853279779181;73.7939479401178;74.5433677845706;1.05456493805488;74.539637959018;2;2
73.5144512038146;72.5462682074143;73.0319641205826;0.684608762184134;73.0303597056144;2;2
73.7777108388319;-287.044750111128;209.568412675883;255.140008942135;-106.633519636148;2;2
75.8866553091502;73.4135283923821;74.6603328583153;1.74876481358171;74.6500918507662;2;2
76.3872719077943;72.9264130168188;74.6768941005681;2.4471967905385;74.6568424623065;2;2
74.0981264559961;74.0616428561416;74.0798869020447;0.0257978008592781;74.0798846560689;2;2
73.2418741014043;71.9358423050182;72.5917954386665;0.923503939669916;72.5888582032113;2;2
75.4358676454321;72.8118568449612;74.1354726990739;1.85545583091973;74.1238622451966;2;2
76.7151478640813;73.5842244480402;75.1659896476705;2.21389717885837;75.1496861560607;2;2
74.8004610606553;72.8949286090178;73.8538407660712;1.3474149183239;73.8476948348365;2;2
74.4631680120143;73.746848334432;74.1058736863928;0.506514501515789;74.1050081732232;2;2
74.1323411377235;-286.768868186938;209.442101502751;255.195692451894;-106.318263524607;2;2
74.7034313405567;73.6249809712491;74.1661664004216;0.762579569310563;74.1642061559029;2;2
73.372130749278;73.1136680471613;73.2430134074222;0.182760729350559;73.2428993982197;2;2
75.313985649123;-285.102601849033;208.513416853023;254.853013072061;-104.894308099955;2;2
73.8951866423931;-286.612471952919;209.293105103676;254.91741006243;-106.358642655263;2;2
74.3862498288935;-286.107035972915;209.03414816342;254.907246962679;-105.860393072011;2;2
73.7018757002358;73.6876365633977;73.6947564757235;0.0100685902164535;73.6947561318167;2;2
74.9799501666929;72.8073782877093;73.9016483582381;1.53624030824455;73.8936642272011;2;2
73.6253908379006;-286.33060885249;209.052524191734;254.527328309858;-106.352609007295;2;2
73.9555992490041;72.8623859888889;73.4110276194017;0.773018509510546;73.4089926189465;2;2
73.4097546759786;71.263281119228;72.3444791171568;1.51778600761594;72.3365178976033;2;2
74.3921134606723;-287.71519611156;210.135932932303;256.048534115742;-106.661541325444;2;2
-286.335480898067;-288.017883970519;287.17791446069;1.1896386212193;-287.176682434293;2;2
77.0130403094433;75.1395664850105;76.0820702572533;1.32474604563191;76.0763033972269;2;2
74.76955116569;73.4033309322871;74.0895902724316;0.966063591633427;74.0864410489885;2;2
74.7229086218541;73.898385596539;74.3117906751167;0.583025822444736;74.3106471091966;2;2
74.6137601515179;73.8190257493524;74.2174567286288;0.561962085013474;74.2163929504351;2;2
74.4339947004086;-286.706674008517;209.453021568187;255.365015806326;-106.136339654054;2;2
74.5320708169786;-286.918681016361;209.615551780439;255.584277686331;-106.193305099691;2;2
72.671300888947;-285.527933532068;208.335449215904;253.285107674929;-106.42831632156;2;2
75.5030106638834;73.5631293644648;74.5393809378756;1.37170322151582;74.5330700141741;2;2
71.720556498734;-289.244051649328;210.720145737192;255.240522189839;-108.761747575297;2;2
76.0320014021279;75.5050666429768;75.7689920943045;0.372599141438615;75.7685340225523;2;2
73.4231564624059;73.23034953713;73.3268163710698;0.136335084322339;73.326752999768;2;2
75.2753649482806;74.5805248599974;74.928750344876;0.49132613826529;74.927944904139;2;2
73.4454232582884;72.9527978073771;73.1995249489816;0.348338796924424;73.1991105328327;2;2
74.2392655998464;73.7328900840803;73.9865110576097;0.358061561025071;73.9860778419633;2;2
74.7004746622421;73.1994678494498;73.9537795119591;1.06137209593262;73.949971255846;2;2
74.2261956377175;-285.62725722664;208.677332489254;254.454816753781;-105.700530794461;2;2
73.8962594026561;73.7401564658887;73.8182491980079;0.110381445151371;73.8182079342724;2;2
73.2752261883258;72.5333348341991;72.9052242130849;0.524596407406675;72.9042805112625;2;2
76.3049783785627;75.0246736239698;75.6675339155972;0.905312173957951;75.6648260012662;2;2
74.9166157103251;74.5779757646407;74.7474875117547;0.239454601974088;74.7472957374829;2;2
72.3759309154597;-287.509478789702;209.642524037712;254.477413652619;-107.566773937121;2;2
71.9587607160498;-285.674184118261;208.31202883586;252.884680468056;-106.857711701106;2;2
72.0858467022575;-283.447375641281;206.807620813053;251.39995245622;-105.680764469512;2;2
73.8389692246792;-285.267922662577;208.362641896748;253.926918424303;-105.714476718949;2;2
74.8437520193057;71.6487799099279;73.2636843153162;2.25918644424295;73.2462659646168;2;2
75.3116415206995;-285.506186268743;208.788919421343;255.136732802915;-105.097272374022;2;2
73.6122112006267;73.5512909336836;73.5817573718413;0.0430771338671003;73.5817510671552;2;2
74.1321789660004;73.1604541230226;73.6479192025613;0.68711322591704;73.6463165445115;2;2
75.7581888684419;73.2504607933949;74.5148749816813;1.77323152723764;74.5043248309184;2;2
75.1740597405706;75.0189342672484;75.0965370588838;0.109690274120871;75.0964970039095;2;2
73.4428310815084;-284.854469599228;208.009516955264;253.354450992184;-105.70581925886;2;2
73.8824558328678;73.519972338202;73.70143693479;0.256314537146372;73.7012140855349;2;2
72.8400165233377;-283.671451660004;207.093168035565;252.091676723213;-105.415717568333;2;2
74.5534603629277;-284.972154563297;208.287478414491;254.223000324597;-105.209347100185;2;2
72.9993435964159;-287.04261534873;209.430617618039;254.588110681801;-107.021635876157;2;2
71.6366578359304;-288.625533437236;210.281370189838;254.743838454381;-108.494437800653;2;2
72.2097649710677;71.2020029397194;71.7076543327302;0.712595366188738;71.7058839553936;2;2
73.8129681833214;-286.214889548577;209.006360275634;254.578139618291;-106.200960682628;2;2
76.3966647934702;73.0929838217953;74.7630746944609;2.33605521794829;74.7448243076328;2;2
72.8926796282369;-287.673926457242;209.844741066713;254.959092232461;-107.390623414503;2;2
74.1087780169182;73.5613185613654;73.8355556884606;0.387112293446058;73.8350482891418;2;2
74.9584880154102;74.1187181798328;74.5397857193656;0.593806945372722;74.5386030976215;2;2
75.576109455243;70.9294857808013;73.2896318503503;3.28565910981973;73.2527976180222;2;2
73.6740615760466;73.4781889578758;73.576190447863;0.138502856557293;73.5761252669612;2;2
72.2227555225323;-285.004024435499;207.898316924041;252.597478529759;-106.390634456483;2;2
72.9339691841243;-287.299647995614;209.595385921726;254.723633519152;-107.182839405745;2;2
74.2779779402607;71.9989712769352;73.147350846872;1.61150106600681;73.1384746085979;2;2
73.6486565853913;71.8734200298245;72.766452172744;1.25528180665152;72.7610383076079;2;2
73.6569901209588;73.1009488849186;73.3794961878129;0.393180528623406;73.3789695029387;2;2
73.7430647117177;73.560527173508;73.6518524923881;0.129073531089208;73.6517959426128;2;2
73.946402127864;-284.035792532483;207.538432377249;253.131637388374;-105.04469520231;2;2
75.0846368464817;72.8872630141837;73.9941071980291;1.55377793761982;73.9859499303327;2;2
75.9904050877571;-284.984359708878;208.555300752679;255.24770402492;-104.496977310561;2;2
74.4518387524007;74.3215176614176;74.3867067462658;0.0921509271657405;74.3866782069091;2;2
73.0637218402429;72.6035985283747;72.8340235343957;0.325356314003988;72.8336601843088;2;2
75.6107554067337;74.2334826140104;74.9252836970988;0.973878931278372;74.9221190103721;2;2
76.5781640003591;73.4840439398817;75.0470516257113;2.1878732765689;75.0311039701204;2;2
74.4892291078785;73.2187631802029;73.8567279762807;0.898355072725886;73.8539961440407;2;2
74.9520140800004;74.8742090332715;74.913121657713;0.0550164761525499;74.913111556636;2;2
74.436349592101;-287.223160455194;209.806951794343;255.731892035047;-106.393405431547;2;2
74.5219635710222;-286.788406125804;209.524596339737;255.485012525644;-106.133221277391;2;2
76.3892766395797;72.7705586549156;74.6018625520394;2.55882002615772;74.5799176472477;2;2
73.4887622496957;73.0029766745804;73.2462721929984;0.343502274366616;73.2458694621381;2;2
75.3359520039956;73.4756953306509;74.4116370894733;1.31540010846963;74.4058236673232;2;2
72.2864985012128;-285.701324225737;208.387361096955;253.135617032434;-106.707412862262;2;2
73.0748005365826;72.3666788013058;72.721601585061;0.500717680919804;72.7207396689442;2;2
75.8746151077809;74.382405668658;75.1322150971562;1.05515141335435;75.1285103882195;2;2
73.511307746012;71.8014586655713;72.6614128442072;1.20904587958519;72.6563832057917;2;2
74.4357280131659;72.4855327646552;73.4671017021425;1.37899628485967;73.4606303889105;2;2
74.880450073689;73.0992856272948;73.9952274219731;1.2594734584537;73.9898678504919;2;2
74.487705477781;-286.201887435341;209.117118666665;255.046057052284;-105.85709097878;2;2
74.6761759596391;72.8894338801644;73.788213243464;1.26341744062793;73.7828049199017;2;2
74.8757199040248;72.9340268699816;73.9112498426903;1.37298431135463;73.9048733870032;2;2
73.2844685512649;72.2217030986669;72.7550263875745;0.751488658342776;72.7530858249659;2;2
73.8112419620738;73.5616632322019;73.6865582636063;0.176478812332366;73.6864525971378;2;2
75.949065645071;74.7322687059932;75.3431236354854;0.860405366949004;75.3406671755321;2;2
74.002573450713;73.8021714998397;73.9024404042922;0.141705578425483;73.9023724752764;2;2
75.287928534156;72.5529967014751;73.9331100161776;1.93388884497162;73.9204626178156;2;2
73.4816990441045;-284.756298088205;207.949163733961;253.312517050943;-105.63729952205;2;2
72.1822049597968;-288.224396564014;210.09946868989;254.845951921885;-108.021095802109;2;2
74.8302373567189;-287.896550531378;210.337809524024;256.486571433688;-106.53315658733;2;2
73.8905726207665;-284.566047141958;207.891380182325;253.46710659543;-105.337737260596;2;2
74.8798522728669;74.5695332745572;74.7248538613213;0.219428668035783;74.724692773712;2;2
74.3868363235204;74.0227312474449;74.2050071071814;0.257461168357412;74.2047837854826;2;2
73.1992046566252;72.9031422981904;73.0513234627296;0.209347701303306;73.0511734774078;2;2
73.1779998030921;-285.1276529478;208.149943707298;253.360356797628;-105.974826572354;2;2
74.1567223498301;73.7417248310738;73.9495147067633;0.293447559688177;73.949223590452;2;2
74.1429960461614;-283.213322640641;207.010833030367;252.689076243299;-104.53516329724;2;2
75.1309470432184;74.4144397890497;74.773551650062;0.506647138192024;74.772693416134;2;2
75.645254377445;73.4268197432748;74.5442900812655;1.56867017344082;74.5360370603599;2;2
74.9499022631558;72.5860531308258;73.7774455994773;1.67149375117247;73.7679776969908;2;2
75.3893704455159;73.712972959052;74.5558835995965;1.18539203064266;74.551171702284;2;2
74.7085234182209;74.6710755631151;74.6898018376113;0.0264796322862199;74.689799490668;2;2
73.7833531871418;72.827526793062;73.3069978458151;0.675871324890927;73.3054399901019;2;2
-284.191269493463;-285.751284570545;284.972344526643;1.10309723975784;-284.971277032004;2;2
74.4923365513618;71.9644074515483;73.2392795729649;1.7875158088369;73.2283720014551;2;2
74.4191747645774;73.9158374199785;74.1679330780406;0.355913249590305;74.167506092278;2;2
73.7362123710737;72.492031811927;73.1167685659505;0.879768510393091;73.1141220915004;2;2
74.9203676573274;73.7825013714174;74.3536112052815;0.804592966850537;74.3514345143724;2;2
72.0154911196921;-286.086214966536;208.604354406961;253.216144728044;-107.035361923422;2;2
73.7679818686452;73.6399997101369;73.7040185684666;0.0904970521521125;73.703990789391;2;2
73.477828229297;-285.351040897164;208.355714803301;253.730326644821;-105.936606333934;2;2
76.1176339051091;72.9537435365711;74.5524744301355;2.23720833452403;74.5356887208401;2;2
74.7570129103276;73.2938825443883;74.0290625285282;1.03458940351559;74.025447727358;2;2
76.4525004085909;-284.851078204969;208.548701234578;255.480210504615;-104.199288898189;2;2
74.8177561052364;-289.319728707651;211.309727708039;257.484084795406;-107.250986301207;2;2
74.1709946042258;73.6848818637606;73.928337786861;0.343733615204091;73.9279382339932;2;2
76.5029288466692;73.9577362140747;75.2410953802149;1.79972296993366;75.230332530372;2;2
74.478244531929;73.6247659281579;74.0527348128813;0.603500508324167;74.0515052300434;2;2
73.4066270835349;-286.290194386681;208.986373122442;254.344061632837;-106.441783651573;2;2
72.3117358884539;-286.201362627346;208.734528908074;253.507043104723;-106.944813369446;2;2
73.9718314092001;73.3031598761758;73.638254629857;0.472822175387893;73.6374956426879;2;2
74.3219709587334;-287.823857657685;210.197916740559;256.075771193091;-106.750943349476;2;2
74.1084022982723;73.4924489887181;73.8010682495921;0.435544762080042;73.8004256434952;2;2
72.2336377324825;-284.958528273075;207.8690227711;252.57300276924;-106.362445270296;2;2
73.8542601165413;73.0538894013308;73.4551648763503;0.565947560188455;73.4540747589361;2;2
73.856691847414;72.730686427636;73.295851447674;0.796206067977836;73.293689137525;2;2
72.1752739327792;-286.799680065916;209.121169006373;253.833624248607;-107.312203066569;2;2
74.2778338333206;73.0290125836083;73.6560699396431;0.883049974161391;73.6534232084644;2;2
74.1363235317284;72.6401854462804;73.3920670388534;1.05792938581174;73.3882544890044;2;2
73.4484903088213;72.6779416843365;73.064231796813;0.544860157607131;73.0632159965789;2;2
75.7712583656682;72.9537613528284;74.3758525660119;1.99227124375182;74.3625098592483;2;2
76.2390393258273;-287.166472154465;210.091615547796;256.96650148828;-105.463716414319;2;2
73.8227823133609;72.7114841390383;73.2692401836797;0.78580647498374;73.2671332261996;2;2
75.0925825850529;72.2199204668762;73.6702547556845;2.03127886382045;73.6562515259646;2;2
73.6335609882921;-286.625604310066;209.255989579662;254.741698767075;-106.496021660887;2;2
74.780045944294;72.2873863914759;73.5442774889429;1.76257647298715;73.533716167885;2;2
74.2042862389213;73.1395122513714;73.6738228565488;0.752908907027614;73.6718992451464;2;2
73.3404349904676;-285.993661508223;208.771638192872;254.087576345765;-106.326613258878;2;2
75.155525419004;74.8114524004292;74.9836862633074;0.243296364657559;74.9834889097166;2;2
74.021639359285;-286.521208343758;209.252964046155;254.94229251913;-106.249784492237;2;2
73.4925359924418;73.1892726746493;73.3410610819223;0.214439548496268;73.3409043335456;2;2
74.4861460621798;73.6431145281522;74.0658297482818;0.596113314464995;74.064630295166;2;2
74.1793427088622;74.0520879134521;74.1157426228074;0.0899827287730056;74.1157153111571;2;2
74.7908488161339;73.8058827893899;74.2999979843841;0.696476156749026;74.2983658027619;2;2
75.0578918950167;73.7071840114898;74.3856038176327;0.955094703843996;74.3825379532533;2;2
75.0083243590896;73.0949218465467;74.057802839779;1.35297989175845;74.0516231028181;2;2
73.3968229993654;72.8696822048101;73.1337275510766;0.372744830470093;73.1332526020878;2;2
76.1983260530451;73.9651387145256;75.0900347527726;1.57910191072709;75.0817323837854;2;2
74.0495575068518;72.2334891777985;73.1471596364469;1.28415423057172;73.1415233423251;2;2
74.1819716283335;-285.749843978118;208.753369132315;254.510227580108;-105.783936174892;2;2
75.2261772221123;-286.160558144998;209.22098696989;255.539011208952;-105.467190461443;2;2
73.5927072249152;73.4256131685251;73.5092076745015;0.118153340369416;73.5091601967202;2;2
75.0088153320045;73.0115537287252;74.0169215632253;1.41227722348233;74.0101845303649;2;2
74.1741717955887;73.8277288900152;74.0011530809456;0.24497212782499;74.000950342802;2;2
73.2598207397171;73.1408713102438;73.2003701863492;0.0841099481988642;73.2003460249805;2;2
74.2150149767487;73.8088206574511;74.0121964774821;0.287222757654775;74.0119178170999;2;2
74.3226282257678;73.7809661853658;74.0522924615835;0.383012901879618;74.0517972055668;2;2
75.5922574290552;-285.228204600842;208.649608294672;255.138595492203;-104.817973585893;2;2
74.1135154071505;-286.127918207261;208.999998497161;254.729160573114;-106.007201400055;2;2
74.884834649373;72.5334831456566;73.7185344323434;1.66265659323108;73.7091588975148;2;2
73.8006753230458;-285.455670343147;208.484387196252;254.032598204863;-105.827497510051;2;2
73.8606605262116;-287.456597835774;209.865067141588;255.489883547492;-106.797968654781;2;2
75.5561500785379;73.6964908605816;74.6321129938525;1.31497764371298;74.6263204695597;2;2
73.4596711392182;-288.376409305675;210.424899581676;255.856746160545;-107.458369083229;2;2
71.7879544316191;71.095989530846;71.4428097461403;0.489293073679746;71.4419719812326;2;2
74.2544439066586;73.6626783983624;73.9591530126855;0.418441403788541;73.9585611525105;2;2
73.5322173004112;-285.401841212789;208.400093508574;253.804706773493;-105.934811956189;2;2
74.7907185131379;72.9690896762947;73.8855182830119;1.28808610333678;73.8799040947164;2;2
73.9425692922192;72.4570144359341;73.2035603454634;1.05044591270375;73.1997918640766;2;2
72.843668897952;-287.386778546037;209.639405386468;254.721392177509;-107.271554824042;2;2
73.7758715147227;72.5681711001381;73.1745128940938;0.853973152794571;73.1720213074304;2;2
75.854536579619;75.2042082887937;75.5300723687361;0.459851544440037;75.5293724342063;2;2
74.3507834081813;73.587777945608;73.9702644864219;0.539526336667972;73.9692806768947;2;2
72.6236033232206;71.9278754386776;72.2765765126242;0.49195390502093;72.2757393809491;2;2
75.1167157601399;73.0697532195557;74.100303043093;1.44742109328192;74.0932344898478;2;2
74.9124944869692;73.180693192116;74.0516565862601;1.22456843925834;74.0465938395426;2;2
72.9069107622275;-286.138181336666;208.794727490358;253.883219374876;-106.615635287219;2;2
75.083738229512;74.6916988775791;74.8879750952609;0.277213684243739;74.8877185535456;2;2
73.6169289856745;72.826543540762;73.2228027235244;0.558886907848787;73.2217362632183;2;2
74.2514898984261;-288.117097682776;210.386246852405;256.233285567659;-106.932803892175;2;2
73.9551980314615;-286.42904213154;209.178114883303;254.83014005202;-106.236922050039;2;2
76.6659859658844;-287.453455762883;210.365351988088;257.471326408271;-105.393734898499;2;2
74.6539236564456;72.7459410094141;73.7061064317183;1.34914746810225;73.6999323329298;2;2
73.3915154642252;72.7656575502671;73.0792564988805;0.4425483750191;73.0785865072461;2;2
75.3852627414179;72.1910977722229;73.8054619799621;2.25861570994631;73.7881802568205;2;2
72.460832893724;-285.488841111504;208.271998481363;253.108641812611;-106.51400410889;2;2
74.3671953263931;73.8118755746004;74.0900557313672;0.392670362219445;74.0895354504968;2;2
73.624560459208;72.6593884503445;73.1435664730317;0.682479672478827;73.1419744547762;2;2
72.977712139177;72.7287820247995;72.8533534021578;0.176020171917803;72.8532470819883;2;2
73.7285284020246;-285.834867765803;208.731247697874;254.249715696736;-106.053169681889;2;2
73.4743232263252;-288.684717505121;210.638721861126;256.08511356922;-107.605197139398;2;2
73.6228475805259;71.8656216570003;72.7495404178352;1.24254636660172;72.7442346187631;2;2
73.8752975906141;-285.475320187732;208.511052501288;254.099258654644;-105.800011298559;2;2
75.1237359367373;74.6758385614527;74.9001220491288;0.316711271339405;74.899787249095;2;2
73.3192390893063;72.3620380823938;72.8422108947575;0.676843322946379;72.84063858585;2;2
74.2957021180712;73.4886116085067;73.8932587905118;0.570699172344356;73.8921568632889;2;2
74.4655796257667;73.9747654633905;74.2205782595536;0.347058022518634;74.2201725445786;2;2
72.7451220574576;-285.680376425112;208.452788728705;253.445100527194;-106.467627183827;2;2
73.6324865914992;73.3628268788089;73.4977804062728;0.190678211456106;73.4976567351541;2;2
74.2720542111472;72.5832405954232;73.4325025178792;1.19417155983861;73.4276474032852;2;2
74.7182941477818;73.8759439850827;74.2983128342815;0.595631512178139;74.2971190664322;2;2
74.9372899900932;-287.879941228258;210.345499111158;256.550524525824;-106.471325619082;2;2
75.4110976319431;72.6276424119636;74.0324526419816;1.96820006117659;74.0193700219533;2;2
73.5174717896242;-285.600925587309;208.533819025435;253.935054034075;-106.041726898842;2;2
73.9789924456647;72.0048744482863;72.9986070674954;1.3959122228087;72.9919334469755;2;2
72.6736495597173;-287.397382127357;209.617168421371;254.608668214767;-107.36186628382;2;2
74.6861473800436;73.7626781246847;74.2258489159923;0.652991372681567;74.2244127523641;2;2
76.8171854434776;74.7083717352863;75.770115437405;1.49115647332125;75.762778589382;2;2
74.2273376156035;73.7202368761506;73.9742217754825;0.358574371611885;73.9737872458771;2;2
73.6716265786898;72.0084617840176;72.8447909299293;1.17603510454341;72.8400441813537;2;2
73.8141989211999;-285.971495423704;208.839929320578;254.406904245192;-106.078648251252;2;2
73.6145192817244;-285.174568269897;208.259011614145;253.702196823485;-105.780024494086;2;2
75.0639208455458;73.5147701558898;74.2933834327784;1.09541495773551;74.2893455007178;2;2
74.3625807146632;73.2191064230148;73.7930584673435;0.808558425737069;73.790843568839;2;2
74.5469663370556;73.6963289795923;74.1228679124277;0.601491443792894;74.1216476583239;2;2
74.603619243501;-285.130685890716;208.404904021881;254.370566585835;-105.263533323607;2;2
75.2518629738794;72.9152904910546;74.0927880040777;1.65220624733929;74.083576732467;2;2
74.5483041367456;73.0947544917571;73.8251067858183;1.02781481076265;73.8215293142513;2;2
73.153254325126;73.0979481556335;73.1256064690073;0.0391073674896369;73.1256012403798;2;2
73.3645360525894;71.3123688218664;72.3457293044918;1.45110136497309;72.3384524372279;2;2
73.5388656214825;72.406646256836;72.9749517953148;0.800599990532236;72.9727559391592;2;2
73.3885276848207;-283.178632818717;206.852621545901;252.131057140483;-104.895052566948;2;2
73.0533518281089;72.8002007416981;72.9268861304012;0.179004849865845;72.9267762849035;2;2
74.618865840522;-284.468194853485;207.954477016637;253.912895653078;-104.924664506482;2;2
72.8955677106208;-285.880814835834;208.616399263162;253.693213028177;-106.492623562606;2;2
74.0384194100174;-283.890422058983;207.455367833133;253.093910984975;-104.926001324483;2;2
73.7627410379442;-284.620008851189;207.905617292897;253.414872706888;-105.428633906622;2;2
75.2666085377506;74.8741802013314;75.0706507950891;0.277488737811742;75.070394369541;2;2
73.3306088650492;-284.930906105622;208.04206239447;253.329146673927;-105.800148620286;2;2
74.8903693044524;74.5210005524809;74.7059132127441;0.261183149277465;74.7056849284666;2;2
73.353528868491;-287.772534502407;209.992585358864;255.354688272765;-107.209502816958;2;2
73.2715103904333;73.0364225953765;73.1540609276949;0.166232174058906;73.1539664929049;2;2
75.587803070899;73.7584317891678;74.6787193016938;1.29356083862008;74.6731174300334;2;2
74.2459215552808;-287.175318890899;209.74045943461;255.563409984347;-106.464698667809;2;2
73.7248102072892;-286.462743356386;209.160525639241;254.691061623868;-106.368966574548;2;2
72.9249537195571;72.4162385106713;72.671041257966;0.359715973895862;72.6705961151142;2;2
73.1687526617408;-285.761212550191;208.582282282353;253.801812372408;-106.296229944225;2;2
73.7376944638201;73.4511823074432;73.5945778138612;0.202594688666517;73.5944383856316;2;2
74.0405196912163;72.4930666255636;73.2708784747521;1.09421455629091;73.2667931583899;2;2
72.2610924202879;-287.439974777134;209.575051685133;254.347063815335;-107.589441178423;2;2
72.4705298802748;-285.710591053214;208.425669653602;253.272299505069;-106.62003058647;2;2
74.343302918379;73.4776792884667;73.9117583420684;0.612088338666226;73.9104911034229;2;2
73.389816055637;72.97147104251;73.180942487741;0.295814595657704;73.1806435490735;2;2
76.6696725690023;72.5219858753346;74.6246511788841;2.93285738732971;74.5958292221684;2;2
72.8835624682661;72.5990689692849;72.7414548014839;0.201167282333109;72.7413157187755;2;2
74.8918305596815;74.246420604227;74.5698238469149;0.456373756147172;74.5691255819543;2;2
73.9237873372665;-283.851427236317;207.408243662564;252.985280365453;-104.963819949525;2;2
74.5314415974961;72.5441018982418;73.5444848606048;1.40526137786395;73.537771747869;2;2
74.3471939519995;-285.68772235334;208.74024522355;254.583130783437;-105.67026420067;2;2
74.3364169546405;71.4404899243673;72.9028342600196;2.04772964092759;72.8884534395039;2;2
74.5103100065797;73.9386337723523;74.2250222680958;0.404236141865361;74.224471889466;2;2
76.145854478551;75.144880160276;75.6470229704081;0.707795728245843;75.6453673194135;2;2
74.470617699487;-287.19285704578;209.792290180861;255.734695499868;-106.361119673147;2;2
74.4021702217206;-285.286227365369;208.475315634809;254.338105047954;-105.442028571824;2;2
74.5005663044161;-287.580106320294;210.062671518371;256.029698949519;-106.539770007939;2;2
72.7927543092796;72.4589511166497;72.6260444911334;0.236034501090373;72.6258527129647;2;2
75.1022085662896;-284.903835928757;208.339311531039;254.562715330593;-104.900813681234;2;2
72.8380070326145;72.7889278824221;72.8134715926786;0.0347041999159377;72.8134674575183;2;2
73.2367674379197;73.1055275542372;73.1711769200799;0.0928006117140272;73.1711474960785;2;2
73.8273216652745;73.5313086571659;73.6794638182964;0.209312805352991;73.6793151612202;2;2
74.6860977377583;73.4469606385396;74.0691204967804;0.876202245677397;74.0665291881489;2;2
74.2749553273333;-284.825035950627;208.137058321138;253.922038956676;-105.275040311647;2;2
75.4885785595424;70.5038483333432;73.0387504094616;3.52473654533102;72.9962134464428;2;2
74.6060092077408;-288.035735588239;210.393252726606;256.426436886559;-106.714863190249;2;2
74.1757578453175;72.2092470928213;73.1991066121687;1.39053308836632;73.1925024690694;2;2
73.8586165261125;72.0223407729387;72.9462569484023;1.29844303719765;72.9404786495256;2;2
73.237916913944;72.7436350485609;72.9911943797743;0.349510058829947;72.9907759812524;2;2
74.3783325407693;74.2836630367795;74.3310128604039;0.0669414482427286;74.3309977887744;2;2
73.2880312329007;-287.168263171041;209.567109650664;254.881090094402;-106.94011596907;2;2
74.1183415798426;73.2937332611683;73.7071906054813;0.583086133957401;73.7060374205055;2;2
73.4303248605985;72.439873918238;72.9367806474321;0.700354577775653;72.9350993894182;2;2
-283.209340948917;-286.044193018784;284.630296314788;2.00454312226343;-284.626766983851;2;2
74.8649570312899;-285.779145783947;208.895287113304;255.013890695592;-105.457094376328;2;2
74.314037065852;-287.048883914572;209.665969892143;255.522171894637;-106.36742342436;2;2
73.8678452958342;73.6653303020632;73.7666572956962;0.143199725387418;73.7665877989487;2;2
72.4134472025205;71.8863464029009;72.1503781518506;0.372716549779853;72.1498968027107;2;2
75.3263695776082;-286.786753954787;209.66724135838;256.052645206399;-105.73019218859;2;2
74.5623597667818;73.7630989962394;74.163806090033;0.565162710786909;74.1627293815106;2;2
74.2869799264238;73.7375364685528;74.0127680574104;0.388515194939114;74.0122581974883;2;2
75.3494659465294;73.2519589029511;74.3081136268;1.48316145410079;74.3007124247403;2;2
-284.258564279133;-285.753270860556;285.006897437185;1.05691715960843;-285.005917569845;2;2
72.1276078690454;71.898334871451;72.0130626143552;0.162120491341982;72.0129713702482;2;2
73.5476329792073;-284.872590081098;208.040437050538;253.441370240337;-105.662478550945;2;2
74.9748545174738;72.4163338870834;73.7066965192509;1.80914728755474;73.6955942022786;2;2
75.209986951721;74.0979600485893;74.6560440307427;0.786321764066276;74.6539735001552;2;2
74.5907658006113;74.175436928699;74.3833912452405;0.293681861751722;74.3831013646551;2;2
75.7061376430423;71.9930122633643;73.872908063715;2.62557613536618;73.8495749532033;2;2
74.4761978810747;73.7109975211276;74.0945855187161;0.541078363485023;74.0935977011011;2;2
74.5308313106701;74.1805785151427;74.3559111459903;0.247666126846957;74.3557049129064;2;2
73.6113793384028;-287.001784651484;209.509736720324;254.992013642386;-106.695202656541;2;2
73.8454257297071;72.6537658907009;73.25201908242;0.842630753028938;73.249595810204;2;2
74.4965575547778;72.8540411613616;73.6798764964142;1.16143447999467;73.6752993580697;2;2
74.915865958725;74.3465218298134;74.6317368166404;0.402587094382087;74.6311938942692;2;2
73.0212566472274;-285.913444684904;208.660731540374;253.805161315119;-106.446094018839;2;2
73.160248703902;-286.620452208386;209.169435643161;254.403373355128;-106.730101752242;2;2
73.4457882090866;-287.53094252532;209.843187541498;255.249094152849;-107.042577158117;2;2
74.6200140439489;72.2961276457713;73.4672599478597;1.64323583085854;73.4580708448601;2;2
73.785432483061;72.7675215702874;73.278244527945;0.719771709065962;73.2764770266742;2;2
75.100139238478;72.6481683704452;73.8843260821243;1.73380522805787;73.8741538044616;2;2
75.8767931304886;73.1053381179187;74.5039535766465;1.95971463314161;74.4910656242036;2;2
75.7939146203918;-286.294755443297;209.415143301315;256.035353992853;-105.250420411453;2;2
72.7815853163325;-283.982132298876;207.295695355904;252.270044007037;-105.600273491272;2;2
73.8342610976657;-283.78204654213;207.344819143713;252.872916194994;-104.973892722232;2;2
73.0517585661258;-286.733864936864;209.228187311408;254.406854152394;-106.841053185369;2;2
73.837862618529;72.1819322528148;73.0145920341362;1.17091959076921;73.0098974356719;2;2
73.5597820375338;72.6992561312388;73.1307848154419;0.608483703727881;73.1295190843863;2;2
75.0570994494472;71.8928585044896;73.4920107280742;2.23745622948768;73.4749789769684;2;2
74.9671553193179;-287.811790572617;210.3041858467;256.523452711894;-106.422317626649;2;2
72.8306088375006;-285.463702972429;208.319254148977;253.352337541368;-106.316547067464;2;2
74.064852046574;-285.983430773857;208.892466338385;254.592582336899;-105.959289363642;2;2
74.854348495873;72.6940308901034;73.782096797912;1.52757522855634;73.7741896929882;2;2
75.3749065234913;73.1947869808991;74.2928441190814;1.54157731236428;74.2848467521952;2;2
73.8657385046371;73.0019887115345;73.4351335556572;0.610763335951315;73.4338636080858;2;2
74.2767161873134;73.3100725840059;73.794977165939;0.683520246889365;73.7933943856597;2;2
75.2105199381766;74.741189715118;74.9762220620716;0.331866583340545;74.9758548266474;2;2
73.8503922356746;-286.571590644226;209.257206563746;254.856828183079;-106.360599204276;2;2
74.656825317371;73.962798444316;74.3106221215479;0.490751108262872;74.3098118808435;2;2
74.2668508027944;73.8378831539431;74.0526775910901;0.303325933412393;74.0523669783687;2;2
74.8679752717783;74.4796692162066;74.674074643919;0.274573845070502;74.6738222439924;2;2
73.4028906771954;-285.835425180451;208.674237326817;254.019849204977;-106.216267251628;2;2
74.740939807399;-285.473184678455;208.663781301107;254.709850103123;-105.366122435528;2;2
73.7758316302099;-286.736799141826;209.3571891706;254.920925922309;-106.480483755808;2;2
72.1900779251846;70.9073137538915;71.5515705440385;0.90705124418452;71.548695839538;2;2
74.9571121764512;73.1728409388013;74.07034938789;1.26167029161836;74.0649765576263;2;2
71.6313378345615;-286.132808938339;208.570171538157;252.977454248537;-107.250735551889;2;2
74.6456499906595;73.4293598183769;74.0400025184518;0.860047028711569;74.0375049045182;2;2
73.989750810721;73.794632459932;73.8922560385357;0.137969508976869;73.8921916353265;2;2
74.7755099168458;74.5573173332864;74.6664933261924;0.154285455439414;74.6664136250661;2;2
74.8559366535873;74.0167917620931;74.4375466919717;0.593365043173629;74.4363642078402;2;2
74.5620408221769;74.3658112544535;74.4639906770413;0.138755258006546;74.4639260383152;2;2
73.4797597423282;-286.418403552475;209.087035687699;254.486431802339;-106.469321905073;2;2
73.5997902542119;73.3978371489394;73.4988830650038;0.142802410219892;73.4988137015756;2;2
75.2394281605452;74.2261812034853;74.7345218957694;0.716473794353644;74.7328046820153;2;2
-285.394300206427;-286.414106012335;285.904657808474;0.721111600851155;-285.904203109381;2;2
73.8837515330371;-286.474804634735;209.196824104843;254.811978724825;-106.295526550849;2;2
76.2636279664244;-288.225104256694;210.819652397948;257.732454221055;-105.980738145135;2;2
72.8543267947574;-285.844886562964;208.584577698006;253.638646171525;-106.495279884103;2;2
72.9221672301;-285.806970723312;208.570452110996;253.659806056062;-106.442401746606;2;2
73.325251849828;73.2487106854028;73.2869912600952;0.0541227764049793;73.2869812676154;2;2
74.5064922465581;73.5245160810234;74.0171326512825;0.694362005613123;74.0155041637908;2;2
72.7483386606783;-288.797832249206;210.590252255095;255.651749162409;-108.024746794264;2;2
72.9803361559402;72.6207824482335;72.8007812761226;0.25424286492014;72.8005593020868;2;2
75.3035832504637;75.1118122868863;75.2077588928827;0.135602548780276;75.207697768675;2;2
73.1525140178746;73.1525140178746;73.1525140178746;0;73.1525140178746;1;1
72.2231460426679;72.2080558472224;72.2156013391017;0.0106703795288897;72.2156009449452;2;2
72.7748165215373;-287.054488952728;209.399681885689;254.437741970499;-107.139836215595;2;2
73.0350373631736;72.8296439448789;72.9324129580874;0.145235078887291;72.9323406540262;2;2
73.3481327827145;-287.843302607526;210.040133592033;255.400913270942;-107.247584912406;2;2
74.6865451386324;-284.179257921962;207.769019174926;253.756442880102;-104.746356391665;2;2
74.1905571234984;-285.715347717906;208.7312850148;254.491905902437;-105.762395297204;2;2
73.8901301897577;71.8095402601684;72.8572625475185;1.47119924808108;72.849835224963;2;2
73.2891124268465;72.9873349565262;73.1383793379751;0.213388895672768;73.1382236916864;2;2
76.0165869596972;73.7686488943108;74.9010515703662;1.58953224972207;74.892617927004;2;2
73.465704891101;-284.740629546575;207.935610117322;253.290128144857;-105.637462327737;2;2
75.6794978706373;-288.071946734819;210.609630470143;257.211113146921;-106.196224432091;2;2
74.3659020304201;73.9921773872647;74.1792750682645;0.264263229471675;74.1790397088424;2;2
74.8037178755453;72.6427747446821;73.7311634609505;1.52801754159183;73.7232463101137;2;2
71.728486997378;-287.380436069383;209.442702048033;253.928354685105;-107.825974536003;2;2
73.6831160136613;-284.8628836057;208.05776126071;253.53030769816;-105.58988379602;2;2
73.7089766000125;-286.917423194265;209.469115818846;255.001372769425;-106.604223297126;2;2
73.5481568634345;-287.989664218216;210.175376857673;255.645844942244;-107.220753677391;2;2
75.0089318280246;73.9789037047517;74.4956980212219;0.72833987077912;74.4939177663881;2;2
72.9722418834725;-287.316334032587;209.61348225654;254.76249521429;-107.172046074557;2;2
72.8486753410043;-286.762136431217;209.212155944074;254.283243592137;-106.956730545106;2;2
75.2435686787413;74.7917501578949;75.0179995707477;0.319483939956176;75.0176594183181;2;2
72.8789616890615;-285.340670358482;208.243416723679;253.299530974968;-106.23085433471;2;2
74.3673101349953;-286.430872258488;209.25240906555;255.122841410213;-106.031781061746;2;2
74.6561824368435;73.4066490246735;74.0340519527158;0.883553549064589;74.0314157307585;2;2
74.0386620883156;-286.722075582558;209.393495732554;255.096363992936;-106.341706747121;2;2
74.1115821201053;72.6774819593198;73.398034674957;1.01406194859211;73.3945320397126;2;2
76.6858843598882;74.7141718191284;75.7064473168448;1.39421130812179;75.7000280895083;2;2
73.4501125220243;-288.402016639596;210.44077816726;255.868094316972;-107.475952058786;2;2
72.6551864488251;72.4079488560897;72.5316729969041;0.174823378387391;72.5315676524574;2;2
74.1139324831911;-286.961759274619;209.570902410267;255.319070163571;-106.423913395714;2;2
74.7884147857584;73.7003094124048;74.2463554447316;0.76940668814384;74.2443620990816;2;2
73.5847174063219;73.3208373019304;73.4528958531398;0.186591411235477;73.4527773541262;2;2
75.4457895634959;74.8340422359028;75.140538460355;0.432570683713764;75.1399158996993;2;2
74.2331112077006;73.3064541129087;73.771237668155;0.655245515562033;73.7697826603047;2;2
73.7681075252899;72.8291042616564;73.3001095340858;0.663975575271534;73.2986058934732;2;2
73.429299152068;72.407477506736;72.9201781842734;0.72253701457742;72.918388329402;2;2
73.4401541310388;72.320916729784;72.8826839359909;0.791420356184853;72.8805354304114;2;2
72.1948196572977;-285.663846652953;208.345776618956;253.044289654352;-106.734513497828;2;2
75.6897585783343;73.4594416914984;74.5829374832917;1.57707219487654;74.5746001349164;2;2
72.9401305788978;72.0713471352611;72.5070400952831;0.614322664378102;72.5057388570795;2;2
74.5761382693841;72.9782848958506;73.7815372078755;1.12985295576732;73.7772115826174;2;2
74.6645104407427;-286.305672055578;209.219653678319;255.244463849294;-105.820580807417;2;2
75.0714696208439;-287.219752577897;209.917736056225;256.178579981092;-106.074141478526;2;2
74.0033102806028;-286.613035682617;209.312591780443;254.994263637307;-106.304862701007;2;2
72.9946567688905;72.9762140621582;72.9854359980608;0.0130409629938351;72.9854354155244;2;2
72.868559795359;-290.338566595413;211.667558047199;256.826222046195;-108.735003400027;2;2
72.6853166631608;-287.347910968478;209.585277627476;254.581936710812;-107.331297152659;2;2
73.6085845151058;73.1849530064137;73.3970743996941;0.299552712520449;73.3967687607598;2;2
75.2567270287345;75.1473388844871;75.2020528459742;0.0773490985787418;75.2020329566108;2;2
73.8996350667717;73.8154479005336;73.8575534788366;0.0595293161359067;73.8575414836527;2;2
75.0563250405121;74.3497646074569;74.7038801728908;0.499613673531427;74.7030448239845;2;2
74.1883946052611;73.3358673346071;73.7633626261202;0.602827814225908;73.7621309699341;2;2
74.8844896124627;73.9024795122483;74.3951048879471;0.69438600105527;74.3934845623555;2;2
73.2506215496677;72.3150751475687;72.7843515153194;0.661531205038935;72.7828483486182;2;2
75.3720587269316;74.5841177787097;74.9791232996374;0.557158387662255;74.9780882528207;2;2
73.5452591695533;-286.664551997625;209.267138507598;254.706800126238;-106.559646414036;2;2
73.5649297126377;-286.310823226073;209.028331070237;254.470585287577;-106.372946756718;2;2
73.8807379028848;73.1188691229021;73.5007906586278;0.538722580700093;73.4998035128935;2;2
73.2615333046403;72.8662484549277;73.0641581968963;0.279508597732041;73.063890879784;2;2
75.129517230202;-285.932433624031;209.047603379475;255.309353877472;-105.401458196915;2;2
72.9428078454644;72.5945487356396;72.7688866292164;0.246256378167123;72.768678290552;2;2
74.6116403910447;74.0607762192103;74.3367185717615;0.38951979141684;74.3362083051275;2;2
74.8048451771102;74.7447537992664;74.7748055246029;0.0424910207641367;74.7747994881883;2;2
76.2716995416139;71.7555001528969;74.0480383033832;3.19343521295234;74.0135998472554;2;2
74.290152397152;72.2536503168324;73.2789762732094;1.4400244308945;73.2719013569922;2;2
73.844678569753;-286.400097907493;209.138772869226;254.731524334093;-106.27770966887;2;2
74.0026393686758;73.8289912192793;73.9158662872414;0.122787783978829;73.9158152939775;2;2
74.9511961431596;73.1438413874161;74.0530328082445;1.27799280379604;74.0475187652879;2;2
71.3144985572547;-285.838988484808;208.314287847103;252.545652611865;-107.262244963777;2;2
74.9182174121873;72.8792335475091;73.9057574979519;1.44177931744394;73.8987254798482;2;2
73.3038507228401;71.2598869661567;72.289093303298;1.44530063285039;72.2818688444984;2;2
-285.859919493209;-286.44440552275;286.152311739697;0.413294034997431;-286.15216250798;2;2
72.4653211801451;-287.647725334615;209.752755242833;254.638377184333;-107.591202077235;2;2
74.0812258045793;73.088735340029;73.5866538521554;0.701796737746474;73.5849805723041;2;2
74.1404633636376;72.7395204929162;73.4433324043587;0.990616203942067;73.4399919282769;2;2
74.1973615479512;73.8909703971473;74.0443244513362;0.216651260429011;74.0441659725492;2;2
76.0335119139858;75.1976306893876;75.6167263086407;0.59105728217991;75.6155713016867;2;2
76.2142860826036;74.5298764965227;75.3767865249902;1.19105744061337;75.3720812895632;2;2
74.6719519347558;-286.062404329048;209.054537831952;255.0777095211;-105.695226197146;2;2
74.8997602893808;73.4892415087453;74.1978527618468;0.997387394778302;74.194500899063;2;2
76.393036553862;-286.325451529864;209.544935786695;256.480702585734;-104.966207488001;2;2
75.1712389993962;72.0913320581879;73.6473873624457;2.17782308355186;73.631285528792;2;2
74.5135906320089;-285.010877405875;208.306835495791;254.222189352074;-105.248643386933;2;2
74.3638190363292;73.2576769803421;73.8128200864324;0.782160548744133;73.8107480083357;2;2
75.2354323692832;75.0744994523108;75.1550089874521;0.113796756907315;75.154965910797;2;2
74.1229587745982;73.2064660418459;73.6661377019208;0.648058226237314;73.6647124082221;2;2
73.339748986408;-284.219266113018;207.55638994164;252.832404251188;-105.439758563305;2;2
74.6412953568006;73.6197043929262;74.1322596696033;0.722373898154501;74.1304998748634;2;2
73.4597841872678;72.4296928204151;72.9465567895416;0.728384590743325;72.9447385038415;2;2
73.5200942941228;73.4664811320041;73.493292601896;0.037910230494942;73.4932877130634;2;2
75.902357435981;73.4605231798887;74.6914196216754;1.7266375610165;74.6814403079348;2;2
73.3997486446353;-284.938730108278;208.059610468748;253.383568286257;-105.769490731821;2;2
73.9726741081621;73.1722655953441;73.5735583177405;0.565974287133044;73.5724698517531;2;2
73.1867497744851;72.8064420939258;72.9968436061768;0.268918139860767;72.9965959342055;2;2
75.2717517513997;73.7733443594411;74.5263139760079;1.05953402783396;74.5225480554204;2;2
73.6020674255403;73.5678483048407;73.5849598542998;0.0241965722929004;73.5849578651905;2;2
75.5102065704959;73.1550503522578;74.3419554772416;1.66534693266983;74.3326284613769;2;2
75.006061700905;-285.488626204593;208.72190228156;254.908238399706;-105.241282251844;2;2
73.1318766265159;-285.891528685701;208.665087584343;253.867884500955;-106.379826029593;2;2
75.1186157259111;72.7927196233233;73.9648107505753;1.64465690647525;73.9556676746172;2;2
74.3135120387364;73.0387670081781;73.6788964276961;0.901380855391612;73.6761395234572;2;2
73.3381677710156;72.7847391695014;73.0619774848107;0.391333117033288;73.0614534702585;2;2
74.5268098865935;72.5128190161838;73.5267104987918;1.42410660171449;73.5198144513887;2;2
74.2422527945837;73.8966497428475;74.0696528385004;0.244378261481446;74.0694512687156;2;2
74.0784464987077;71.4167537410308;72.7597723696581;1.88210099838845;72.7476001198692;2;2
73.5472725468697;72.8639757229884;73.2064213619399;0.483163817729662;73.2056241349291;2;2
73.4325272373881;-287.144807147264;209.576330161721;254.966678285557;-106.856139954938;2;2
74.1855815903055;73.7887881177155;73.9874508540908;0.280575355198961;73.9871848540105;2;2
74.1521116784456;71.5398350980516;72.8576820665779;1.84715848433142;72.8459733882486;2;2
74.85183850196;74.0534985452049;74.4537385693565;0.564511597113656;74.4526685235824;2;2
73.9621221653259;-286.06240540565;208.92833137426;254.57578483892;-106.050141620162;2;2
73.7403939490997;72.6970024126915;73.2205567431691;0.737789230826885;73.2186981808956;2;2
73.7456420132105;71.8540440623577;72.8059865809668;1.33756173832659;72.7998430377841;2;2
76.4729201242887;73.6338083784382;75.0667877581304;2.00755516803726;75.0533642513635;2;2
74.3320152752861;72.5017863810967;73.4226038878203;1.29416726220493;73.4169008281914;2;2
74.551895187953;72.2338681875784;73.4020326334904;1.63909261093835;73.3928816877657;2;2
71.7512340582151;-285.400126212777;208.088288511326;252.544148757618;-106.824446077281;2;2
73.0302907045486;-286.705909583557;209.205284290964;254.371906662002;-106.837809439504;2;2
75.7955433833783;73.8086842830405;74.8087102962454;1.40492154311112;74.8021138332094;2;2
72.7152375195424;-289.232773578465;210.882790999426;255.935893084385;-108.258768029461;2;2
75.4084079633232;73.0197098658731;74.2236688006571;1.6890646229144;74.2140589145981;2;2
73.3336759063131;-286.112996587199;208.852190362034;254.167179595102;-106.389660340443;2;2
74.9124199945611;73.9242352650636;74.4199678479035;0.698752123292659;74.4183276298124;2;2
74.8689198582214;-284.2098417807;207.822748184297;253.90702733495;-104.67046096124;2;2
-286.617928419772;-288.373847979982;287.497228760925;1.24162262824229;-287.495888199877;2;2
73.8213761890982;73.3071222714022;73.5646985930299;0.363632432454597;73.5642492302502;2;2
73.5578837713628;73.4055301376605;73.4817464398891;0.107730287529281;73.4817069545117;2;2
74.9023510323207;73.1316316961762;74.0222863221414;1.25208765016592;74.0169913642484;2;2
73.9944422393475;-286.067526757468;208.937559270045;254.602259925029;-106.03654225906;2;2
75.5040830691703;73.9316257195367;74.7219908783546;1.11189525505254;74.7178543943535;2;2
75.5094898256749;-284.231424605461;207.953343068804;254.375240064506;-104.360967389893;2;2
72.4149309311841;-288.798862513197;210.533495210007;255.416722802639;-108.191965791006;2;2
74.9343993140993;72.6750215558037;73.8133556976697;1.59762133415285;73.8047104349515;2;2
75.0425300484572;73.5998770147406;74.3247038764991;1.02010974304035;74.3212035315989;2;2
74.1943076545233;73.4224371917518;73.8093814210321;0.545794838423298;73.8083724231375;2;2
74.1282418444032;73.5069244819002;73.8182368582795;0.439337720294826;73.8175831631517;2;2
74.633370529039;-286.326276630817;209.228196816051;255.237014241438;-105.846453050889;2;2
73.0405772495149;72.1890288129629;72.6160512762197;0.602135673994687;72.6148030312389;2;2
76.8940410516687;74.5879966363451;75.7497946910721;1.63061964379269;75.7410188440069;2;2
75.0646132038169;72.6456458817288;73.86503239359;1.71046819691715;73.8551295427729;2;2
74.7236256106009;72.3679003407555;73.5551943241358;1.66574931292024;73.5457629756782;2;2
74.2132200002831;73.3222037954187;73.76905717246;0.630043600606679;73.7677118978509;2;2
74.444686015828;74.1572135780104;74.3010888266446;0.203273710185072;74.3009497969192;2;2
74.135863812471;-286.200608930502;209.05371899994;254.796363385398;-106.032372559016;2;2
72.1842795771027;-287.521249174535;209.617555258321;254.350218610576;-107.668484798716;2;2
73.9661048857;-287.32420549789;209.792973830103;255.470828449229;-106.679050306095;2;2
76.2762346219424;73.6747746568676;74.9867867988816;1.8395099822897;74.975504639405;2;2
73.2545050381276;73.1730783052436;73.2138029918074;0.0575773949920699;73.2137916716856;2;2
74.3938200094442;73.1752715483172;73.7870612701425;0.861643880067374;73.7845457788807;2;2
75.9743023452302;72.2999145337661;74.1598687243793;2.59818453819548;74.1371084394981;2;2
75.6154259019102;-287.101519959066;209.934484300619;256.47961206957;-105.743047028578;2;2
74.1305692994248;73.1449316053277;73.6393995229622;0.696951097289137;73.6377504523763;2;2
73.8045118161415;-285.395160747706;208.44364195464;253.992524269884;-105.795324465782;2;2
75.7014130212833;73.4318164438716;74.5752492441875;1.60484713044566;74.5666147325774;2;2
75.181198178674;72.7331601624524;73.9673074634937;1.73102428187274;73.9571791705632;2;2
74.8763460016232;72.1884368773031;73.5446721705358;1.90063876901992;73.5323914394631;2;2
74.2285498127582;73.3386833445697;73.7849580945202;0.629230614006612;73.783616578664;2;2
72.4919047049237;72.3953869802211;72.443661916567;0.06824833764187;72.4436458425724;2;2
74.0347284903152;-286.169789188735;209.014699563164;254.703057064886;-106.06753034921;2;2
73.3701044248152;71.5846361404638;72.4828681643838;1.2625167314584;72.4773702826395;2;2
74.5578766845145;74.3547997430679;74.4564074493761;0.143597082399552;74.4563382137912;2;2
74.1331897422545;73.7413869150289;73.9375478546358;0.277046436019346;73.9372883286417;2;2
74.9759806920821;74.7393014024126;74.857734586548;0.167357530691756;74.8576410472473;2;2
74.1861023503875;73.3799717085152;73.7841379629953;0.570020443390188;73.7830370294513;2;2
73.3624484665764;-284.620634906087;207.835216769627;253.13226580288;-105.629093219755;2;2
73.9777569083303;72.7202039620188;73.3516754459829;0.889224216037948;73.3489804351745;2;2
73.8538237582582;73.6941413336199;73.7740257496343;0.112912525298035;73.773982545939;2;2
74.1786823420556;-285.354944770316;208.482518954076;254.228665795753;-105.58813121413;2;2
72.8040548456962;72.1981582483222;72.5017394840459;0.42843359270103;72.5011065470092;2;2
74.262010822624;72.7771168708637;73.5233126003408;1.04997858263259;73.5195638467438;2;2
74.6295085991496;73.4015386703744;74.0180702022452;0.868305863730143;74.015523634762;2;2
73.4062734730277;-285.510581754648;208.45236059958;253.79254221364;-106.05215414081;2;2
74.1547162457612;72.7625342670926;73.4619232475545;0.984421317762224;73.4586252564269;2;2
73.4529975630835;-285.946209628857;208.758925141073;254.13361655849;-106.246606032887;2;2
75.226114697233;74.4656067149531;74.8468266390343;0.537760351416599;74.845860706093;2;2
73.3153176416688;73.0619917733234;73.1887643111427;0.179128439357023;73.1886547074961;2;2
73.0771027333096;-288.065242279904;210.145005595749;255.366201132455;-107.494069773297;2;2
73.6233778290993;-283.755367289026;207.289061733001;252.704934124965;-105.065994729963;2;2
73.0944271272474;71.3199040258655;72.2126165822814;1.25477731835933;72.2071655765565;2;2
75.4814135730555;72.8727960137753;74.18857120154;1.84457116568932;74.1771047934154;2;2
76.6077765903546;75.3708627841388;75.9918363738605;0.874630140118493;75.9893196872467;2;2
76.6404392861768;-284.784602039959;208.537798124268;255.566097612339;-104.072081376891;2;2
75.5130703106592;74.3572814841237;74.9374042032808;0.817266116862843;74.9351758973914;2;2
73.334921847824;-286.791852890402;209.317435545557;254.64808450424;-106.728465521289;2;2
74.200738348992;73.1332002857753;73.6689030581252;0.754863403675293;73.6669693173836;2;2
73.612419661995;73.3738955550915;73.4932543755654;0.168662013467908;73.4931576085432;2;2
74.6294648221216;-285.695984906732;208.796255727281;254.788568937365;-105.533260042305;2;2
72.8260989258706;72.2019511129547;72.5146965424189;0.441339150975571;72.5140250194127;2;2
73.2384265425935;72.30712117979;72.7742636367545;0.658532337393792;72.7727738611918;2;2
76.6022808334163;72.0713584818456;74.3713323206606;3.20384591982536;74.3368196576309;2;2
76.3922619597612;74.8863257546537;75.6430415582322;1.06485770266587;75.6392938572075;2;2
72.9739252250914;72.4777634622396;72.7262674665955;0.350839347077968;72.7258443436655;2;2
75.6558315426201;71.4917104002768;73.6032251411661;2.94447829743324;73.5737709714485;2;2
73.9458778463412;73.4491534247668;73.6979341273585;0.351237206876173;73.697515635554;2;2
76.0632932327588;75.2568947754488;75.6611683383743;0.570209817502269;75.6600940041038;2;2
73.5798230993844;-288.5240069787;210.547017279255;256.046073741835;-107.472091939658;2;2
74.6929789730482;73.0389633416588;73.8706006266783;1.16956566914403;73.8659711573535;2;2
74.3241486415083;73.1771553437783;73.7528817589268;0.811046738800408;73.7506519926433;2;2
74.2941775557132;-285.500478965244;208.602670534276;254.413241460653;-105.603150704765;2;2
74.3464142796655;73.5263569968649;73.9375225764093;0.579868065629702;73.9363856382652;2;2
73.8972112803809;-286.677748740365;209.338158797985;254.964999356738;-106.390268729992;2;2
75.5614481640812;72.1156435954059;73.8586437048256;2.43655177715395;73.8385458797435;2;2
75.7593001917895;71.7085760202394;73.7617497094535;2.86429453041935;73.7339381060144;2;2
73.6770539392195;72.9339810142359;73.3064590051504;0.525431904171991;73.3055174767277;2;2
73.7038739677601;73.6344124244793;73.6691513829017;0.049116728285533;73.6691431961197;2;2
75.0908593936815;73.6861812796818;74.3918358291546;0.993257419793554;74.3885203366817;2;2
74.424992289208;-285.865192535602;208.875546415402;254.763632884578;-105.720100123197;2;2
72.9822284877221;-286.71106393167;209.200430037637;254.341566217068;-106.864417721974;2;2
-285.253049109112;-287.033707015314;286.144763178534;1.2591152804492;-286.143378062213;2;2
74.0842449246099;-284.62072990207;207.96326026012;253.642720145296;-105.26824248873;2;2
75.3736794970194;72.9930719382407;74.1929245679822;1.68334374815638;74.18337571763;2;2
75.0215139130311;73.971795559376;74.4985036362518;0.742262966205476;74.4966547362036;2;2
74.3677520079598;72.4632624567723;73.42168257605;1.34667747634361;73.4155072323661;2;2
74.6917569193634;-285.551685486571;208.708676911051;254.730581003222;-105.429964283604;2;2
74.1822347329979;73.1412064348694;73.6635596096529;0.7361181690138;73.6617205839337;2;2
73.965359197794;73.2748328004088;73.6209056015564;0.488275898179361;73.6200959991014;2;2
-286.035824119292;-287.384865238214;286.711138123015;0.953916123289356;-286.710344678753;2;2
74.7517153942136;74.4364152641692;74.5942319209648;0.22295086006341;74.5940653291914;2;2
74.8084175005057;74.6652285006545;74.7368572927204;0.101249912786117;74.7368230005801;2;2
75.3876118537942;73.2470659410019;74.3250452067935;1.51359453037657;74.317338897398;2;2
73.6541847249209;-284.712945124274;207.949994047644;253.403827670726;-105.529380199677;2;2
74.0092697967105;73.8592506130544;73.9342982551544;0.106079582071297;73.9342602048824;2;2
74.8762192511315;73.2867235968853;74.0857343383656;1.12394315578406;74.0814714240084;2;2
73.9602829562676;72.8997766961068;73.431944333898;0.749891168050441;73.4300298261872;2;2
73.3759655436117;-283.460852150477;207.043578771876;252.321733568518;-105.042443303433;2;2
75.2865638658106;73.3182445641878;74.308921687422;1.39181192571784;74.3024042149992;2;2
74.3000345819159;-285.588886983634;208.664212920454;254.479896912914;-105.644426200859;2;2
74.1683878466564;-286.777926477714;209.454683488612;255.227586503053;-106.304769315529;2;2
75.4843745537242;-286.126900308559;209.244466930372;255.697784608633;-105.321262877417;2;2
-283.791454635206;-285.649468853909;284.721977357287;1.31381445358626;-284.720461744558;2;2
72.663483286522;-284.090435815181;207.349171116007;252.263115411691;-105.713476264329;2;2
75.0105966790325;72.2469226652723;73.6417254304457;1.95421263611895;73.6287596721524;2;2
75.2138211313787;-285.600185157482;208.835562885217;255.134030593939;-105.193182013052;2;2
73.3873891386019;-286.256856446493;208.960159775983;254.30688486794;-106.434733653945;2;2
74.6046186833127;73.3889917288186;73.9993014691865;0.859578062915907;73.9968052060656;2;2
76.252958902537;-287.108384044614;210.054442859585;256.935269618981;-105.427712571038;2;2
73.3188501240633;72.8479423759052;73.0837755316392;0.332982062035868;73.0833962499842;2;2
-284.692460031785;-286.994670024583;285.845882794793;1.6279082976229;-285.843565028184;2;2
75.6536559399375;-286.172743487687;209.306372062998;255.849900647586;-105.259543773875;2;2
74.6213246230278;-286.505783481385;209.34887873688;255.355427010918;-105.942229429179;2;2
72.8940204529382;-286.699357693989;209.177030192059;254.27091615747;-106.902668620525;2;2
72.9485071135689;-285.501586220438;208.365832641156;253.462491713427;-106.276539553435;2;2
75.8470984776649;74.2059604052652;75.0310166102938;1.16045985985724;75.026529441465;2;2
73.9497937970398;73.3600745996216;73.6555243952779;0.416994443490271;73.6549341983307;2;2
75.4928039802065;73.9284274612762;74.7147101971595;1.10618124486463;74.7106157207414;2;2
74.4960350242464;-284.986244417531;208.286843969491;254.192357509678;-105.245104696642;2;2
75.511416657383;73.6069650226933;74.5652712241326;1.34665066533092;74.5591908400382;2;2
74.6968098480297;-288.055483008978;210.422877431386;256.504606170159;-106.679336580474;2;2
-285.208350797532;-289.383263639138;287.303390720582;2.95210918116215;-287.295807218335;2;2
74.8897444427549;73.9896295731971;74.4410475043173;0.636477328111183;74.439687007976;2;2
73.1212323435966;-285.452933477273;208.362774806618;253.550224210247;-106.165850566838;2;2
75.7152538355987;73.4187752564498;74.5758547505365;1.62385557616583;74.5670145460242;2;2
72.9468866132056;72.5002391513194;72.7239057791809;0.315827449099503;72.7235628822625;2;2
74.917185462317;73.8961994632122;74.4084436495686;0.721946123463523;74.4066924627646;2;2
75.5792594997738;73.4943091764769;74.54407403631;1.47428251204029;74.5367843381254;2;2
73.7038480481794;-287.885688282087;210.131419277032;255.682413145231;-107.090920116954;2;2
73.1106253920568;72.3891810774839;72.7507975292587;0.510138167082973;72.7499032347703;2;2
72.7436265956187;72.5410602568222;72.6424140343185;0.143236031803087;72.6423434262204;2;2
75.0654964803981;74.0375008529557;74.5532705332237;0.726902679194687;74.5514986666769;2;2
74.8782147236831;-286.228579818575;209.205099059708;255.341063153368;-105.675182547446;2;2
73.6088747483258;73.0958583749735;73.3528150560321;0.362757356457111;73.3523665616496;2;2
73.6911582077731;72.2212387204457;72.9599003573835;1.03939003728749;72.9561984641094;2;2
73.2248559906658;-283.822543565301;207.2644636337;252.470637431047;-105.298843787317;2;2
73.9674413043756;72.1666067142562;73.0725717960111;1.2733823504687;73.0670240093159;2;2
74.7711560424133;72.3163453460517;73.5539923461953;1.73581328992651;73.5437506942325;2;2
74.2767774877072;73.7685382135921;74.0230940454686;0.359379437192165;74.0226578506496;2;2
74.0087542534988;72.1803941417449;73.1002907128706;1.29284583347216;73.0945741976218;2;2
74.7377591686271;73.5404665955861;74.1415297678845;0.846613697461589;74.1391128821066;2;2
73.8263149828328;71.7096270318482;72.7756669258043;1.49672440379708;72.7679710073405;2;2
73.8984114822341;73.5909816481108;73.7448567682186;0.217385720447659;73.7446965651724;2;2
72.5175603599593;-285.783652992726;208.483923694883;253.357217669052;-106.633046316383;2;2
72.9990933493472;72.8208336755924;72.910017991477;0.126048624124107;72.9099635124698;2;2
75.7939862056092;74.4019943224381;75.1012153832819;0.984286899946938;75.0979902640236;2;2
72.0464902918706;71.7701126877667;71.9084342709231;0.195428478029948;71.9083014898187;2;2
73.4933651693075;73.1100073879431;73.3019368917844;0.271074886823394;73.3016862786253;2;2
74.1091754266784;73.8124494150502;73.9609612264184;0.209816974976785;73.9608124208643;2;2
73.7942798772466;-285.127924747944;208.258888422164;253.796324808898;-105.666822435349;2;2
72.9171419046261;-285.037527434113;208.042425516158;253.112174046811;-106.060192764743;2;2
73.3563305808697;-285.560556516853;208.477795789509;253.792564749166;-106.102112967992;2;2
74.7929561252079;72.969009390994;73.8866111601089;1.28972510428563;73.8809827581009;2;2
74.1281553770122;73.6754585419735;73.902153591653;0.320105001877548;73.9018069594929;2;2
75.1869833361798;73.9107490343641;74.5515971861627;0.902433929196774;74.5488661852719;2;2
73.9555347047497;72.3521702870923;73.1582451221933;1.13374985243876;73.153852495921;2;2
73.679758319181;73.5751833159971;73.6274893839098;0.0739456938939178;73.627470817589;2;2
72.5108230816767;-285.774229961232;208.476293585047;253.345790604423;-106.631703439778;2;2
72.6335345058658;72.6335345058658;72.6335345058658;0;72.6335345058658;1;1
72.4242911136653;-286.129533484954;208.704800945779;253.535840794056;-106.852621185644;2;2
74.4484072808316;72.2789066947139;73.3716760733859;1.53406857623203;73.3636569877727;2;2
74.5437425684373;73.0531813450183;73.802225104456;1.05398594885332;73.7984619567278;2;2
73.3733679846488;72.8401338878727;73.1072371048651;0.377053445790253;73.1067509362608;2;2
72.6345930752632;-286.558906210978;209.035631938721;253.988159103426;-106.962156567857;2;2
74.1068400913821;-286.640606359837;209.349780227572;255.086965681388;-106.266883134228;2;2
73.6231900641562;73.6025166940453;73.6128541048372;0.0146182801954561;73.6128533791008;2;2
73.6269434533313;73.4952845369101;73.5611434503346;0.0930969126050444;73.5611139951207;2;2
73.3867271484659;-288.249072657916;210.324914845712;255.715126362914;-107.431172754725;2;2
74.8241397573654;-287.482530281078;210.053394530106;256.1895032533;-106.329195261856;2;2
73.7119319113133;-289.152581040165;211.000786761907;256.583957759944;-107.720324564426;2;2
74.434941093486;72.9969169175654;73.7194354802744;1.01683664630365;73.7159290055257;2;2
73.382682210893;-285.466150446353;208.417778871099;253.744442992815;-106.04173411773;2;2
74.9499731026172;-284.508213252298;208.041368333437;254.175321124578;-104.77912007484;2;2
73.6025859853954;-286.672195282739;209.282450544668;254.752740925198;-106.534804648672;2;2
74.1751209593764;72.4324324324329;73.3089552422386;1.23226687489769;73.3037766959047;2;2
74.2057353174199;74.0491475711599;74.1274827915207;0.110724257231155;74.1274414442899;2;2
74.7895384391497;-285.931429905765;208.985953676194;255.068242832867;-105.570945733307;2;2
75.2130501039114;73.8400399030102;74.5297068249018;0.970864823695526;74.5265450034608;2;2
71.9967638010112;-286.955844619743;209.197503282483;253.817823538915;-107.479540409366;2;2
73.9825204102385;73.883802677437;73.9331780201886;0.0698039782872647;73.9331615438378;2;2
74.7134860244836;74.1238262722559;74.4192401707055;0.416952409393009;74.4186561483697;2;2
74.5391347797941;72.7111552711686;73.6308179860455;1.29257670641915;73.6251450254814;2;2
75.2507333384281;75.0899848906096;75.1704020836765;0.113666317517728;75.1703591145189;2;2
73.1199273903633;-286.328445996313;208.962320488929;254.168382308193;-106.604259302975;2;2
73.4901792836811;72.6012865711844;73.0470850306117;0.62854206475378;73.0457329274327;2;2
74.7099191460068;72.8755204196484;73.7984196823938;1.297115778808;73.7927197828276;2;2
74.1148544227147;72.2564321317239;73.1915419652661;1.31410300426786;73.1856432772193;2;2
75.4879554731895;-285.216192392618;208.622515353048;255.056348958028;-104.864118459714;2;2
73.8221489887063;73.3539718760298;73.5884327571261;0.331051211169892;73.5880604323681;2;2
73.8456846876494;-283.990584922667;207.489562956436;253.028452795952;-105.072450117509;2;2
74.6074375341988;73.5381069941612;74.0747018748779;0.756130876190408;74.07277226418;2;2
74.9652764383666;71.9566946267212;73.4763859109984;2.12738860076901;73.4609855325439;2;2
73.9532648316951;72.0954452197561;73.030262907584;1.31367684582342;73.0243550257256;2;2
75.2787354496435;73.9596918511524;74.6221281846572;0.932704673173747;74.619213650398;2;2
76.2886818960313;-287.850013830458;210.567796027347;257.484941040626;-105.780665967214;2;2
76.2354884016544;-285.772425511907;209.138385853479;255.978250771475;-104.768468555126;2;2
74.846258036144;73.9272123149727;74.3881545095592;0.649863461660728;74.3867351755584;2;2
75.0402178622202;-286.255770053653;209.252718244972;255.474843070807;-105.607776095716;2;2
74.0653081919381;73.0455878735806;73.5572150960181;0.721051152024303;73.5554480327594;2;2
75.1616245387724;72.5285789517857;73.8568364069055;1.86184438973157;73.845101745279;2;2
76.1474090699393;76.1474090699393;76.1474090699393;0;76.1474090699393;1;1
75.5636503414419;75.1751779831466;75.3696644470487;0.274691438854139;75.3694141622942;2;2
74.2487863891782;73.373860927075;73.812620017215;0.618665727285941;73.8113236581266;2;2
73.5976618096127;-287.47143134677;209.829025237696;255.314404247756;-106.936884768579;2;2
74.3244144319936;74.101631169884;74.2131063987227;0.157531555372599;74.2130228009388;2;2
75.8789321623886;74.4240819244733;75.1550274978497;1.02873446884078;75.151507043431;2;2
75.6405349710277;72.806859448257;74.2372188104508;2.0037111778335;74.2236972096423;2;2
72.8505526199844;72.4593719739742;72.6552255653366;0.276606487462716;72.6549622969793;2;2
72.8874983673975;-286.748913958099;209.209855258311;254.30134591696;-106.930707795351;2;2
74.5777365533168;-289.288642706478;211.246014859893;257.292384220397;-107.355453076581;2;2
74.0850760802817;73.9706905507952;74.0279054086452;0.0808827835694962;74.0278833155385;2;2
73.0631603361468;71.503605841765;72.2875889993572;1.10277155860738;72.2833830889559;2;2
74.7972243194534;72.9727060591386;73.8905968154544;1.29012923426729;73.884965189296;2;2
74.1368887726425;72.4763470000576;73.3113195603514;1.17418034783832;73.3066178863501;2;2
74.9037594245161;73.4283385206211;74.169717789084;1.04328012624859;74.1660489725686;2;2
73.7217743405687;72.4814130781338;73.1042244118792;0.877067859788806;73.1015937093512;2;2
73.8768239298462;73.5683613744583;73.7227539816724;0.218115964656878;73.7225926521523;2;2
73.5012767126599;72.2889734831265;72.8976452487842;0.857227834457442;72.8951250978932;2;2
74.5105876770266;73.9399979493197;74.2258410956766;0.403467865736917;74.2252928131731;2;2
72.2616565444763;-285.677214405864;208.366525427245;253.101002899242;-106.707778930694;2;2
73.2982522783185;72.8070271425028;73.0530526000973;0.347348624624592;73.0526397104106;2;2
74.2577289374632;73.0329374832386;73.6478793461848;0.866058342821508;73.6453332103509;2;2
73.6131256876187;-286.884955632395;209.430024162848;254.910637906121;-106.635914972388;2;2
73.3270031064466;-285.64187173074;208.528329334905;253.82932563228;-106.157434312147;2;2
74.8074094116801;-286.398429980994;209.308634793772;255.411098438739;-105.795510284657;2;2
75.0824084230649;73.5370053761973;74.3137242180299;1.09276497410641;74.3097068996311;2;2
73.8353160346837;73.8155201408945;73.8254187513096;0.0139978107379877;73.8254180877891;2;2
75.5136120354948;-285.832330813127;209.048351991486;255.510166542507;-105.159359388816;2;2
74.9964342856477;74.6459978081229;74.8214212118821;0.24779600963295;74.8212160468853;2;2
74.4311820254316;73.2077507306293;73.8220008694592;0.865096564870532;73.8194663780304;2;2
74.4935291699451;74.0702728391977;74.2822024668987;0.299287421651658;74.2819010045714;2;2
74.8034509630111;73.3425147271305;74.0765845003499;1.03303791927229;74.0729828450708;2;2
74.4199269619446;-284.216412984058;207.746594362635;253.594187955743;-104.898243011057;2;2
74.2040716869343;73.2872428851234;73.7470820596407;0.64829586294761;73.7456572860289;2;2
74.4952350769977;73.537553340444;74.017943096508;0.677183250135627;74.0163942087209;2;2
74.0805615777873;73.7635635256856;73.9222324733506;0.224151472263995;73.9220625517364;2;2
74.1088894547308;73.4831449432182;73.7966804367226;0.442468187380788;73.7960171989745;2;2
74.1968106962262;-286.079383933098;208.981554962433;254.75374032248;-105.941286618436;2;2
73.967372594912;73.0033505576493;73.4869423817509;0.681666519761732;73.4853615762806;2;2
75.5269444299668;73.0920269915829;74.3194582349252;1.72174663231058;74.3094857107749;2;2
73.2514913699825;72.7441464049775;72.9982596508829;0.35874706515588;72.99781888748;2;2
71.7333307648214;-284.125554712445;207.211246778825;251.630231066462;-106.196111973812;2;2
73.7425406224617;72.677156350139;73.2117864575028;0.753340443528849;73.2098484863004;2;2
74.6783899384658;74.6683509260495;74.673370600962;0.00709865375597156;74.6733704322577;2;2
73.5064081604525;-287.186036146961;209.617522405039;255.048073292523;-106.839813993254;2;2
74.2488811177106;-285.313874956828;208.466908153443;254.249263082431;-105.532496919559;2;2
72.3533071437644;-286.380541525103;208.864568104371;253.663137034905;-107.013617190669;2;2
74.3468900990922;74.3157370531356;74.3313152081856;0.0220285300504979;74.3313135761139;2;2
73.4773569295423;73.1748911712341;73.326280006807;0.213875588776411;73.3261240503882;2;2
75.1886265861671;74.9583157512269;75.0735594872612;0.1628543531669;75.073471168697;2;2
74.222510463939;73.4049358064047;73.8148550777956;0.578112584468769;73.8137231351719;2;2
72.8915926193731;-285.666386463537;208.468784989172;253.53877845807;-106.387396922082;2;2
73.5044265167655;-285.679709587258;208.585470715746;253.981538333787;-106.087641535246;2;2
71.7997908614948;-285.847996038952;208.403798918397;252.895175393667;-107.024102588729;2;2
74.2513827221254;73.2088997166711;73.7319836769401;0.737146802428449;73.7301412193982;2;2
74.2287953925207;73.1593659586185;73.6960205604474;0.756200804712777;73.6940806755696;2;2
75.710620620587;73.5543779360471;74.6402859999656;1.52469382412203;74.6324992783171;2;2
74.4985100784535;-285.731354649145;208.797072577113;254.720980134797;-105.616422285346;2;2
73.03775316552;73.0204577962715;73.0291059929002;0.0122296728788006;73.0291054808958;2;2
74.608676072211;71.1765143579892;72.9127929152394;2.42690482225503;72.8925952151001;2;2
73.9672761136215;71.998770414148;72.9896598047213;1.39194372890212;72.9830232638847;2;2
74.332272348685;-284.508864741744;207.930975120538;253.739001405334;-105.08829619653;2;2
72.5945485567003;72.5048912173546;72.5497337369047;0.0633973126345123;72.5497198870274;2;2
75.3266981066525;72.708109641814;74.0289830246803;1.85162166062417;74.0174038742333;2;2
73.8716799310284;-284.825054266416;208.065298204313;253.636893140482;-105.476687167694;2;2
73.9786163001853;-284.963404430986;208.178982530163;253.810336911814;-105.492394065401;2;2
73.654890405588;-286.713353579546;209.319839004201;254.818829046177;-106.529231586979;2;2
74.3254399865359;73.5991313565645;73.9631772087739;0.513577757487077;73.9622856715502;2;2
73.5355504113807;-286.536490706144;209.177720707174;254.609381989883;-106.500470147382;2;2
74.376004658919;-286.402306754291;209.234403699777;255.108790505313;-106.013151047686;2;2
-285.790026805502;-288.736351920645;287.266966724276;2.08336646849781;-287.263189363074;2;2
74.5404040198299;73.9167205555289;74.2292173241899;0.441010806921132;74.2285622876794;2;2
75.5807553748944;73.0261564107462;74.3144336692624;1.8063742507613;74.3034558928203;2;2
75.6021433271791;71.7563900141394;73.7043539539036;2.71935824642098;73.6792666706592;2;2
75.2319697227618;73.4990821673688;74.3705733062889;1.22533654145219;74.3655259450653;2;2
75.2986541437502;73.383988056834;74.3474848901617;1.35387337376635;74.3413211002921;2;2
74.8282930788102;-288.501320813798;210.75137669348;256.912833789354;-106.836513867494;2;2
73.7163157510714;70.6643761537114;72.2064722345057;2.15804718506497;72.1903459523914;2;2
73.3887378402253;-288.914582193653;210.781335328718;256.187134442355;-107.762922176714;2;2
73.492470674407;73.0381244449473;73.265649755749;0.321271299857494;73.2652975596771;2;2
74.1654267096317;73.6286029362139;73.8975022898623;0.379591730485923;73.8970148229228;2;2
74.3565925328232;73.4544612660917;73.9069033750707;0.637903136226265;73.9055268994575;2;2
75.2438404467592;-285.867555954993;209.023796579311;255.344317159422;-105.311857754117;2;2
73.3307061620161;72.6856896274605;73.008910219368;0.456095565561728;73.0081978947383;2;2
74.1184835950548;72.7933916731271;73.4589255356614;0.936981483690577;73.4559376340909;2;2
-285.220273915243;-285.433074378797;285.3266939857;0.150472650818355;-285.32667414702;2;2
72.8866048303351;72.5641926444498;72.7255774051821;0.227979842976692;72.7253987373925;2;2
74.107960762452;-286.099926792881;208.979853047203;254.705439927257;-105.995983015214;2;2
74.5615666047364;74.2520850247888;74.4069867185905;0.218836523833315;74.4068258147626;2;2
75.2929564330771;74.0138137425231;74.656124709049;0.904490470595886;74.6533850878001;2;2
74.940169260288;73.7893644984379;74.366992953339;0.813741850925923;74.3647668793629;2;2
74.393245609314;-285.995856026354;208.959307828743;254.833577632308;-105.80130520852;2;2
74.1418741135888;72.3542791470447;73.2535296349729;1.26402052285826;73.2480766303167;2;2
73.1093808044073;71.4814987597563;72.300021530235;1.15108643274454;72.2954397820818;2;2
72.6107039528587;-286.13338729107;208.739825681626;253.670379629188;-106.761341669106;2;2
75.5000470579891;75.1371081211891;75.3187962017909;0.25663658336793;75.3185775895891;2;2
74.0428208241476;-283.669958932039;207.305312180008;252.941132282689;-104.813569053945;2;2
72.9373182677117;71.8510525621035;72.396222796385;0.768105846605977;72.3941854149076;2;2
73.9261258995738;-287.002292047506;209.565488250143;255.214931853313;-106.538083073966;2;2
73.2810672016836;72.8685130781383;73.0750812809554;0.291719818365378;73.0747901399109;2;2
75.7403681817986;72.1440093080768;73.9640502249514;2.54300974718907;73.9421887449377;2;2
73.1067198583371;72.0183331727754;72.5645671158805;0.769605605913779;72.5625265155562;2;2
74.1989184651146;73.5054027455726;73.8529746665006;0.49038966814762;73.8521606053436;2;2
72.9724156434274;-286.664547196836;209.166842573583;254.301735189685;-106.846065776704;2;2
-287.011082487367;-287.798291746051;287.40495664003;0.556641005028142;-287.404687116709;2;2
73.7006312577262;-287.548766166812;209.900066664881;255.441898618445;-106.924067454543;2;2
74.7724122907867;73.1457169579643;73.9635367903605;1.15024730076323;73.9590646243755;2;2
73.3251475330667;-286.093492739186;208.837333645654;254.147357821358;-106.38417260306;2;2
72.5367541583932;-287.741904792418;209.829674352085;254.755482860914;-107.602575317012;2;2
73.2542775722256;72.1837126648918;72.7209651913268;0.75700370567607;72.7189951185587;2;2
73.2016600126427;-286.74243698361;209.26025446308;254.518911834119;-106.770388485484;2;2
73.899259237402;73.0225500229145;73.462212489435;0.619927030692846;73.4609046301582;2;2
74.7448480498734;72.8126774462349;73.785087608839;1.36625093624211;73.7787627480541;2;2
74.2308359040355;74.1400776965474;74.1854706794462;0.0641757439632168;74.1854568002914;2;2
74.384750519499;73.7849330802119;74.085448839497;0.424134978793804;74.0848417998554;2;2
71.9757736101628;-288.911641529227;210.535565401542;255.185938489947;-108.467933959532;2;2
73.693227943956;72.7420676549645;73.2191923320631;0.672571890341248;73.2176477994603;2;2
72.734615462119;-286.839633979137;209.245429947356;254.257390119976;-107.052509258509;2;2
74.5082390093201;73.9899571899877;74.2495503193325;0.366480589015662;74.2490980996539;2;2
72.6641699636232;-285.938028657047;208.615241328122;253.570046393081;-106.636929346712;2;2
73.9950924930687;-284.50394156784;207.867465564834;253.497098033296;-105.254424537386;2;2
73.1792205397674;72.3166736677123;72.7492254569432;0.60991274232141;72.7479471037399;2;2
73.8777029950317;-287.973315615336;210.221960682408;255.86730903865;-107.047806310152;2;2
73.116631437988;73.0593508344244;73.0879967477084;0.0405035032102883;73.0879911362062;2;2
74.293660908905;73.0325239069685;73.6657912448828;0.891758526074574;73.6630924079368;2;2
74.5585905647785;72.3689944002212;73.4719496730063;1.54827829601851;73.4637924824999;2;2
74.5575115968613;-287.281600810947;209.86845963605;255.858890082083;-106.362044607043;2;2
74.6006380387486;71.1915183939457;72.9160047144106;2.41061161871642;72.8960782163471;2;2
74.0455432987632;73.0842739027993;73.5664786920932;0.679720108433137;73.5649086007812;2;2
72.8299609367385;-287.407930561558;209.651522484007;254.726655918789;-107.28898481241;2;2
74.8790001795665;-287.596552435689;210.141192583446;256.308921268589;-106.358776128061;2;2
73.2334177290462;-286.019814639808;208.770768833746;254.030396771203;-106.393198455381;2;2
75.5252254130028;-287.123288888891;209.933135421803;256.431223650096;-105.799031737944;2;2
74.4950991853461;72.071623131807;73.2933784986331;1.71365635150065;73.2833611585766;2;2
73.886456678705;73.5653589706362;73.7260826336674;0.227050366798891;73.7259078246706;2;2
72.4514336723778;-287.191577308045;209.437594903429;254.306011870605;-107.370071817834;2;2
73.3453529585372;-285.628742514973;208.522563948482;253.833017179626;-106.141694778218;2;2
74.1016234400047;71.5669501755777;72.8453119763992;1.79228465336857;72.8342868077912;2;2
75.2960245642986;72.5707301164907;73.9459335759174;1.92707418477503;73.9333773403947;2;2
74.1764108171619;73.3807096403777;73.779632924818;0.562645697902268;73.7785602287698;2;2
74.6023758231072;73.8587896955745;74.2315138392961;0.525794793174573;74.2305827593408;2;2
72.6971401478514;71.9625627440911;72.3307839801754;0.519424663505305;72.3298514459713;2;2
