8.07752e-007;8.07473958184099e-007;8.07612991057442e-007;1.96605253476705e-010;8.0761297909205e-007;2;2
8.08548e-007;8.07452e-007;8.08000185831662e-007;7.74989032180586e-010;8.08e-007;2;2
8.07852e-007;8.07428e-007;8.07640027824278e-007;2.99813275222987e-010;8.0764e-007;2;2
8.07956e-007;8.0748e-007;8.07718035064217e-007;3.36582827844804e-010;8.07718e-007;2;2
8.07928e-007;8.07278e-007;8.07603065394133e-007;4.59619407771216e-010;8.07603e-007;2;2
8.07602e-007;8.07524e-007;8.07563000941722e-007;5.51543289325758e-011;8.07563e-007;2;2
8.07576e-007;8.07552e-007;8.07564000089157e-007;1.69705627483466e-011;8.07564e-007;2;2
8.07548e-007;8.07272e-007;8.07410011793265e-007;1.95161471607484e-010;8.0741e-007;2;2
8.07556e-007;8.074e-007;8.07478003767285e-007;1.10308657865152e-010;8.07478e-007;2;2
8.07602e-007;8.07252e-007;8.07427018964562e-007;2.47487373415235e-010;8.07427e-007;2;2
8.08448e-007;8.07954e-007;8.08201037743704e-007;3.49310749906064e-010;8.08201e-007;2;2
8.07302e-007;8.07152e-007;8.0722700348415e-007;1.06066017178065e-010;8.07227e-007;2;2
8.08346e-007;8.07502e-007;8.07924110210854e-007;5.96798123321449e-010;8.07924e-007;2;2
8.07372e-007;8.07252e-007;8.07312002229621e-007;8.48528137423322e-011;8.07312e-007;2;2
8.08125994335921e-007;8.074e-007;8.07763078730831e-007;5.13355518032533e-010;8.0776299716796e-007;2;2
8.0828e-007;9.0199999999999e-010;5.71540624979537e-007;5.70902458780832e-007;4.04591e-007;2;2
8.07546e-007;8.07302e-007;8.07424009216966e-007;1.72534054609638e-010;8.07424e-007;2;2
8.07706e-007;8.07176e-007;8.07441043486148e-007;3.74766594028883e-010;8.07441e-007;2;2
8.07904e-007;8.07324e-007;8.07614052066951e-007;4.10121933088139e-010;8.07614e-007;2;2
8.07474e-007;8.07452e-007;8.07463000074926e-007;1.55563491860843e-011;8.07463e-007;2;2
8.07853989819829e-007;8.07832e-007;8.07842994984736e-007;1.55491507183342e-011;8.07842994909915e-007;2;2
8.07778e-007;8.07654e-007;8.07716002379549e-007;8.76812408671564e-011;8.07716e-007;2;2
8.0768e-007;8.073e-007;8.07490022353218e-007;2.68700576850968e-010;8.0749e-007;2;2
8.0755e-007;8.07476e-007;8.07513000847664e-007;5.23259018079013e-011;8.07513e-007;2;2
8.0824995252002e-007;8.07852e-007;8.08051000758187e-007;2.81394925496573e-010;8.0805097626001e-007;2;2
8.07652e-007;8.0745e-007;8.0755100631601e-007;1.42835569799732e-010;8.07551e-007;2;2
8.07676e-007;8.07352e-007;8.07514016249873e-007;2.29102597104327e-010;8.07514e-007;2;2
8.07456e-007;8.0725e-007;8.07353006570236e-007;1.45663996924407e-010;8.07353e-007;2;2
8.07778e-007;8.0772803725575e-007;8.07753019014174e-007;3.53289952661055e-011;8.07753018627875e-007;2;2
8.075e-007;8.07374e-007;8.07437002457777e-007;8.90954544295686e-011;8.07437e-007;2;2
8.0823e-007;8.0758e-007;8.07905065369688e-007;4.59619407771365e-010;8.07905e-007;2;2
8.08528e-007;8.07302e-007;8.07915232554753e-007;8.6691291373468e-010;8.07915e-007;2;2
8.08128e-007;8.07502e-007;8.07815060638263e-007;4.42648845022869e-010;8.07815e-007;2;2
8.0758e-007;8.07352e-007;8.07466008047398e-007;1.61220346110641e-010;8.07466e-007;2;2
8.08002e-007;8.078e-007;8.07901006313274e-007;1.42835569799583e-010;8.07901e-007;2;2
8.07532e-007;8.07252e-007;8.07392012137846e-007;1.97989898732158e-010;8.07392e-007;2;2
8.08198e-007;8.07902e-007;8.08050013553617e-007;2.09303607231156e-010;8.0805e-007;2;2
8.0785e-007;8.07604e-007;8.07727009365169e-007;1.73948268171901e-010;8.07727e-007;2;2
8.07832e-007;8.06924e-007;8.07378127645281e-007;6.4205295731729e-010;8.07378e-007;2;2
8.0789601584425e-007;8.0745e-007;8.07673038709666e-007;3.15380827985817e-010;8.07673007922125e-007;2;2
8.07832e-007;8.0753e-007;8.07681014115102e-007;2.13546247918392e-010;8.07681e-007;2;2
8.07502e-007;8.07276e-007;8.07389007907588e-007;1.59806132548079e-010;8.07389e-007;2;2
8.07652e-007;8.0765e-007;8.07651000000619e-007;1.4142135622624e-012;8.07651e-007;2;2
8.0765e-007;8.07374e-007;8.07512011791775e-007;1.95161471607484e-010;8.07512e-007;2;2
8.076e-007;8.07352e-007;8.07476009521026e-007;1.75362481734313e-010;8.07476e-007;2;2
8.079e-007;8.07298e-007;8.07599056092811e-007;4.25678282274223e-010;8.07599e-007;2;2
8.08474e-007;8.07654e-007;8.08064104014032e-007;5.79827560572953e-010;8.08064e-007;2;2
8.07552e-007;8.07472e-007;8.07512000990697e-007;5.65685424948382e-011;8.07512e-007;2;2
8.07954e-007;8.07928e-007;8.07941000104587e-007;1.83847763109085e-011;8.07941e-007;2;2
8.0765e-007;8.07502e-007;8.07576003390393e-007;1.04651803615653e-010;8.07576e-007;2;2
8.0785e-007;8.07472e-007;8.07661022113857e-007;2.67286363288556e-010;8.07661e-007;2;2
8.0763e-007;8.072e-007;8.07415028625304e-007;3.04055915910074e-010;8.07415e-007;2;2
8.07752e-007;8.075e-007;8.07626009828807e-007;1.78190908858987e-010;8.07626e-007;2;2
8.0825e-007;8.07604e-007;8.07927064565855e-007;4.56790980646691e-010;8.07927e-007;2;2
8.0773e-007;8.07727989819829e-007;8.0772899491054e-007;1.42141203001244e-012;8.07728994909915e-007;2;2
8.07854e-007;8.07274e-007;8.07564052070175e-007;4.10121933088288e-010;8.07564e-007;2;2
8.07654e-007;8.07276e-007;8.07465022119225e-007;2.67286363288556e-010;8.07465e-007;2;2
8.07876e-007;8.0768e-007;8.07778005944703e-007;1.38592929112646e-010;8.07778e-007;2;2
8.07854e-007;8.07852e-007;8.07853000000619e-007;1.41421356241213e-012;8.07853e-007;2;2
8.07882e-007;8.07248e-007;8.0756506221728e-007;4.48305699272368e-010;8.07565e-007;2;2
8.0797e-007;8.07922006369448e-007;8.07946003541089e-007;3.39366216173815e-011;8.07946003184724e-007;2;2
8.0808e-007;8.07298e-007;8.07689094641001e-007;5.52957502887871e-010;8.07689e-007;2;2
8.074e-007;8.07352e-007;8.07376000356711e-007;3.3941125496843e-011;8.07376e-007;2;2
8.07552e-007;8.07324e-007;8.07438008047677e-007;1.61220346110491e-010;8.07438e-007;2;2
8.0784601584425e-007;8.07502e-007;8.07674026238132e-007;2.43255936304894e-010;8.07674007922125e-007;2;2
8.07552e-007;8.07476e-007;8.07514000894102e-007;5.37401153701637e-011;8.07514e-007;2;2
8.07900003810723e-007;8.07674e-007;8.0778700980932e-007;1.59808827136218e-010;8.07787001905362e-007;2;2
8.0793e-007;8.07528e-007;8.07729025009006e-007;2.84256926036903e-010;8.07729e-007;2;2
8.07374e-007;8.07254e-007;8.07314002229616e-007;8.48528137424819e-011;8.07314e-007;2;2
8.07924e-007;8.0753e-007;8.07727024023587e-007;2.78600071787554e-010;8.07727e-007;2;2
8.07476e-007;8.07424e-007;8.07450000418602e-007;3.67695526216673e-011;8.0745e-007;2;2
8.07848005664079e-007;8.07752e-007;8.07800004258303e-007;6.78862561028314e-011;8.0780000283204e-007;2;2
8.07798e-007;8.076e-007;8.07699006067235e-007;1.40007142674908e-010;8.07699e-007;2;2
8.08132e-007;8.07802e-007;8.07967016847841e-007;2.33345237791563e-010;8.07967e-007;2;2
8.08352036151821e-007;8.07804e-007;8.08078064535474e-007;3.87520079288256e-010;8.08078018075911e-007;2;2
8.078020418159e-007;8.07428e-007;8.07615042562339e-007;2.64487504470691e-010;8.0761502090795e-007;2;2
8.07352e-007;8.073e-007;8.07326000418666e-007;3.67695526216673e-011;8.07326e-007;2;2
8.0768e-007;8.07552e-007;8.07616002535859e-007;9.05096679919807e-011;8.07616e-007;2;2
8.07602e-007;8.07302e-007;8.07452013932717e-007;2.1213203435583e-010;8.07452e-007;2;2
8.0758e-007;8.07352e-007;8.07466008047398e-007;1.61220346110491e-010;8.07466e-007;2;2
8.0768e-007;8.07526e-007;8.07603003670739e-007;1.0889444430274e-010;8.07603e-007;2;2
8.0788e-007;8.07324e-007;8.07602047847825e-007;3.93151370339642e-010;8.07602e-007;2;2
8.07884e-007;8.0775e-007;8.07817002778476e-007;9.47523086789176e-011;8.07817e-007;2;2
8.0763e-007;8.07126e-007;8.07378039327303e-007;3.56381817717975e-010;8.07378e-007;2;2
8.07882e-007;8.0755e-007;8.07716017057976e-007;2.34759451353975e-010;8.07716e-007;2;2
8.0778e-007;8.0773e-007;8.07755000386875e-007;3.53553390594049e-011;8.07755e-007;2;2
8.08848e-007;8.07524e-007;8.08186271128135e-007;9.36209378290928e-010;8.08186e-007;2;2
8.07806e-007;8.07602e-007;8.07704006440478e-007;1.44249783362144e-010;8.07704e-007;2;2
8.08329979639658e-007;8.07632e-007;8.07981065189108e-007;4.93546136332708e-010;8.07980989819829e-007;2;2
8.07326e-007;8.0725e-007;8.07288000894352e-007;5.37401153701637e-011;8.07288e-007;2;2
8.08422e-007;8.07576e-007;8.0799911072352e-007;5.98212336883861e-010;8.07999e-007;2;2
8.07876e-007;8.07704e-007;8.07790004577922e-007;1.21622366363999e-010;8.0779e-007;2;2
8.07826e-007;8.07799958184099e-007;8.0781297919699e-007;1.84143446177177e-011;8.0781297909205e-007;2;2
8.0785e-007;8.07628e-007;8.07739007626845e-007;1.56977705423404e-010;8.07739e-007;2;2
8.07602e-007;8.07304e-007;8.07453013747549e-007;2.10717820793568e-010;8.07453e-007;2;2
8.08052e-007;8.07756e-007;8.07904013556066e-007;2.09303607231306e-010;8.07904e-007;2;2
8.08125995483909e-007;8.07978e-007;8.08052001130143e-007;1.04648610256749e-010;8.08051997741954e-007;2;2
8.0788e-007;8.06976e-007;8.07428126515296e-007;6.39224530192615e-010;8.07428e-007;2;2
8.07656e-007;8.07328e-007;8.07492016654035e-007;2.31931024229151e-010;8.07492e-007;2;2
8.07628e-007;8.07554e-007;8.07591000847582e-007;5.23259018079013e-011;8.07591e-007;2;2
8.07871916368199e-007;8.07552e-007;8.0771197402305e-007;2.26215033365884e-010;8.07711958184099e-007;2;2
8.07826003810723e-007;8.0775e-007;8.0778800279925e-007;5.37428099583025e-011;8.07788001905362e-007;2;2
8.07678e-007;8.07178e-007;8.0742803870314e-007;3.535533905933e-010;8.07428e-007;2;2
8.07904e-007;8.0745e-007;8.07677031899509e-007;3.2102647865872e-010;8.07677e-007;2;2
8.07632e-007;8.07424e-007;8.07528006696981e-007;1.47078210486669e-010;8.07528e-007;2;2
8.07971916368199e-007;8.07802e-007;8.07886962651242e-007;1.20149016187969e-010;8.07886958184099e-007;2;2
8.07832e-007;8.07502e-007;8.07667016854099e-007;2.33345237791563e-010;8.07667e-007;2;2
8.08976e-007;8.07602e-007;8.08289291955547e-007;9.71564717350332e-010;8.08289e-007;2;2
8.08028e-007;8.07776e-007;8.07902009825449e-007;1.78190908858987e-010;8.07902e-007;2;2
8.07956e-007;8.07852e-007;8.07904001673466e-007;7.35391052433346e-011;8.07904e-007;2;2
8.07826e-007;8.07228e-007;8.07527055354804e-007;4.22849855149548e-010;8.07527e-007;2;2
8.07274e-007;8.06902e-007;8.07088021432607e-007;2.6304372260132e-010;8.07088e-007;2;2
8.0852e-007;8.07274e-007;8.07897240209422e-007;8.81055049358501e-010;8.07897e-007;2;2
8.08076003810723e-007;8.07852e-007;8.07964009668348e-007;1.58394613573955e-010;8.07964001905362e-007;2;2
8.07952e-007;8.07652e-007;8.0780201392668e-007;2.1213203435598e-010;8.07802e-007;2;2
8.08228041815901e-007;8.07852e-007;8.08040042783019e-007;2.65901718032953e-010;8.0804002090795e-007;2;2
8.08226e-007;8.07376e-007;8.07801111800423e-007;6.01040764008536e-010;8.07801e-007;2;2
8.07578e-007;8.07574e-007;8.07576000002476e-007;2.82842712467453e-012;8.07576e-007;2;2
8.08598e-007;8.07904e-007;8.08251074487377e-007;4.90732106143384e-010;8.08251e-007;2;2
8.08002e-007;8.07502e-007;8.07752038687616e-007;3.535533905933e-010;8.07752e-007;2;2
8.07802e-007;8.0775e-007;8.07776000418433e-007;3.67695526216673e-011;8.07776e-007;2;2
8.07926e-007;8.0715e-007;8.07538093211707e-007;5.48714862200784e-010;8.07538e-007;2;2
8.08176e-007;8.07702e-007;8.07939034760668e-007;3.35168614282242e-010;8.07939e-007;2;2
8.07474e-007;8.07172e-007;8.07323014121362e-007;2.13546247918392e-010;8.07323e-007;2;2
8.08076e-007;8.07702e-007;8.07889021642205e-007;2.64457936163881e-010;8.07889e-007;2;2
8.07882e-007;8.07728e-007;8.07805003669821e-007;1.0889444430274e-010;8.07805e-007;2;2
8.07652e-007;8.07504e-007;8.07578003390385e-007;1.04651803615653e-010;8.07578e-007;2;2
8.0765e-007;8.07452e-007;8.07551006068347e-007;1.40007142674908e-010;8.07551e-007;2;2
8.08054e-007;8.07228e-007;8.07641105597034e-007;5.84070201260039e-010;8.07641e-007;2;2
8.08398e-007;8.08004e-007;8.08201024009497e-007;2.78600071787554e-010;8.08201e-007;2;2
8.0793e-007;8.0755e-007;8.07740022346299e-007;2.68700576850968e-010;8.0774e-007;2;2
8.08252085459403e-007;8.07502e-007;8.07877129783197e-007;5.30390514813047e-010;8.07877042729701e-007;2;2
8.07778e-007;8.07726e-007;8.07752000418445e-007;3.67695526216673e-011;8.07752e-007;2;2
8.0755e-007;8.07476e-007;8.07513000847664e-007;5.23259018077516e-011;8.07513e-007;2;2
8.07552e-007;8.07552e-007;8.07552e-007;0;8.07552e-007;2;2
8.087e-007;8.07648010180171e-007;8.08174176260288e-007;7.43869135340518e-010;8.08174005090085e-007;2;2
8.07996010180171e-007;8.07482e-007;8.07739045976816e-007;3.63460083997786e-010;8.07739005090085e-007;2;2
8.07832e-007;8.07448e-007;8.07640022822049e-007;2.71529003975493e-010;8.0764e-007;2;2
8.07604e-007;8.07102e-007;8.07353039017009e-007;3.54967604155712e-010;8.07353e-007;2;2
8.07426e-007;8.07228e-007;8.07327006070031e-007;1.40007142674908e-010;8.07327e-007;2;2
8.07976003810723e-007;8.07878e-007;8.07927003391379e-007;6.92991591443867e-011;8.07927001905362e-007;2;2
8.07752e-007;8.07552e-007;8.07652006190785e-007;1.4142135623732e-010;8.07652e-007;2;2
8.07704e-007;8.07674e-007;8.07689000139286e-007;2.12132034357328e-011;8.07689e-007;2;2
8.0775e-007;8.07402e-007;8.07576018744985e-007;2.46073159852973e-010;8.07576e-007;2;2
8.0795e-007;8.0715e-007;8.07550099065067e-007;5.65685424949131e-010;8.0755e-007;2;2
8.07856e-007;8.07595950204545e-007;8.07725985567748e-007;1.83882973812735e-010;8.07725975102272e-007;2;2
8.08028e-007;8.07602e-007;8.07815028081305e-007;3.01227488785549e-010;8.07815e-007;2;2
8.0817998415575e-007;8.0785e-007;8.08015008923098e-007;2.33334034214967e-010;8.08014992077875e-007;2;2
8.0768e-007;8.076020418159e-007;8.07641021848572e-007;5.51247606257667e-011;8.0764102090795e-007;2;2
8.07874e-007;8.07871916368199e-007;8.07872958184771e-007;1.47335017618013e-012;8.078729581841e-007;2;2
8.0763e-007;8.07498e-007;8.07564002697e-007;9.33380951166552e-011;8.07564e-007;2;2
8.07602e-007;8.07454e-007;8.07528003390594e-007;1.04651803615653e-010;8.07528e-007;2;2
8.08004e-007;8.0767e-007;8.07837017261527e-007;2.36173664916238e-010;8.07837e-007;2;2
8.07502e-007;8.07202e-007;8.07352013934442e-007;2.1213203435598e-010;8.07352e-007;2;2
8.07598e-007;8.071e-007;8.07349038397891e-007;3.52139177030888e-010;8.07349e-007;2;2
8.07882e-007;8.07274e-007;8.07578057218e-007;4.29920922961459e-010;8.07578e-007;2;2
8.07754e-007;8.075e-007;8.07627009985426e-007;1.796051224214e-010;8.07627e-007;2;2
8.07973958184099e-007;8.07504e-007;8.07739013270896e-007;3.32310618850758e-010;8.0773897909205e-007;2;2
8.07852e-007;8.07824e-007;8.07838000121311e-007;1.97989898733207e-011;8.07838e-007;2;2
8.0765e-007;8.07578e-007;8.07614000802363e-007;5.09116882454892e-011;8.07614e-007;2;2
8.07924e-007;8.0755e-007;8.07737021646278e-007;2.64457936163732e-010;8.07737e-007;2;2
8.07926e-007;8.07882e-007;8.07904000299541e-007;3.11126983720188e-011;8.07904e-007;2;2
8.07802e-007;8.07626e-007;8.07714004793776e-007;1.24450793488824e-010;8.07714e-007;2;2
8.08078e-007;8.0797803725575e-007;8.08028020173698e-007;7.06843343256602e-011;8.08028018627875e-007;2;2
8.08204e-007;8.07328e-007;8.07766118749728e-007;6.19425540319594e-010;8.07766e-007;2;2
8.07932e-007;8.07522e-007;8.07727026014358e-007;2.89913780286551e-010;8.07727e-007;2;2
8.07902041771841e-007;8.07704e-007;8.07803026954935e-007;1.40036679826962e-010;8.07803020885921e-007;2;2
8.07278e-007;8.07e-007;8.07139011968818e-007;1.96575685169896e-010;8.07139e-007;2;2
8.07678e-007;8.07378e-007;8.07528013931405e-007;2.1213203435598e-010;8.07528e-007;2;2
8.0793e-007;8.0745e-007;8.07690035657244e-007;3.39411254969478e-010;8.0769e-007;2;2
8.08254e-007;8.07728e-007;8.07991042803075e-007;3.71938166904059e-010;8.07991e-007;2;2
8.07452e-007;8.073e-007;8.0737600357702e-007;1.07480230740327e-010;8.07376e-007;2;2
8.0793e-007;8.07571916368199e-007;8.07750978026831e-007;2.53203364278502e-010;8.07750958184099e-007;2;2
8.07554e-007;8.073e-007;8.074270099879e-007;1.796051224214e-010;8.07427e-007;2;2
8.0805e-007;8.07904e-007;8.07977003297742e-007;1.03237590053091e-010;8.07977e-007;2;2
8.0775e-007;8.07702e-007;8.07726000356557e-007;3.39411254969928e-011;8.07726e-007;2;2
8.07326e-007;8.072e-007;8.07263002458307e-007;8.90954544294188e-011;8.07263e-007;2;2
8.07852e-007;8.07804e-007;8.07828000356512e-007;3.3941125496843e-011;8.07828e-007;2;2
8.07728e-007;8.07271916368199e-007;8.07499990384144e-007;3.224998288349e-010;8.07499958184099e-007;2;2
8.07449948003929e-007;8.07274e-007;8.07361978794997e-007;1.24414026714265e-010;8.07361974001964e-007;2;2
8.07902e-007;8.0773e-007;8.07816004577775e-007;1.21622366363999e-010;8.07816e-007;2;2
8.07852e-007;8.07849996189277e-007;8.0785099809526e-007;1.41690815055094e-012;8.07850998094638e-007;2;2
8.07626e-007;8.07504e-007;8.07565002303839e-007;8.62670273047443e-011;8.07565e-007;2;2
8.07804e-007;8.06974e-007;8.07389106655521e-007;5.86898628384864e-010;8.07389e-007;2;2
8.07598e-007;8.07276e-007;8.07437016051407e-007;2.27688383541915e-010;8.07437e-007;2;2
8.07702e-007;8.07426e-007;8.07564011791016e-007;1.95161471607484e-010;8.07564e-007;2;2
8.0755e-007;8.07452e-007;8.07501001486685e-007;6.92964645562479e-011;8.07501e-007;2;2
8.07673958184099e-007;8.0723e-007;8.07452009604524e-007;3.1392584254e-010;8.0745197909205e-007;2;2
8.08126041815901e-007;8.07904e-007;8.08015028535062e-007;1.57007273730214e-010;8.0801502090795e-007;2;2
8.0763e-007;8.07628e-007;8.07629000000619e-007;1.41421356241213e-012;8.07629e-007;2;2
8.08002e-007;8.07828e-007;8.0791500468428e-007;1.23036579926412e-010;8.07915e-007;2;2
8.07602e-007;8.07472e-007;8.07537002615979e-007;9.19238815542431e-011;8.07537e-007;2;2
8.08128e-007;8.07526e-007;8.0782705607698e-007;4.25678282274373e-010;8.07827e-007;2;2
8.08002e-007;8.07524e-007;8.07763035357524e-007;3.37997041407066e-010;8.07763e-007;2;2
8.08252e-007;8.07972e-007;8.08112012127032e-007;1.97989898732308e-010;8.08112e-007;2;2
8.08076041815901e-007;8.07654e-007;8.07865048468138e-007;2.98428629967534e-010;8.0786502090795e-007;2;2
8.0763e-007;8.0759601584425e-007;8.07613008100881e-007;2.40304269835119e-011;8.07613007922125e-007;2;2
8.08100051996071e-007;8.0743e-007;8.0776509547518e-007;4.73798310169746e-010;8.07765025998036e-007;2;2
8.079e-007;8.07606e-007;8.07753013375995e-007;2.07889393668894e-010;8.07753e-007;2;2
8.08e-007;8.07626003810723e-007;8.07813023549162e-007;2.64455241575593e-010;8.07813001905362e-007;2;2
8.08228045626624e-007;8.0758e-007;8.07904087790572e-007;4.58237457103901e-010;8.07904022813312e-007;2;2
8.0757604743592e-007;8.07322e-007;8.07449033709318e-007;1.79638664682299e-010;8.0744902371796e-007;2;2
8.07804e-007;8.07374e-007;8.07589028619136e-007;3.04055915910223e-010;8.07589e-007;2;2
8.079e-007;8.07828e-007;8.07864000802115e-007;5.09116882454892e-011;8.07864e-007;2;2
8.07902e-007;8.07828083631801e-007;8.07865042661281e-007;5.22667651941333e-011;8.07865041815901e-007;2;2
8.07602e-007;8.07602e-007;8.07602e-007;0;8.07602e-007;2;2
8.079e-007;8.0755e-007;8.07725018957566e-007;2.47487373415385e-010;8.07725e-007;2;2
8.0775e-007;8.0745e-007;8.07600013930163e-007;2.1213203435598e-010;8.076e-007;2;2
8.07672e-007;8.07326e-007;8.07499018531911e-007;2.44658946290561e-010;8.07499e-007;2;2
8.07927993630552e-007;8.07204e-007;8.07566077949009e-007;5.11940805699506e-010;8.07565996815276e-007;2;2
8.07851989819829e-007;8.07324e-007;8.07588038058965e-007;3.73345181998721e-010;8.07587994909915e-007;2;2
8.07977989819829e-007;8.07832e-007;8.07904998207491e-007;1.03230391585491e-010;8.07904994909915e-007;2;2
8.07926e-007;8.07276e-007;8.07601065394295e-007;4.59619407771216e-010;8.07601e-007;2;2
8.0793e-007;8.07802e-007;8.07866002535074e-007;9.05096679919807e-011;8.07866e-007;2;2
8.07928e-007;8.07802e-007;8.07865002456475e-007;8.90954544295686e-011;8.07865e-007;2;2
8.0787e-007;8.0783e-007;8.07850000247571e-007;2.8284271247494e-011;8.0785e-007;2;2
8.07678e-007;8.0748e-007;8.07579006068137e-007;1.40007142674908e-010;8.07579e-007;2;2
8.07849948003929e-007;8.07574e-007;8.07711985786379e-007;1.95124704832775e-010;8.07711974001964e-007;2;2
8.0768e-007;8.075e-007;8.07590005014921e-007;1.27279220613648e-010;8.0759e-007;2;2
8.07248e-007;8.07098e-007;8.07173003484383e-007;1.06066017177915e-010;8.07173e-007;2;2
8.08182e-007;8.08178083631801e-007;8.08180041818273e-007;2.76929051105626e-012;8.08180041815901e-007;2;2
8.0765e-007;8.07552e-007;8.07601001486501e-007;6.92964645563977e-011;8.07601e-007;2;2
8.07876e-007;8.07176e-007;8.07526075848947e-007;4.9497474683062e-010;8.07526e-007;2;2
8.07752e-007;8.07701989819829e-007;8.0772699529696e-007;3.53625375271549e-011;8.07726994909915e-007;2;2
8.07908e-007;8.07476e-007;8.07692028882296e-007;3.05470129472486e-010;8.07692e-007;2;2
8.07548013990894e-007;8.07178e-007;8.07363028192596e-007;2.61639402094946e-010;8.07363006995447e-007;2;2
8.0755e-007;8.0755e-007;8.0755e-007;0;8.0755e-007;2;2
8.07548e-007;8.07478e-007;8.07513000758502e-007;4.9497474683077e-011;8.07513e-007;2;2
8.08182e-007;8.08052e-007;8.08117002614102e-007;9.19238815542431e-011;8.08117e-007;2;2
8.07584e-007;8.07528e-007;8.07556000485415e-007;3.95979797463418e-011;8.07556e-007;2;2
8.08104e-007;8.07802e-007;8.0795301411035e-007;2.13546247918243e-010;8.07953e-007;2;2
8.0775e-007;8.07652e-007;8.07701001486317e-007;6.92964645562479e-011;8.07701e-007;2;2
8.08446e-007;8.0755e-007;8.07998124198318e-007;6.33567675943116e-010;8.07998e-007;2;2
8.08148e-007;8.07778e-007;8.07963021179806e-007;2.61629509039057e-010;8.07963e-007;2;2
8.07928089251821e-007;8.076e-007;8.07764061283398e-007;2.3199413479686e-010;8.0776404462591e-007;2;2
8.08178083631801e-007;8.07902e-007;8.08040053607113e-007;1.95220608221252e-010;8.08040041815901e-007;2;2
8.08202e-007;8.07324e-007;8.07763119293026e-007;6.20839753881856e-010;8.07763e-007;2;2
8.07678e-007;8.0755e-007;8.07614002535865e-007;9.0509667991831e-011;8.07614e-007;2;2
8.08032e-007;8.07974e-007;8.08003000520419e-007;4.10121933089037e-011;8.08003e-007;2;2
8.0758e-007;8.07552e-007;8.07566000121352e-007;1.97989898733207e-011;8.07566e-007;2;2
8.07628e-007;8.07254e-007;8.07441021654213e-007;2.64457936163732e-010;8.07441e-007;2;2
8.08177989819829e-007;8.07854e-007;8.08016011148671e-007;2.29095398636727e-010;8.08015994909915e-007;2;2
8.08154034443446e-007;8.08148013990894e-007;8.08151024222776e-007;4.25710282514062e-012;8.0815102421717e-007;2;2
8.0785e-007;8.07628e-007;8.07739007626845e-007;1.56977705423404e-010;8.07739e-007;2;2
8.0753e-007;8.075e-007;8.07515000139316e-007;2.12132034357328e-011;8.07515e-007;2;2
8.08446e-007;8.077e-007;8.08073086086896e-007;5.27501658765201e-010;8.08073e-007;2;2
8.07552e-007;8.07508e-007;8.07530000299679e-007;3.11126983723182e-011;8.0753e-007;2;2
8.07999958184099e-007;8.07524e-007;8.07762014148198e-007;3.36553259537995e-010;8.0776197909205e-007;2;2
8.07929979639658e-007;8.07302e-007;8.07616050857256e-007;4.44048661649631e-010;8.07615989819829e-007;2;2
8.08152e-007;8.07452e-007;8.07802075823032e-007;4.94974746830471e-010;8.07802e-007;2;2
8.074e-007;8.072e-007;8.07300006193484e-007;1.4142135623732e-010;8.073e-007;2;2
8.078e-007;8.07602e-007;8.0770100606722e-007;1.40007142674908e-010;8.07701e-007;2;2
8.07576e-007;8.0755e-007;8.07563000104636e-007;1.83847763109085e-011;8.07563e-007;2;2
8.07878e-007;8.07652e-007;8.07765007903908e-007;1.59806132548079e-010;8.07765e-007;2;2
8.078e-007;8.07678e-007;8.07739002303343e-007;8.62670273045946e-011;8.07739e-007;2;2
8.07882e-007;8.07226e-007;8.07554066611023e-007;4.63862048458302e-010;8.07554e-007;2;2
8.07904e-007;8.07802e-007;8.07853001609823e-007;7.21248916810722e-011;8.07853e-007;2;2
8.0837e-007;8.0773e-007;8.08050063362413e-007;4.52548339959454e-010;8.0805e-007;2;2
8.08206e-007;8.07520020360342e-007;8.0786308299079e-007;4.85060854958385e-010;8.07863010180171e-007;2;2
8.07926e-007;8.07602e-007;8.07764016244844e-007;2.29102597104477e-010;8.07764e-007;2;2
8.08176041815901e-007;8.0788e-007;8.08028034465765e-007;2.09333175537965e-010;8.0802802090795e-007;2;2
8.08054e-007;8.07848010180171e-007;8.0795101165481e-007;1.45656798456657e-010;8.07951005090085e-007;2;2
8.0805e-007;8.0788e-007;8.07965004471109e-007;1.20208152801587e-010;8.07965e-007;2;2
8.07802e-007;8.07602e-007;8.07702006190402e-007;1.4142135623732e-010;8.07702e-007;2;2
8.08252041771841e-007;8.07970020360341e-007;8.08111043368868e-007;1.99419252511274e-010;8.08111031066091e-007;2;2
8.08021954373376e-007;8.07228e-007;8.07625074751079e-007;5.61410521367096e-010;8.07624977186688e-007;2;2
8.07604e-007;8.07552e-007;8.07578000418535e-007;3.6769552621817e-011;8.07578e-007;2;2
8.07878083631801e-007;8.07756e-007;8.0781704412218e-007;8.63261639185123e-011;8.07817041815901e-007;2;2
8.0803e-007;8.0783e-007;8.07930006188655e-007;1.4142135623732e-010;8.0793e-007;2;2
8.08272006369448e-007;8.0763e-007;8.07951066952849e-007;4.53967057401478e-010;8.07951003184724e-007;2;2
8.08176041815901e-007;8.07902e-007;8.08039032525415e-007;1.93776826352031e-010;8.0803902090795e-007;2;2
8.07872006369448e-007;8.07074e-007;8.07473101766058e-007;5.6427571526648e-010;8.07473003184724e-007;2;2
8.07852e-007;8.07526e-007;8.07689016447543e-007;2.30516810666889e-010;8.07689e-007;2;2
8.07672e-007;8.07574e-007;8.07623001486461e-007;6.92964645562479e-011;8.07623e-007;2;2
8.0784995252002e-007;8.07676e-007;8.07762980942615e-007;1.23003006510757e-010;8.0776297626001e-007;2;2
8.07852e-007;8.07776e-007;8.0781400089377e-007;5.37401153701637e-011;8.07814e-007;2;2
8.08179979639659e-007;8.07621916368199e-007;8.07900996189694e-007;3.94610323580322e-010;8.07900948003929e-007;2;2
8.080520418159e-007;8.07904e-007;8.07978024298571e-007;1.04681371922312e-010;8.0797802090795e-007;2;2
8.07802e-007;8.076e-007;8.07701006314837e-007;1.42835569799732e-010;8.07701e-007;2;2
8.07823958184099e-007;8.0760004747998e-007;8.07712010590994e-007;1.58328777263203e-010;8.0771200283204e-007;2;2
8.0793e-007;8.07752e-007;8.07841004902574e-007;1.25865007051236e-010;8.07841e-007;2;2
8.0819995252002e-007;8.07502e-007;8.07851051635561e-007;4.93526959852553e-010;8.0785097626001e-007;2;2
8.07652e-007;8.07372e-007;8.07512012136042e-007;1.97989898732158e-010;8.07512e-007;2;2
8.07847954373376e-007;8.07126e-007;8.07487057871904e-007;5.10498833121757e-010;8.07486977186688e-007;2;2
8.07599948003929e-007;8.07022e-007;8.07311025720555e-007;4.08670952751167e-010;8.07310974001964e-007;2;2
8.07848010180171e-007;8.07626e-007;8.07737012717648e-007;1.56984903891154e-010;8.07737005090085e-007;2;2
8.07976e-007;8.07952e-007;8.07964000089113e-007;1.69705627484964e-011;8.07964e-007;2;2
8.08078e-007;8.074e-007;8.07739071137456e-007;4.79418397644536e-010;8.07739e-007;2;2
8.07504e-007;8.07424e-007;8.07464000990756e-007;5.65685424949879e-011;8.07464e-007;2;2
8.07952e-007;8.07823966536669e-007;8.07887985804665e-007;9.05333301401442e-011;8.07887983268334e-007;2;2
8.07578e-007;8.07549948003929e-007;8.07563974123768e-007;1.98357566478798e-011;8.07563974001964e-007;2;2
8.07652e-007;8.073e-007;8.07476019180756e-007;2.48901586977647e-010;8.07476e-007;2;2
8.07902e-007;8.07878e-007;8.07890000089121e-007;1.69705627484964e-011;8.0789e-007;2;2
8.0788e-007;8.07852e-007;8.07866000121307e-007;1.97989898731709e-011;8.07866e-007;2;2
8.0808e-007;8.07226e-007;8.07653112875819e-007;6.0386919113336e-010;8.07653e-007;2;2
8.0803e-007;8.07606e-007;8.07818027818147e-007;2.99813275223137e-010;8.07818e-007;2;2
8.082e-007;8.07878e-007;8.08039016039449e-007;2.27688383542064e-010;8.08039e-007;2;2
8.0805199437998e-007;8.07594e-007;8.07823029647417e-007;3.23850931829304e-010;8.0782299718999e-007;2;2
8.0798e-007;8.07320020360341e-007;8.07650077593825e-007;4.66676078647626e-010;8.07650010180171e-007;2;2
8.0783e-007;8.07228e-007;8.07529056097674e-007;4.25678282274373e-010;8.07529e-007;2;2
8.08203989819829e-007;8.07676e-007;8.07940038040166e-007;3.73345181998721e-010;8.07939994909915e-007;2;2
8.0795e-007;8.07728e-007;8.07839007625901e-007;1.56977705423404e-010;8.07839e-007;2;2
8.0763e-007;8.07124e-007;8.07377039640093e-007;3.57796031280387e-010;8.07377e-007;2;2
8.07852e-007;8.07684e-007;8.07768004367591e-007;1.18793939239325e-010;8.07768e-007;2;2
8.07502e-007;8.074e-007;8.07451001610624e-007;7.21248916809225e-011;8.07451e-007;2;2
8.08028e-007;8.07226e-007;8.0762709955152e-007;5.67099638511693e-010;8.07627e-007;2;2
8.07578e-007;8.06974e-007;8.07276056488733e-007;4.27092495836635e-010;8.07276e-007;2;2
8.07604e-007;8.07476e-007;8.07540002536097e-007;9.0509667991831e-011;8.0754e-007;2;2
8.0758e-007;8.07402e-007;8.07491004904699e-007;1.25865007051236e-010;8.07491e-007;2;2
8.08047958184099e-007;8.07778e-007;8.07912990367618e-007;1.90889262613438e-010;8.0791297909205e-007;2;2
8.08176085459403e-007;8.07652e-007;8.079140852258e-007;3.70584382264819e-010;8.07914042729701e-007;2;2
8.07902e-007;8.07828036151821e-007;8.07865018922378e-007;5.2300338609938e-011;8.07865018075911e-007;2;2
8.0778e-007;8.07278e-007;8.07529039008505e-007;3.54967604155712e-010;8.07529e-007;2;2
8.07954e-007;8.07504e-007;8.07729031337861e-007;3.18198051533895e-010;8.07729e-007;2;2
8.07602e-007;8.07376e-007;8.07489007906609e-007;1.59806132548079e-010;8.07489e-007;2;2
8.0783e-007;8.0775e-007;8.07790000990356e-007;5.65685424949879e-011;8.0779e-007;2;2
8.07904e-007;8.07871916368199e-007;8.07887958343366e-007;2.26865536117632e-011;8.078879581841e-007;2;2
8.07975995483909e-007;8.07928e-007;8.07951998098344e-007;3.39379321379389e-011;8.07951997741954e-007;2;2
8.07702e-007;8.07474005664079e-007;8.07588010877822e-007;1.61216341001645e-010;8.0758800283204e-007;2;2
8.0798e-007;8.07801942383909e-007;8.07890976097399e-007;1.25905747780035e-010;8.07890971191954e-007;2;2
8.07274e-007;8.07126e-007;8.07200003391972e-007;1.04651803615653e-010;8.072e-007;2;2
8.07952e-007;8.07702e-007;8.07827009671006e-007;1.76776695296575e-010;8.07827e-007;2;2
8.08252e-007;8.07498001853356e-007;8.07875088890963e-007;5.33157202493843e-010;8.07875000926678e-007;2;2
8.0785e-007;8.07402e-007;8.07626031063883e-007;3.16783837971633e-010;8.07626e-007;2;2
8.08177989819829e-007;8.07824e-007;8.08001014295533e-007;2.5030860207231e-010;8.08000994909915e-007;2;2
8.07478e-007;8.07204e-007;8.0734101162396e-007;1.93747258045072e-010;8.07341e-007;2;2
8.07978e-007;8.07676e-007;8.07827014112551e-007;2.13546247918392e-010;8.07827e-007;2;2
8.07725995483909e-007;8.07373912272966e-007;8.07549973066505e-007;2.48960425999228e-010;8.07549953878437e-007;2;2
8.07928e-007;8.076e-007;8.07764016648427e-007;2.31931024229151e-010;8.07764e-007;2;2
8.0763e-007;8.07552e-007;8.0759100094169e-007;5.51543289327256e-011;8.07591e-007;2;2
8.07874001827601e-007;8.07248e-007;8.0756106157149e-007;4.42650137332123e-010;8.07561000913801e-007;2;2
8.07576e-007;8.0755e-007;8.07563000104636e-007;1.83847763109085e-011;8.07563e-007;2;2
8.07928e-007;8.075e-007;8.07714028349143e-007;3.02641702347811e-010;8.07714e-007;2;2
8.08076041815901e-007;8.07797958184099e-007;8.07937011964192e-007;1.96634821783514e-010;8.07937e-007;2;2
8.07445971906056e-007;8.07274e-007;8.07359990531893e-007;1.21602500945914e-010;8.07359985953028e-007;2;2
8.07678e-007;8.07598005664079e-007;8.07638003822442e-007;5.65645373859923e-011;8.0763800283204e-007;2;2
8.07806e-007;8.07404e-007;8.07605025012846e-007;2.84256926036903e-010;8.07605e-007;2;2
8.07706e-007;8.0735e-007;8.07528019617895e-007;2.51730014102472e-010;8.07528e-007;2;2
8.07524e-007;8.073e-007;8.07412007768029e-007;1.58391918985817e-010;8.07412e-007;2;2
8.08200038005177e-007;8.07578e-007;8.07889078870228e-007;4.39847291616865e-010;8.07889019002589e-007;2;2
8.0823003163573e-007;8.07506e-007;8.07868096929781e-007;5.11967679418176e-010;8.07868015817865e-007;2;2
8.08102041771841e-007;8.0745e-007;8.07776086677434e-007;4.61063158485682e-010;8.07776020885921e-007;2;2
8.0783e-007;8.0778e-007;8.07805000386851e-007;3.53553390592552e-011;8.07805e-007;2;2
8.07652e-007;8.07304e-007;8.0747801874726e-007;2.46073159852973e-010;8.07478e-007;2;2
8.07754e-007;8.07552e-007;8.07653006315212e-007;1.42835569799732e-010;8.07653e-007;2;2
8.079e-007;8.07652e-007;8.0777600951749e-007;1.75362481734313e-010;8.07776e-007;2;2
8.07878e-007;8.0753e-007;8.07704018742014e-007;2.46073159852973e-010;8.07704e-007;2;2
8.0758e-007;8.0725e-007;8.0741501685936e-007;2.33345237791563e-010;8.07415e-007;2;2
8.07626e-007;8.07602e-007;8.07614000089151e-007;1.69705627484964e-011;8.07614e-007;2;2
8.0758e-007;8.0736996836427e-007;8.07474991011029e-007;1.4851479388829e-010;8.07474984182135e-007;2;2
8.0805e-007;8.0763e-007;8.07840027295009e-007;2.96984848098312e-010;8.0784e-007;2;2
8.07652e-007;8.07574e-007;8.07613000941664e-007;5.51543289324261e-011;8.07613e-007;2;2
8.0788e-007;8.072e-007;8.07540071575399e-007;4.80832611206948e-010;8.0754e-007;2;2
8.07802e-007;8.07524e-007;8.07663011961053e-007;1.96575685169896e-010;8.07663e-007;2;2
8.08054e-007;8.07602e-007;8.07828031613164e-007;3.19612265096308e-010;8.07828e-007;2;2
8.078e-007;8.07652e-007;8.07726003389763e-007;1.04651803615653e-010;8.07726e-007;2;2
8.0793e-007;8.07706e-007;8.07818007764125e-007;1.58391918985817e-010;8.07818e-007;2;2
8.07928e-007;8.07878036151821e-007;8.07903018462155e-007;3.53297758612919e-011;8.07903018075911e-007;2;2
8.08154045626624e-007;8.07402e-007;8.07778110333116e-007;5.31776562347236e-010;8.07778022813312e-007;2;2
8.07948057616091e-007;8.07552e-007;8.07750053082516e-007;2.80055026078615e-010;8.07750028808046e-007;2;2
8.07906e-007;8.07571958184099e-007;8.07738996359994e-007;2.36203233223197e-010;8.0773897909205e-007;2;2
8.07602e-007;8.07552e-007;8.0757700038696e-007;3.53553390592552e-011;8.07577e-007;2;2
8.0805e-007;8.07e-007;8.07525170660333e-007;7.42462120246006e-010;8.07525e-007;2;2
8.07578e-007;8.07578e-007;8.07578e-007;0;8.07578e-007;2;2
8.07654e-007;8.07352e-007;8.07503014118214e-007;2.13546247918392e-010;8.07503e-007;2;2
8.08124e-007;8.07302e-007;8.07713104567457e-007;5.81241774135365e-010;8.07713e-007;2;2
8.078e-007;8.07520020360341e-007;8.07660022312225e-007;1.97975501796658e-010;8.07660010180171e-007;2;2
8.0788e-007;8.07573958184099e-007;8.07726993586674e-007;2.16404243350026e-010;8.0772697909205e-007;2;2
8.07802041815901e-007;8.07502e-007;8.076520348411e-007;2.12161602662939e-010;8.0765202090795e-007;2;2
8.08206e-007;8.079e-007;8.08053014484817e-007;2.16374675043217e-010;8.08053e-007;2;2
8.0782803725575e-007;8.07678e-007;8.07753022111486e-007;1.06092360971215e-010;8.07753018627875e-007;2;2
8.07932e-007;8.07552e-007;8.07742022346244e-007;2.68700576850968e-010;8.07742e-007;2;2
8.07426e-007;8.07426e-007;8.07426e-007;0;8.07426e-007;2;2
8.0753e-007;8.07348e-007;8.07439005127941e-007;1.2869343417606e-010;8.07439e-007;2;2
8.08474e-007;8.07756e-007;8.08115079741741e-007;5.0770266889203e-010;8.08115e-007;2;2
8.08128e-007;8.0768e-007;8.07904031053194e-007;3.16783837971633e-010;8.07904e-007;2;2
8.07904e-007;8.07578e-007;8.07741016446485e-007;2.30516810666889e-010;8.07741e-007;2;2
8.07752e-007;8.07376e-007;8.07564021883095e-007;2.65872149726144e-010;8.07564e-007;2;2
8.07948010180171e-007;8.07929979639658e-007;8.07938994960212e-007;1.27495174648096e-011;8.07938994909915e-007;2;2
8.0793e-007;8.07202e-007;8.07566082034158e-007;5.14773736703791e-010;8.07566e-007;2;2
8.07852e-007;8.07601989819829e-007;8.07727004582906e-007;1.76783893764475e-010;8.07726994909915e-007;2;2
8.07802e-007;8.0765e-007;8.0772600357547e-007;1.07480230740327e-010;8.07726e-007;2;2
8.0793e-007;8.07774e-007;8.07852003765541e-007;1.10308657865002e-010;8.07852e-007;2;2
8.08351989819829e-007;8.07552e-007;8.07952093923172e-007;5.65678226481381e-010;8.07951994909915e-007;2;2
8.08878e-007;8.073e-007;8.08089385180872e-007;1.11581450071248e-009;8.08089e-007;2;2
8.07478e-007;8.07472e-007;8.07475000005573e-007;4.24264068708666e-012;8.07475e-007;2;2
8.0791e-007;8.076e-007;8.07755014871465e-007;2.19203102167891e-010;8.07755e-007;2;2
8.07852e-007;8.0755e-007;8.07701014114753e-007;2.13546247918392e-010;8.07701e-007;2;2
8.07702e-007;8.07573958184099e-007;8.07637981629496e-007;9.05392362986401e-011;8.0763797909205e-007;2;2
8.07904e-007;8.07422e-007;8.07663035956209e-007;3.40825468531891e-010;8.07663e-007;2;2
8.07552e-007;8.0715e-007;8.07351025020715e-007;2.84256926037052e-010;8.07351e-007;2;2
8.07704e-007;8.0755e-007;8.0762700367063e-007;1.0889444430274e-010;8.07627e-007;2;2
8.0793e-007;8.07504e-007;8.07717028084712e-007;3.01227488785399e-010;8.07717e-007;2;2
8.07902e-007;8.07678e-007;8.07790007764394e-007;1.58391918985817e-010;8.0779e-007;2;2
8.07825995483909e-007;8.077e-007;8.07763000198563e-007;8.90922610706644e-011;8.07762997741954e-007;2;2
8.07802e-007;8.07276e-007;8.07539042827033e-007;3.71938166904059e-010;8.07539e-007;2;2
8.07652e-007;8.07424e-007;8.0753800804668e-007;1.61220346110491e-010;8.07538e-007;2;2
8.0815e-007;8.07652e-007;8.07901038371656e-007;3.52139177030888e-010;8.07901e-007;2;2
8.08147958184099e-007;8.07882e-007;8.08014990034569e-007;1.88060835488764e-010;8.0801497909205e-007;2;2
8.07576e-007;8.07548e-007;8.07562000121353e-007;1.97989898733207e-011;8.07562e-007;2;2
8.07828e-007;8.07578e-007;8.07703009672491e-007;1.76776695296725e-010;8.07703e-007;2;2
8.07604e-007;8.07526e-007;8.0756500094172e-007;5.51543289325758e-011;8.07565e-007;2;2
8.08006e-007;8.07602e-007;8.07804025256126e-007;2.85671139599315e-010;8.07804e-007;2;2
8.07632e-007;8.07626e-007;8.07629000005572e-007;4.24264068708666e-012;8.07629e-007;2;2
8.07952e-007;8.07854e-007;8.07903001485946e-007;6.92964645562479e-011;8.07903e-007;2;2
8.08203989819829e-007;8.07302e-007;8.07753120812508e-007;6.37803118162453e-010;8.07752994909915e-007;2;2
8.0845e-007;8.07376e-007;8.0791317846536e-007;7.59432682994352e-010;8.07913e-007;2;2
8.08028083631801e-007;8.07832e-007;8.07930047764558e-007;1.38652065726264e-010;8.07930041815901e-007;2;2
8.08156e-007;8.07778e-007;8.07967022105482e-007;2.67286363288556e-010;8.07967e-007;2;2
8.07578e-007;8.07352e-007;8.07465007906844e-007;1.59806132548079e-010;8.07465e-007;2;2
8.07852e-007;8.07298e-007;8.07575047505803e-007;3.9173715677738e-010;8.07575e-007;2;2
8.07702e-007;8.0758e-007;8.07641002303623e-007;8.6267027304894e-011;8.07641e-007;2;2
8.0783e-007;8.07452e-007;8.07641022114404e-007;2.67286363288556e-010;8.07641e-007;2;2
8.0825e-007;8.07852e-007;8.08051024504022e-007;2.81428498912228e-010;8.08051e-007;2;2
8.07804e-007;8.074e-007;8.07602025262443e-007;2.85671139599315e-010;8.07602e-007;2;2
8.07822010180171e-007;8.07402e-007;8.07612032394123e-007;2.96992046566062e-010;8.07612005090085e-007;2;2
8.07754e-007;8.07632e-007;8.07693002303474e-007;8.6267027304894e-011;8.07693e-007;2;2
8.07722e-007;8.07572e-007;8.07647003482338e-007;1.06066017178065e-010;8.07647e-007;2;2
8.0793e-007;8.07222e-007;8.0757607758774e-007;5.0063160107997e-010;8.07576e-007;2;2
8.07954e-007;8.0759995256408e-007;8.07776995679347e-007;2.50349342800959e-010;8.0777697628204e-007;2;2
8.07552e-007;8.07504e-007;8.07528000356644e-007;3.39411254969928e-011;8.07528e-007;2;2
8.07843979757908e-007;8.07526e-007;8.07685005527246e-007;2.24845643096543e-010;8.07684989878954e-007;2;2
8.0793e-007;8.0773e-007;8.07830006189421e-007;1.4142135623732e-010;8.0783e-007;2;2
8.07652e-007;8.07602e-007;8.07627000386936e-007;3.53553390592552e-011;8.07627e-007;2;2
8.07920020360341e-007;8.07328e-007;8.07624064426963e-007;4.18621611397962e-010;8.07624010180171e-007;2;2
8.07922006369448e-007;8.07702e-007;8.07812010674524e-007;1.55567995740753e-010;8.07812003184724e-007;2;2
8.07702e-007;8.07672010180171e-007;8.07687005229277e-007;2.1206004967833e-011;8.07687005090085e-007;2;2
8.0770004747998e-007;8.07276e-007;8.07488051575737e-007;2.99846848638792e-010;8.0748802373999e-007;2;2
8.080520418159e-007;8.07524e-007;8.07788064054813e-007;3.7338194877328e-010;8.0778802090795e-007;2;2
8.08028e-007;8.07822010180171e-007;8.07925011655021e-007;1.45656798456806e-010;8.07925005090085e-007;2;2
8.07828041815901e-007;8.078e-007;8.07814021029628e-007;1.982855817998e-011;8.0781402090795e-007;2;2
8.08224004516091e-007;8.077e-007;8.07962044738497e-007;3.70527146700701e-010;8.07962002258046e-007;2;2
8.07602e-007;8.0755e-007;8.07576000418536e-007;3.67695526216673e-011;8.07576e-007;2;2
8.07798e-007;8.07652e-007;8.07725003298771e-007;1.0323759005339e-010;8.07725e-007;2;2
8.07626e-007;8.07624e-007;8.07625000000619e-007;1.41421356241213e-012;8.07625e-007;2;2
8.07898e-007;8.0763e-007;8.07764011114632e-007;1.89504617358135e-010;8.07764e-007;2;2
8.07976e-007;8.079e-007;8.07938000893633e-007;5.37401153701637e-011;8.07938e-007;2;2
8.08027993630552e-007;8.07902e-007;8.07964999271198e-007;8.90909505498076e-011;8.07964996815276e-007;2;2
8.07732e-007;8.07502e-007;8.07617008187668e-007;1.62634559672903e-010;8.07617e-007;2;2
8.07902e-007;8.0735e-007;8.07626047160442e-007;3.90322943214968e-010;8.07626e-007;2;2
8.078e-007;8.07552e-007;8.07676009518668e-007;1.75362481734313e-010;8.07676e-007;2;2
8.08002003810723e-007;8.07478e-007;8.07740044397374e-007;3.70526647929936e-010;8.07740001905362e-007;2;2
8.07626e-007;8.0755e-007;8.0758800089402e-007;5.37401153701637e-011;8.07588e-007;2;2
8.07652e-007;8.07526e-007;8.07589002457314e-007;8.90954544294188e-011;8.07589e-007;2;2
8.07976e-007;8.07876e-007;8.07926001547171e-007;7.07106781186601e-011;8.07926e-007;2;2
8.07872010180171e-007;8.07604e-007;8.0773801620592e-007;1.89511815825735e-010;8.07738005090085e-007;2;2
8.07922006369448e-007;8.07502e-007;8.07712030484886e-007;2.96989351978073e-010;8.07712003184724e-007;2;2
8.07802e-007;8.07552e-007;8.07677009672802e-007;1.76776695296725e-010;8.07677e-007;2;2
8.0778e-007;8.07554e-007;8.07667007904867e-007;1.59806132548079e-010;8.07667e-007;2;2
8.08098057616091e-007;8.07754e-007;8.07926047122786e-007;2.43285473456948e-010;8.07926028808046e-007;2;2
8.08028e-007;8.07454e-007;8.07741050987258e-007;4.05879292401052e-010;8.07741e-007;2;2
8.07444e-007;8.07426e-007;8.07435000050159e-007;1.27279220614097e-011;8.07435e-007;2;2
8.07673961994822e-007;8.07524e-007;8.07598984478192e-007;1.06039143459245e-010;8.07598980997411e-007;2;2
8.07604e-007;8.07552e-007;8.07578000418535e-007;3.67695526216673e-011;8.07578e-007;2;2
8.0782196274425e-007;8.07776e-007;8.07798981699028e-007;3.25005681412813e-011;8.07798981372125e-007;2;2
8.07774e-007;8.07172e-007;8.07473056101564e-007;4.25678282274223e-010;8.07473e-007;2;2
8.0803e-007;8.07526e-007;8.07778039307829e-007;3.56381817718125e-010;8.07778e-007;2;2
8.081e-007;8.07902e-007;8.08001006064968e-007;1.40007142674908e-010;8.08001e-007;2;2
8.08124e-007;8.073e-007;8.0771210507705e-007;5.82655987697777e-010;8.07712e-007;2;2
8.07925948003929e-007;8.07274e-007;8.07600039788894e-007;4.60996854559068e-010;8.07599974001964e-007;2;2
8.07928e-007;8.0788e-007;8.07904000356478e-007;3.3941125496843e-011;8.07904e-007;2;2
8.07897958184099e-007;8.07798e-007;8.07847980638077e-007;7.06811098118509e-011;8.0784797909205e-007;2;2
8.07856e-007;8.07676e-007;8.07766005013828e-007;1.27279220613648e-010;8.07766e-007;2;2
8.08221954373376e-007;8.07578e-007;8.07900041346428e-007;4.55344504189181e-010;8.07899977186688e-007;2;2
8.07552e-007;8.07474e-007;8.07513000941781e-007;5.51543289325758e-011;8.07513e-007;2;2
8.08676041828526e-007;8.07498e-007;8.08087235585197e-007;8.33001365472486e-010;8.08087020914263e-007;2;2
8.07678e-007;8.07602e-007;8.07640000893963e-007;5.37401153703134e-011;8.0764e-007;2;2
8.0815e-007;8.07547914546276e-007;8.07849013364515e-007;4.25738707181933e-010;8.07848957273138e-007;2;2
8.07948001853356e-007;8.07502e-007;8.07725031710306e-007;3.15370934929928e-010;8.07725000926678e-007;2;2
8.0788e-007;8.078e-007;8.07840000990295e-007;5.65685424948382e-011;8.0784e-007;2;2
8.08329979639658e-007;8.07552e-007;8.07941083460994e-007;5.50114678827546e-010;8.07940989819829e-007;2;2
8.07424e-007;8.07278e-007;8.07351003300299e-007;1.03237590053241e-010;8.07351e-007;2;2
8.07578e-007;8.07552e-007;8.07565000104636e-007;1.83847763109085e-011;8.07565e-007;2;2
8.08598e-007;8.07728e-007;8.08163117071053e-007;6.15182899632358e-010;8.08163e-007;2;2
8.0768e-007;8.07578e-007;8.07629001610269e-007;7.21248916810722e-011;8.07629e-007;2;2
8.07626e-007;8.07326e-007;8.07476013932303e-007;2.1213203435598e-010;8.07476e-007;2;2
8.0820398415575e-007;8.076e-007;8.07902048519877e-007;4.27081292260039e-010;8.07901992077875e-007;2;2
8.08228083631801e-007;8.07376e-007;8.07802154164971e-007;6.02514114184716e-010;8.07802041815901e-007;2;2
8.08054e-007;8.07802e-007;8.07928009825133e-007;1.78190908858987e-010;8.07928e-007;2;2
8.08248e-007;8.07802e-007;8.08025030771943e-007;3.15369624409221e-010;8.08025e-007;2;2
8.07478e-007;8.07324e-007;8.07401003671657e-007;1.0889444430274e-010;8.07401e-007;2;2
8.07748010180171e-007;8.07402e-007;8.07575023621343e-007;2.44666144758161e-010;8.07575005090085e-007;2;2
8.08252041815901e-007;8.07878e-007;8.0806504255028e-007;2.64487504470691e-010;8.0806502090795e-007;2;2
8.080780418159e-007;8.07432e-007;8.07755085495913e-007;4.5682054895335e-010;8.0775502090795e-007;2;2
8.077e-007;8.07672010180171e-007;8.07686005211331e-007;1.97917914054209e-011;8.07686005090085e-007;2;2
8.0793e-007;8.07152e-007;8.07541093692451e-007;5.50129075763047e-010;8.07541e-007;2;2
8.077e-007;8.07426e-007;8.07563011620765e-007;1.93747258045072e-010;8.07563e-007;2;2
8.07852e-007;8.07802e-007;8.0782700038684e-007;3.53553390592552e-011;8.07827e-007;2;2
8.07802e-007;8.07526e-007;8.07664011789556e-007;1.95161471607484e-010;8.07664e-007;2;2
8.07854e-007;8.0725e-007;8.07552056469427e-007;4.27092495836635e-010;8.07552e-007;2;2
8.0795e-007;8.07874e-007;8.07912000893662e-007;5.37401153703134e-011;8.07912e-007;2;2
8.08252041815901e-007;8.07354e-007;8.07803145703077e-007;6.35011457812338e-010;8.0780302090795e-007;2;2
8.08179979639658e-007;8.0784995252002e-007;8.0801498292945e-007;2.33364414271868e-010;8.08014966079839e-007;2;2
8.076e-007;8.07202e-007;8.07401024523749e-007;2.81428498912228e-010;8.07401e-007;2;2
8.08175994335921e-007;8.07876e-007;8.08026011090254e-007;2.12128029246985e-010;8.0802599716796e-007;2;2
8.07702e-007;8.07524e-007;8.07613004903958e-007;1.25865007051236e-010;8.07613e-007;2;2
8.07902089251821e-007;8.0783e-007;8.07866045430013e-007;5.09747988133477e-011;8.0786604462591e-007;2;2
8.07878e-007;8.07728e-007;8.07803003481666e-007;1.06066017177915e-010;8.07803e-007;2;2
8.07571916368199e-007;8.07504e-007;8.07537958898096e-007;4.80241245068969e-011;8.07537958184099e-007;2;2
8.08226041815901e-007;8.07971916368199e-007;8.08098989081504e-007;1.79693827341977e-010;8.0809897909205e-007;2;2
8.0797803725575e-007;8.07698010180171e-007;8.07838035851451e-007;1.98009044057708e-010;8.0783802371796e-007;2;2
8.07952e-007;8.07877989819829e-007;8.0791499575739e-007;5.23331002755016e-011;8.07914994909915e-007;2;2
8.07632e-007;8.07454e-007;8.07543004904383e-007;1.25865007051236e-010;8.07543e-007;2;2
8.08252033463331e-007;8.07926003810723e-007;8.08089035079419e-007;2.30537778227213e-010;8.08089018637027e-007;2;2
8.07526e-007;8.07428e-007;8.0747700148673e-007;6.92964645563977e-011;8.07477e-007;2;2
8.08123996189277e-007;8.0745e-007;8.07787068390218e-007;4.76587275931573e-010;8.07786998094638e-007;2;2
8.07982e-007;8.07554e-007;8.07768028347248e-007;3.02641702347811e-010;8.07768e-007;2;2
8.08377994335921e-007;8.07752e-007;8.08065057786366e-007;4.42644839913873e-010;8.0806499716796e-007;2;2
8.07652e-007;8.07552e-007;8.07602001547792e-007;7.07106781185103e-011;8.07602e-007;2;2
8.07906e-007;8.0759601584425e-007;8.07751022792143e-007;2.19191898591145e-010;8.07751007922125e-007;2;2
8.08478e-007;8.08078e-007;8.08278024743961e-007;2.8284271247464e-010;8.08278e-007;2;2
8.07920020360341e-007;8.0783e-007;8.07875011434026e-007;6.3654007242399e-011;8.07875010180171e-007;2;2
8.074e-007;8.07024e-007;8.07212021892638e-007;2.65872149726144e-010;8.07212e-007;2;2
8.0763e-007;8.07552e-007;8.07591000941689e-007;5.51543289325758e-011;8.07591e-007;2;2
8.07526e-007;8.07302e-007;8.0741400776801e-007;1.58391918985817e-010;8.07414e-007;2;2
8.07954e-007;8.07754e-007;8.07854006189237e-007;1.4142135623732e-010;8.07854e-007;2;2
8.07802e-007;8.07770020360341e-007;8.07786010338427e-007;2.26130200623454e-011;8.07786010180171e-007;2;2
8.07624e-007;8.07504e-007;8.07564002228925e-007;8.48528137423322e-011;8.07564e-007;2;2
8.080020418159e-007;8.07703989819829e-007;8.07853029563402e-007;2.10754587568127e-010;8.07853015817865e-007;2;2
8.07854e-007;8.07751989819829e-007;8.07802996520158e-007;7.21320901488222e-011;8.07802994909915e-007;2;2
8.07697958184099e-007;8.07552e-007;8.0762498238934e-007;1.03208021746282e-010;8.0762497909205e-007;2;2
8.08024e-007;8.07676e-007;8.07850018738627e-007;2.46073159852973e-010;8.0785e-007;2;2
8.07828e-007;8.07302e-007;8.07565042825654e-007;3.71938166904209e-010;8.07565e-007;2;2
8.0758e-007;8.07571954373376e-007;8.07575977196708e-007;5.68911714444673e-012;8.07575977186688e-007;2;2
8.08648e-007;8.08179979639658e-007;8.08414023689087e-007;3.30940370530805e-010;8.08413989819829e-007;2;2
8.07604e-007;8.07552e-007;8.07578000418535e-007;3.67695526216673e-011;8.07578e-007;2;2
8.07602e-007;8.07374e-007;8.07488008047178e-007;1.61220346110491e-010;8.07488e-007;2;2
8.07528e-007;8.07474e-007;8.07501000451393e-007;3.81837661840794e-011;8.07501e-007;2;2
8.08123958184099e-007;8.07854e-007;8.07988990366557e-007;1.90889262613438e-010;8.0798897909205e-007;2;2
8.0805e-007;8.07602e-007;8.07826031056192e-007;3.16783837971483e-010;8.07826e-007;2;2
8.08097958184099e-007;8.077e-007;8.07899003595533e-007;2.81398930605269e-010;8.0789897909205e-007;2;2
8.07776e-007;8.07754e-007;8.07765000074898e-007;1.55563491860843e-011;8.07765e-007;2;2
8.07799948003929e-007;8.0725e-007;8.07525020818287e-007;3.88871962877996e-010;8.07524974001964e-007;2;2
8.079e-007;8.07472e-007;8.07686028350126e-007;3.02641702347811e-010;8.07686e-007;2;2
8.08199952545775e-007;8.07920020360341e-007;8.08059998574997e-007;1.97941946592306e-010;8.08059986453058e-007;2;2
8.07626e-007;8.07604e-007;8.07615000074912e-007;1.55563491860843e-011;8.07615e-007;2;2
8.07628e-007;8.073e-007;8.07464016654612e-007;2.31931024229151e-010;8.07464e-007;2;2
8.07426e-007;8.07328e-007;8.07377001486914e-007;6.92964645562479e-011;8.07377e-007;2;2
8.0797604743592e-007;8.07532e-007;8.0775405423129e-007;3.13988953107858e-010;8.0775402371796e-007;2;2
8.07378e-007;8.07302e-007;8.07340000894295e-007;5.37401153701637e-011;8.0734e-007;2;2
8.08451994335921e-007;8.07952e-007;8.0820203583316e-007;3.53549385484305e-010;8.0820199716796e-007;2;2
8.08049948003929e-007;8.08028e-007;8.08038974076483e-007;1.55195824113753e-011;8.08038974001964e-007;2;2
8.07878083631801e-007;8.07452e-007;8.07665069913449e-007;3.01286625399167e-010;8.07665041815901e-007;2;2
8.0788e-007;8.0775e-007;8.07815002615079e-007;9.19238815542431e-011;8.07815e-007;2;2
8.07777993630552e-007;8.073e-007;8.07539032181665e-007;3.37992537527605e-010;8.07538996815276e-007;2;2
8.07678e-007;8.07572e-007;8.0762500173905e-007;7.49533188057467e-011;8.07625e-007;2;2
8.07950051996071e-007;8.0778e-007;8.07865030472434e-007;1.20244919576296e-010;8.07865025998036e-007;2;2
8.0792803725575e-007;8.07602e-007;8.07765035077629e-007;2.30543154460038e-010;8.07765018627875e-007;2;2
8.08274004516091e-007;8.07504e-007;8.0788909399511e-007;5.44475414872602e-010;8.07889002258046e-007;2;2
8.07298e-007;8.07256e-007;8.0727700027314e-007;2.96984848099061e-011;8.07277e-007;2;2
8.0775e-007;8.07652e-007;8.07701001486317e-007;6.92964645562479e-011;8.07701e-007;2;2
8.0807604743592e-007;8.07878e-007;8.07977029786014e-007;1.40040684935957e-010;8.0797702371796e-007;2;2
8.07902e-007;8.07726e-007;8.07814004793183e-007;1.24450793488824e-010;8.07814e-007;2;2
8.07832e-007;8.07352e-007;8.07592035661571e-007;3.39411254969478e-010;8.07592e-007;2;2
8.07902e-007;8.07678e-007;8.07790007764394e-007;1.58391918985667e-010;8.0779e-007;2;2
8.08252e-007;8.07476e-007;8.07864093174093e-007;5.48714862200784e-010;8.07864e-007;2;2
8.0745004747998e-007;8.07376e-007;8.07413024588848e-007;5.23594752234066e-011;8.0741302373999e-007;2;2
8.07999948003929e-007;8.07798e-007;8.07898980312004e-007;1.42798803025023e-010;8.07898974001964e-007;2;2
8.08126e-007;8.07902e-007;8.08014007762242e-007;1.58391918985817e-010;8.08014e-007;2;2
8.08154e-007;8.0797196274425e-007;8.08062986498205e-007;1.2871977796906e-010;8.08062981372125e-007;2;2
8.07754e-007;8.07352e-007;8.07553025014457e-007;2.84256926036903e-010;8.07553e-007;2;2
8.07852e-007;8.07724e-007;8.07788002535319e-007;9.0509667991831e-011;8.07788e-007;2;2
8.07876e-007;8.07573958184099e-007;8.07724993210292e-007;2.13575816225052e-010;8.0772497909205e-007;2;2
8.07802e-007;8.0758e-007;8.07691007627298e-007;1.56977705423404e-010;8.07691e-007;2;2
8.07852e-007;8.07652e-007;8.07752006190019e-007;1.4142135623732e-010;8.07752e-007;2;2
8.07872010180171e-007;8.075e-007;8.07686026507996e-007;2.63050921069219e-010;8.07686005090085e-007;2;2
8.08176094871841e-007;8.0798e-007;8.0807805338417e-007;1.38660013634595e-010;8.0807804743592e-007;2;2
8.07652e-007;8.07472e-007;8.07562005015095e-007;1.27279220613498e-010;8.07562e-007;2;2
8.07978e-007;8.07901989819829e-007;8.07939995803785e-007;5.37473138379137e-011;8.07939994909915e-007;2;2
8.07951994335921e-007;8.07602e-007;8.07777016123692e-007;2.4748336830639e-010;8.0777699716796e-007;2;2
8.07904e-007;8.07874e-007;8.07889000139252e-007;2.12132034357328e-011;8.07889e-007;2;2
8.079e-007;8.07454e-007;8.07677030785202e-007;3.15369624409221e-010;8.07677e-007;2;2
8.08228083631801e-007;8.07352e-007;8.07790160584769e-007;6.19484676933212e-010;8.07790041815901e-007;2;2
8.08178083631801e-007;8.0765e-007;8.07914084962866e-007;3.73411517080389e-010;8.07914041815901e-007;2;2
8.07628e-007;8.07504e-007;8.07566002379991e-007;8.76812408671564e-011;8.07566e-007;2;2
8.08177989819829e-007;8.07776e-007;8.07977019909979e-007;2.84249727569302e-010;8.07976994909914e-007;2;2
8.08004e-007;8.077e-007;8.07852014299649e-007;2.14960461480655e-010;8.07852e-007;2;2
8.07852e-007;8.07302e-007;8.07577046822159e-007;3.88908729652705e-010;8.07577e-007;2;2
8.07925994335921e-007;8.07404e-007;8.07665039338613e-007;3.69105734670389e-010;8.0766499716796e-007;2;2
8.07902e-007;8.07602e-007;8.07752013927542e-007;2.1213203435598e-010;8.07752e-007;2;2
8.08377989819829e-007;8.07702e-007;8.08040065599828e-007;4.77996985614374e-010;8.08039994909915e-007;2;2
8.08300004516091e-007;8.07904e-007;8.08102026515437e-007;2.8001747870887e-010;8.08102002258046e-007;2;2
8.07520020360342e-007;8.07402e-007;8.07461012336437e-007;8.34529971155699e-011;8.07461010180171e-007;2;2
8.07932e-007;8.07374e-007;8.07653048189629e-007;3.94565583902054e-010;8.07653e-007;2;2
8.08174051996071e-007;8.079e-007;8.08037037616392e-007;1.93784024819781e-010;8.08037025998036e-007;2;2
8.0789995256408e-007;8.07602e-007;8.07750990020143e-007;2.10684278532668e-010;8.0775097628204e-007;2;2
8.07554e-007;8.075e-007;8.07527000451378e-007;3.81837661839297e-011;8.07527e-007;2;2
8.08200051996071e-007;8.07174e-007;8.0768718892974e-007;7.25528324272068e-010;8.07687025998036e-007;2;2
8.07778e-007;8.07724e-007;8.07751000451253e-007;3.81837661840794e-011;8.07751e-007;2;2
8.08179979639658e-007;8.07902e-007;8.08041001773536e-007;1.96561288234246e-010;8.08040989819829e-007;2;2
8.07752e-007;8.07702e-007;8.07727000386888e-007;3.53553390592552e-011;8.07727e-007;2;2
8.08148010180171e-007;8.07748010180171e-007;8.07948034934238e-007;2.8284271247464e-010;8.07948010180171e-007;2;2
8.07652e-007;8.07502e-007;8.0757700348264e-007;1.06066017178065e-010;8.07577e-007;2;2
8.0765e-007;8.07602e-007;8.07626000356601e-007;3.39411254969928e-011;8.07626e-007;2;2
8.08075994335921e-007;8.07552e-007;8.07814039654544e-007;3.70519948232951e-010;8.0781399716796e-007;2;2
8.08102e-007;8.07902e-007;8.08002006188103e-007;1.4142135623732e-010;8.08002e-007;2;2
8.0753e-007;8.0745e-007;8.07490000990724e-007;5.65685424949879e-011;8.0749e-007;2;2
8.07852e-007;8.0773e-007;8.07791002303195e-007;8.62670273047443e-011;8.07791e-007;2;2
8.0813e-007;8.07852e-007;8.07991011956197e-007;1.96575685169896e-010;8.07991e-007;2;2
8.078e-007;8.0755e-007;8.07675009672826e-007;1.76776695296725e-010;8.07675e-007;2;2
8.07832e-007;8.07776e-007;8.07804000485266e-007;3.95979797464916e-011;8.07804e-007;2;2
8.07682e-007;8.07652e-007;8.0766700013929e-007;2.1213203435583e-011;8.07667e-007;2;2
8.07502e-007;8.07278e-007;8.07390007768241e-007;1.58391918985817e-010;8.0739e-007;2;2
8.082e-007;8.07622e-007;8.07911051689479e-007;4.08707719525876e-010;8.07911e-007;2;2
8.0758e-007;8.0725e-007;8.0741501685936e-007;2.33345237791563e-010;8.07415e-007;2;2
8.07676e-007;8.07528e-007;8.07602003390284e-007;1.04651803615503e-010;8.07602e-007;2;2
8.0785e-007;8.07578e-007;8.07714011449597e-007;1.92333044482809e-010;8.07714e-007;2;2
8.07979979639659e-007;8.07324e-007;8.07652056418636e-007;4.63847651522952e-010;8.07651989819829e-007;2;2
8.07997958184099e-007;8.07228e-007;8.07613070849424e-007;5.44442653206739e-010;8.0761297909205e-007;2;2
8.0793e-007;8.07352e-007;8.07641051706759e-007;4.08707719525726e-010;8.07641e-007;2;2
8.07902089251821e-007;8.07747958184099e-007;8.0782502739394e-007;1.08987123177407e-010;8.0782502371796e-007;2;2
8.07726e-007;8.07552e-007;8.07639004685881e-007;1.23036579926412e-010;8.07639e-007;2;2
8.0819995252002e-007;8.07652e-007;8.07926022714135e-007;3.87460942674339e-010;8.0792597626001e-007;2;2
8.07602e-007;8.07499948003929e-007;8.07550975614031e-007;7.21616584556314e-011;8.07550974001964e-007;2;2
8.08028e-007;8.07898e-007;8.079630026146e-007;9.19238815542431e-011;8.07963e-007;2;2
8.07801989819829e-007;8.071e-007;8.07451071197777e-007;4.96381761925283e-010;8.07450994909915e-007;2;2
8.08121916368199e-007;8.07674e-007;8.07897989225933e-007;3.16724701357715e-010;8.07897958184099e-007;2;2
8.0802599437998e-007;8.08e-007;8.08012997294522e-007;1.8380802356818e-011;8.0801299718999e-007;2;2
8.07877989819829e-007;8.078e-007;8.07838995851069e-007;5.51471304648258e-011;8.07838994909915e-007;2;2
8.07602e-007;8.07402e-007;8.07502006191935e-007;1.4142135623717e-010;8.07502e-007;2;2
8.07924004516091e-007;8.07726e-007;8.07825008324612e-007;1.40010336033812e-010;8.07825002258046e-007;2;2
8.08054e-007;8.0793e-007;8.07992002378736e-007;8.76812408671564e-011;8.07992e-007;2;2
8.075e-007;8.07345963848179e-007;8.07422985597371e-007;1.08920007500703e-010;8.07422981924089e-007;2;2
8.08278083631801e-007;8.07772e-007;8.08025081437296e-007;3.57855167894155e-010;8.080250418159e-007;2;2
8.07621954373376e-007;8.07456e-007;8.07538981449772e-007;1.17347462781965e-010;8.07538977186688e-007;2;2
8.07872010180171e-007;8.07752e-007;8.07812007318705e-007;8.4860012210232e-011;8.07812005090085e-007;2;2
8.081e-007;8.07776e-007;8.07938016241345e-007;2.29102597104477e-010;8.07938e-007;2;2
8.0795e-007;8.07582e-007;8.07766020956564e-007;2.60215295476645e-010;8.07766e-007;2;2
8.07522e-007;8.07454e-007;8.074880007158e-007;4.80832611206649e-011;8.07488e-007;2;2
8.08528036151821e-007;8.07578e-007;8.08053157696794e-007;6.71777005325159e-010;8.08053018075911e-007;2;2
8.07847958184099e-007;8.07752e-007;8.07799980516903e-007;6.78526826871764e-011;8.0779997909205e-007;2;2
8.0798e-007;8.07624e-007;8.07802019611241e-007;2.51730014102472e-010;8.07802e-007;2;2
8.0765e-007;8.07398010180171e-007;8.07524014919339e-007;1.78183710391387e-010;8.07524005090085e-007;2;2
8.07426e-007;8.0724601584425e-007;8.07336012937741e-007;1.27268017036902e-010;8.07336007922125e-007;2;2
8.08528083631801e-007;8.0848003163573e-007;8.08504057990751e-007;3.3977892271552e-011;8.08504057633765e-007;2;2
8.07650038005177e-007;8.07272e-007;8.07461041126371e-007;2.67313237007226e-010;8.07461019002589e-007;2;2
8.07904e-007;8.07828e-007;8.07866000893713e-007;5.37401153701637e-011;8.07866e-007;2;2
8.07876e-007;8.07226e-007;8.07551065398344e-007;4.59619407771216e-010;8.07551e-007;2;2
8.07948010180171e-007;8.0789800562002e-007;8.0792300828696e-007;3.53585635730644e-011;8.07923007900095e-007;2;2
8.07478e-007;8.07452041815901e-007;8.07465021012262e-007;1.83552080039496e-011;8.0746502090795e-007;2;2
8.08452041815901e-007;8.07804e-007;8.08128085866436e-007;4.58234762515613e-010;8.0812802090795e-007;2;2
8.0768e-007;8.0735e-007;8.07515016857272e-007;2.33345237791563e-010;8.07515e-007;2;2
8.07604e-007;8.07502e-007;8.07553001610421e-007;7.21248916810722e-011;8.07553e-007;2;2
8.08329979639658e-007;8.07326e-007;8.07828145789762e-007;7.09920811375775e-010;8.07827989819829e-007;2;2
8.07924001827601e-007;8.077240531e-007;8.07824033650094e-007;1.41385101176829e-010;8.07824027463801e-007;2;2
8.08222006369448e-007;8.0793e-007;8.08076016374652e-007;2.06479683986093e-010;8.08076003184724e-007;2;2
8.07697958184099e-007;8.06824e-007;8.07261097362793e-007;6.17981758450223e-010;8.0726097909205e-007;2;2
8.07978e-007;8.07572010180171e-007;8.07775030596527e-007;2.87078154693977e-010;8.07775005090085e-007;2;2
8.07676e-007;8.07648057616091e-007;8.07662028928885e-007;1.97582491445212e-011;8.07662028808046e-007;2;2
8.07828e-007;8.073e-007;8.07564043151997e-007;3.73352380466471e-010;8.07564e-007;2;2
8.08075994335921e-007;8.07904e-007;8.07990001744448e-007;1.21618361255303e-010;8.0798999716796e-007;2;2
8.0822395252002e-007;8.07774e-007;8.0799900758079e-007;3.1816447811824e-010;8.0799897626001e-007;2;2
8.08324004516091e-007;7.7200566407933e-010;5.7157164567081e-007;5.71025494549009e-007;4.04548005090085e-007;2;2
8.08304041815901e-007;8.07854e-007;8.0807905223806e-007;3.18227619840854e-010;8.0807902090795e-007;2;2
8.0813e-007;8.07652041815901e-007;8.07891056253686e-007;3.37967473100407e-010;8.0789102090795e-007;2;2
8.07572e-007;8.07502e-007;8.07537000758479e-007;4.9497474683077e-011;8.07537e-007;2;2
8.08076e-007;8.07904e-007;8.07990004576789e-007;1.21622366363999e-010;8.0799e-007;2;2
8.0755e-007;8.07372e-007;8.07461004904881e-007;1.25865007051236e-010;8.07461e-007;2;2
8.07526e-007;8.07502e-007;8.07514000089162e-007;1.69705627484964e-011;8.07514e-007;2;2
8.08229979639658e-007;8.07804e-007;8.08017017891431e-007;3.01213091849899e-010;8.08016989819829e-007;2;2
8.08278083631801e-007;8.08177994335921e-007;8.08228040533217e-007;7.07738198412739e-011;8.08228038983861e-007;2;2
8.07524e-007;8.0748e-007;8.0750200029969e-007;3.11126983721685e-011;8.07502e-007;2;2
8.0765e-007;8.07626043625197e-007;8.07638021901424e-007;1.69397150757355e-011;8.07638021812599e-007;2;2
8.0798e-007;8.0788e-007;8.07930001547164e-007;7.07106781186601e-011;8.0793e-007;2;2
8.0763e-007;8.07326e-007;8.07478014306272e-007;2.14960461480804e-010;8.07478e-007;2;2
8.07882e-007;8.07332e-007;8.0760704682042e-007;3.88908729652705e-010;8.07607e-007;2;2
8.07876e-007;8.07624e-007;8.07750009827298e-007;1.78190908858838e-010;8.0775e-007;2;2
8.07821954373376e-007;8.07524005664079e-007;8.07672993757802e-007;2.10681552789625e-010;8.07672980018728e-007;2;2
8.08123996189277e-007;8.07878e-007;8.08001007456342e-007;1.73945573583762e-010;8.08000998094638e-007;2;2
8.07926e-007;8.07352e-007;8.07639050993697e-007;4.05879292401202e-010;8.07639e-007;2;2
8.0835398415575e-007;8.08178e-007;8.08265996867514e-007;1.24439589912078e-010;8.08265992077875e-007;2;2
8.0793e-007;8.07576e-007;8.07753019392685e-007;2.5031580054006e-010;8.07753e-007;2;2
8.0765e-007;8.07602e-007;8.07626000356601e-007;3.39411254969928e-011;8.07626e-007;2;2
8.07720020360341e-007;8.07528e-007;8.07624015887006e-007;1.35778898923321e-010;8.07624010180171e-007;2;2
8.08251989819829e-007;8.07154e-007;8.07703181485536e-007;7.76396047274949e-010;8.07702994909915e-007;2;2
8.07994e-007;8.0764995252002e-007;8.0782199457603e-007;2.43278306143953e-010;8.0782197626001e-007;2;2
8.08224004516091e-007;8.07876041815901e-007;8.08050041895969e-007;2.46046784904918e-010;8.08050023165996e-007;2;2
8.08152e-007;8.0775e-007;8.07951025002135e-007;2.84256926036903e-010;8.07951e-007;2;2
8.0795398415575e-007;8.07676e-007;8.07815004035314e-007;1.9656448159315e-010;8.07814992077875e-007;2;2
8.08054e-007;8.07826041815901e-007;8.07940028947677e-007;1.61190777803832e-010;8.0794002090795e-007;2;2
8.07497958184099e-007;8.07452e-007;8.07474979419019e-007;3.24973436277715e-011;8.0747497909205e-007;2;2
8.0812604743592e-007;8.07904e-007;8.08015031345458e-007;1.57011247684304e-010;8.0801502371796e-007;2;2
8.0778e-007;8.07652e-007;8.07716002535545e-007;9.0509667991831e-011;8.07716e-007;2;2
8.07952e-007;8.07452e-007;8.07702038690011e-007;3.53553390593151e-010;8.07702e-007;2;2
8.07726e-007;8.07632e-007;8.07679001367499e-007;6.64680374314237e-011;8.07679e-007;2;2
8.07728e-007;8.07224005664079e-007;8.07476042153686e-007;3.56377812609129e-010;8.0747600283204e-007;2;2
8.08174001827601e-007;8.0768e-007;8.07927038670584e-007;3.49312042215468e-010;8.07927000913801e-007;2;2
8.07726041815901e-007;8.07599948003929e-007;8.07662997370664e-007;8.91617895109369e-011;8.07662994909915e-007;2;2
8.0788e-007;8.0765e-007;8.07765008186168e-007;1.62634559672903e-010;8.07765e-007;2;2
8.07552e-007;8.07452e-007;8.07502001547984e-007;7.07106781186601e-011;8.07502e-007;2;2
8.07773996189277e-007;8.07226e-007;8.07500044580678e-007;3.87491821502005e-010;8.07499998094638e-007;2;2
8.07878041815901e-007;8.07654e-007;8.07766028675474e-007;1.58421487292626e-010;8.0776602090795e-007;2;2
8.084479581841e-007;8.08002e-007;8.08225009850611e-007;3.15340056102412e-010;8.0822497909205e-007;2;2
8.079e-007;8.07776e-007;8.0783800237919e-007;8.76812408671564e-011;8.07838e-007;2;2
8.0777395256408e-007;8.07754e-007;8.07763976343646e-007;1.41085933626227e-011;8.0776397628204e-007;2;2
8.07426e-007;8.07322e-007;8.07374001674565e-007;7.35391052433346e-011;8.07374e-007;2;2
8.07948010180171e-007;8.07652e-007;8.07800018648829e-007;2.09310805698906e-010;8.07800005090085e-007;2;2
8.08028e-007;8.07424e-007;8.07726056457262e-007;4.27092495836635e-010;8.07726e-007;2;2
8.07676e-007;8.07526e-007;8.07601003482537e-007;1.06066017178065e-010;8.07601e-007;2;2
8.07754e-007;8.07626e-007;8.07690002535626e-007;9.05096679919807e-011;8.0769e-007;2;2
8.07778e-007;8.07326e-007;8.07552031623969e-007;3.19612265096308e-010;8.07552e-007;2;2
8.07752e-007;8.07421963848179e-007;8.07586998783552e-007;2.33370800989377e-010;8.07586981924089e-007;2;2
8.081e-007;8.079e-007;8.08000006188119e-007;1.4142135623732e-010;8.08e-007;2;2
8.07926051246643e-007;8.0715e-007;8.07538118847338e-007;5.48751099049823e-010;8.07538025623322e-007;2;2
8.08102041815901e-007;8.07576e-007;8.07839063725885e-007;3.71967735211018e-010;8.0783902090795e-007;2;2
8.08029979639658e-007;8.07524e-007;8.07777029437105e-007;3.57781634344737e-010;8.07776989819829e-007;2;2
8.07902e-007;8.07876e-007;8.07889000104594e-007;1.83847763109085e-011;8.07889e-007;2;2
8.07872053823673e-007;8.076e-007;8.07736038365653e-007;1.92371103566623e-010;8.07736026911836e-007;2;2
8.082e-007;8.07972010180171e-007;8.08086013130591e-007;1.61213147642741e-010;8.08086005090085e-007;2;2
8.08046006369448e-007;8.07576e-007;8.07811037367531e-007;3.32344691037329e-010;8.07811003184724e-007;2;2
8.08002e-007;8.07523996189277e-007;8.07763033452726e-007;3.37999735995205e-010;8.07762998094639e-007;2;2
8.08124001827601e-007;8.0778e-007;8.07952019222013e-007;2.43246025037403e-010;8.07952000913801e-007;2;2
8.07925996189277e-007;8.07626041815901e-007;8.07776032925481e-007;2.12099771461032e-010;8.07776019002589e-007;2;2
8.08278041815901e-007;8.079e-007;8.08089043014984e-007;2.67315931595365e-010;8.0808902090795e-007;2;2
8.0819995252002e-007;8.07324e-007;8.07762094997457e-007;6.19391966903639e-010;8.0776197626001e-007;2;2
8.07678e-007;8.07671954373376e-007;8.07674977192345e-007;4.2749035820346e-012;8.07674977186688e-007;2;2
8.07622010180171e-007;8.07571910748179e-007;8.07596960852666e-007;3.54256480950135e-011;8.07596960464175e-007;2;2
8.079e-007;8.07649956356498e-007;8.07774987853255e-007;1.76807555912788e-010;8.07774978178249e-007;2;2
8.08028036151821e-007;8.07272e-007;8.07650106540997e-007;5.34598289774926e-010;8.07650018075911e-007;2;2
8.07878e-007;8.07552e-007;8.07715016447014e-007;2.30516810666739e-010;8.07715e-007;2;2
8.08132e-007;8.07552e-007;8.07842052052256e-007;4.10121933088139e-010;8.07842e-007;2;2
8.07802e-007;8.07676e-007;8.07739002456858e-007;8.90954544294188e-011;8.07739e-007;2;2
8.08029979639658e-007;8.0748e-007;8.07755036628205e-007;3.88894332717055e-010;8.07754989819829e-007;2;2
8.07474e-007;8.0745e-007;8.07462000089168e-007;1.69705627484964e-011;8.07462e-007;2;2
8.07702e-007;8.07545916368199e-007;8.07623961954744e-007;1.1036779447877e-010;8.07623958184099e-007;2;2
8.07951986009106e-007;8.07602e-007;8.07777011959383e-007;2.47477480359346e-010;8.07776993004553e-007;2;2
8.07901942383909e-007;8.0748e-007;8.07690998745093e-007;2.98358320932075e-010;8.07690971191954e-007;2;2
8.082780418159e-007;8.08227989819829e-007;8.08253016205306e-007;3.53921058339641e-011;8.08253015817865e-007;2;2
8.08378083631801e-007;8.07473958184099e-007;8.07926147380353e-007;6.39313235113192e-010;8.0792602090795e-007;2;2
8.08176041815901e-007;8.08002e-007;8.08089025593473e-007;1.23066148233371e-010;8.0808902090795e-007;2;2
8.08227989819829e-007;8.08078041815901e-007;8.0815301929561e-007;1.06029250403356e-010;8.08153015817865e-007;2;2
8.08222006369448e-007;8.0735e-007;8.07786120851261e-007;6.16601617074381e-010;8.07786003184724e-007;2;2
8.07695916368199e-007;8.07572e-007;8.07633960560681e-007;8.76221042533884e-011;8.07633958184099e-007;2;2
8.07698010180171e-007;8.07626e-007;8.07662005892628e-007;5.09188867130895e-011;8.07662005090085e-007;2;2
8.07774004516092e-007;8.07576e-007;8.07675008325738e-007;1.40010336033812e-010;8.07675002258046e-007;2;2
8.07776e-007;8.07148e-007;8.07462061053026e-007;4.44063058585131e-010;8.07462e-007;2;2
8.07952e-007;8.07947958184099e-007;8.07949979094577e-007;2.8579954316334e-012;8.0794997909205e-007;2;2
8.0815000562002e-007;8.07876e-007;8.0801301442478e-007;1.93751231999312e-010;8.0801300281001e-007;2;2
8.08203984468747e-007;8.08023958184099e-007;8.08113976339556e-007;1.27297806665782e-010;8.08113971326423e-007;2;2
8.077e-007;8.0755e-007;8.07625003482433e-007;1.06066017177915e-010;8.07625e-007;2;2
8.07572010180171e-007;8.0753e-007;8.07551005363265e-007;2.97056832775064e-011;8.07551005090085e-007;2;2
8.0788e-007;8.07820020360341e-007;8.07850010736827e-007;4.2412009935666e-011;8.07850010180171e-007;2;2
8.08076041815901e-007;8.0745e-007;8.07763081558217e-007;4.42678413329678e-010;8.0776302090795e-007;2;2
8.07702e-007;8.076e-007;8.07651001610225e-007;7.21248916810722e-011;8.07651e-007;2;2
8.07906e-007;8.07602051246644e-007;8.07754039919884e-007;2.14924224631616e-010;8.07754025623322e-007;2;2
8.0820403725575e-007;8.0765e-007;8.07927066119366e-007;3.91763500570529e-010;8.07927018627875e-007;2;2
8.07852e-007;8.07823958184099e-007;8.07837979213724e-007;1.98285581801298e-011;8.0783797909205e-007;2;2
8.08070020360341e-007;8.07552003810723e-007;8.07811053608415e-007;3.66293015002071e-010;8.07811012085532e-007;2;2
8.07954e-007;8.07528e-007;8.07741028083878e-007;3.01227488785399e-010;8.07741e-007;2;2
8.07526e-007;8.07152e-007;8.07339021656949e-007;2.64457936163732e-010;8.07339e-007;2;2
8.07748e-007;8.07328e-007;8.07538027305216e-007;2.96984848098312e-010;8.07538e-007;2;2
8.07848010180171e-007;8.07328e-007;8.07588046944747e-007;3.67702724684723e-010;8.07588005090085e-007;2;2
8.07652e-007;8.07628e-007;8.07640000089149e-007;1.69705627483466e-011;8.0764e-007;2;2
8.07702e-007;8.07606e-007;8.07654001426353e-007;6.78822509938358e-011;8.07654e-007;2;2
8.0793e-007;8.0793e-007;8.0793e-007;0;8.0793e-007;2;2
8.08273996189277e-007;8.08152041815901e-007;8.08213021302859e-007;8.62347644097964e-011;8.08213019002589e-007;2;2
8.076e-007;8.07426e-007;8.07513004686612e-007;1.23036579926412e-010;8.07513e-007;2;2
8.07897958184099e-007;8.07606e-007;8.07751992282915e-007;2.06445611799672e-010;8.0775197909205e-007;2;2
8.07923956356498e-007;8.07878e-007;8.0790097850502e-007;3.24960513183677e-011;8.07900978178249e-007;2;2
8.07752e-007;8.07376e-007;8.07564021883095e-007;2.65872149726144e-010;8.07564e-007;2;2
8.0788e-007;8.0755e-007;8.07715016853098e-007;2.33345237791563e-010;8.07715e-007;2;2
8.07850043643502e-007;8.07598010180171e-007;8.07724036742061e-007;1.7821457100745e-010;8.07724026911836e-007;2;2
8.07704e-007;8.0745e-007;8.07577009986045e-007;1.7960512242125e-010;8.07577e-007;2;2
8.0786996836427e-007;8.07854e-007;8.07861984221589e-007;1.12913386599385e-011;8.07861984182135e-007;2;2
8.07778e-007;8.07404e-007;8.07591021650191e-007;2.64457936163732e-010;8.07591e-007;2;2
8.08026e-007;8.0763e-007;8.07828024265066e-007;2.80014285349816e-010;8.07828e-007;2;2
8.0798e-007;8.07876041815901e-007;8.07928022580021e-007;7.35095369365255e-011;8.0792802090795e-007;2;2
8.07552e-007;8.07224e-007;8.0738801665618e-007;2.31931024229151e-010;8.07388e-007;2;2
8.0792196274425e-007;8.07832077299653e-007;8.07877021272048e-007;6.35586074051489e-011;8.07877020021951e-007;2;2
8.07877989819829e-007;8.07399948003929e-007;8.0763900428102e-007;3.38026609714025e-010;8.07638968911879e-007;2;2
8.07752e-007;8.07598005664079e-007;8.07675006502182e-007;1.08890439193894e-010;8.0767500283204e-007;2;2
8.08e-007;8.07702e-007;8.07851013740776e-007;2.10717820793568e-010;8.07851e-007;2;2
8.079e-007;8.0783e-007;8.07865000758171e-007;4.94974746829273e-011;8.07865e-007;2;2
8.0763e-007;8.07528e-007;8.07579001610369e-007;7.21248916809225e-011;8.07579e-007;2;2
8.07828041815901e-007;8.073e-007;8.07564064066781e-007;3.7338194877328e-010;8.0756402090795e-007;2;2
8.07801994335921e-007;8.07571916368199e-007;8.0768696354457e-007;1.62689691177676e-010;8.0768695535206e-007;2;2
8.08073958184099e-007;8.08026e-007;8.08049979447843e-007;3.39115571901836e-011;8.0804997909205e-007;2;2
8.07604e-007;8.0735e-007;8.07477009987281e-007;1.796051224214e-010;8.07477e-007;2;2
8.07554e-007;8.07524e-007;8.07539000139312e-007;2.12132034354333e-011;8.07539e-007;2;2
8.07998010180171e-007;8.07654e-007;8.07826023402043e-007;2.43251931195899e-010;8.07826005090085e-007;2;2
8.07702e-007;8.073e-007;8.07501025016068e-007;2.84256926036903e-010;8.07501e-007;2;2
8.081e-007;8.0787395252002e-007;8.07986984165067e-007;1.59839705963884e-010;8.0798697626001e-007;2;2
8.07928e-007;8.07632e-007;8.07780013558147e-007;2.09303607231156e-010;8.0778e-007;2;2
8.08226041815901e-007;8.0814995252002e-007;8.08187998063417e-007;5.38032570927776e-011;8.0818799716796e-007;2;2
8.077e-007;8.07652e-007;8.07676000356579e-007;3.3941125496843e-011;8.07676e-007;2;2
8.08176e-007;8.0755e-007;8.0786306063466e-007;4.42648845022719e-010;8.07863e-007;2;2
8.0763e-007;8.07576e-007;8.07603000451336e-007;3.81837661839297e-011;8.07603e-007;2;2
8.08478041815901e-007;8.079e-007;8.08189072587125e-007;4.08737287832685e-010;8.0818902090795e-007;2;2
8.07621910748179e-007;8.07526e-007;8.07573956797933e-007;6.7819140426127e-011;8.0757395537409e-007;2;2
8.07821916368199e-007;8.07478e-007;8.0764997649006e-007;2.43185596114381e-010;8.076499581841e-007;2;2
8.07899948003929e-007;8.0755e-007;8.07724992953898e-007;2.47450606640676e-010;8.07724974001964e-007;2;2
8.08152041815901e-007;8.08e-007;8.08076024483838e-007;1.07509799047286e-010;8.0807602090795e-007;2;2
8.08078e-007;8.08076e-007;8.08077000000619e-007;1.41421356241213e-012;8.08077e-007;2;2
8.07724e-007;8.07374e-007;8.07549018961697e-007;2.47487373415235e-010;8.07549e-007;2;2
8.0835e-007;8.0775e-007;8.08050055689621e-007;4.24264068711811e-010;8.0805e-007;2;2
8.07778e-007;8.073e-007;8.07539035367331e-007;3.37997041407216e-010;8.07539e-007;2;2
8.08218e-007;8.07952e-007;8.08085010945012e-007;1.88090403795723e-010;8.08085e-007;2;2
8.07854e-007;8.0725e-007;8.07552056469427e-007;4.27092495836635e-010;8.07552e-007;2;2
8.07998010180171e-007;8.07604e-007;8.07801029112713e-007;2.78607270255304e-010;8.07801005090085e-007;2;2
8.07928089251821e-007;8.0788e-007;8.07904044983715e-007;3.40042360647016e-011;8.0790404462591e-007;2;2
8.07528e-007;8.07502e-007;8.07515000104642e-007;1.83847763109085e-011;8.07515e-007;2;2
8.08025989819829e-007;8.076e-007;8.07813022989947e-007;3.01220290317649e-010;8.07812994909915e-007;2;2
8.08e-007;8.07797958184099e-007;8.07898985407953e-007;1.42865138106392e-010;8.0789897909205e-007;2;2
8.07572e-007;8.07228e-007;8.07400018320535e-007;2.43244732728149e-010;8.074e-007;2;2
8.07804e-007;8.0754601584425e-007;8.07675018222652e-007;1.82422345969478e-010;8.07675007922125e-007;2;2
8.08428089251821e-007;8.0765e-007;8.08039138282098e-007;5.50192186330905e-010;8.0803904462591e-007;2;2
8.08150051996071e-007;8.0774601584425e-007;8.07948059176304e-007;2.85696702797278e-010;8.07948033920161e-007;2;2
8.07324e-007;8.07222e-007;8.07273001610979e-007;7.21248916810722e-011;8.07273e-007;2;2
8.07773996189277e-007;8.07502e-007;8.07638009544992e-007;1.9233034989467e-010;8.07637998094638e-007;2;2
8.08078e-007;8.07652e-007;8.07865028079567e-007;3.01227488785549e-010;8.07865e-007;2;2
8.07997958184099e-007;8.07678e-007;8.0783799493267e-007;2.26244601672843e-010;8.0783797909205e-007;2;2
8.07927993630552e-007;8.07823958184099e-007;8.07875977581991e-007;7.35641696705325e-011;8.07875975907326e-007;2;2
8.08122010180171e-007;8.0755e-007;8.07836055718498e-007;4.0447227730654e-010;8.07836005090085e-007;2;2
8.0794995252002e-007;8.07924e-007;8.07936976364216e-007;1.83512028951038e-011;8.0793697626001e-007;2;2
8.07728e-007;8.07598013990894e-007;8.07663009610455e-007;9.19139884983543e-011;8.07663006995447e-007;2;2
8.081e-007;8.07904e-007;8.08002005943055e-007;1.38592929112496e-010;8.08002e-007;2;2
8.07821958184099e-007;8.07478e-007;8.07649997402462e-007;2.4321516442134e-010;8.0764997909205e-007;2;2
8.0833003163573e-007;8.07478e-007;8.07904128139045e-007;6.02477347410157e-010;8.07904015817865e-007;2;2
8.08132119115553e-007;8.07326e-007;8.07729160121818e-007;5.70012293051777e-010;8.07729059557777e-007;2;2
8.08024e-007;8.0758e-007;8.07802030504999e-007;3.13955410846809e-010;8.07802e-007;2;2
8.07576e-007;8.07302e-007;8.0743901162255e-007;1.93747258045221e-010;8.07439e-007;2;2
8.0825e-007;8.07252e-007;8.07751154132261e-007;7.05692567624189e-010;8.07751e-007;2;2
8.0758e-007;8.07552e-007;8.07566000121352e-007;1.97989898733207e-011;8.07566e-007;2;2
8.07702e-007;8.07674e-007;8.07688000121334e-007;1.97989898731709e-011;8.07688e-007;2;2
8.07424e-007;3.52000000000002e-010;5.70935039947628e-007;5.70686084105789e-007;4.03888e-007;2;2
8.07876e-007;8.07828e-007;8.07852000356501e-007;3.39411254969928e-011;8.07852e-007;2;2
8.0843003163573e-007;8.07978e-007;8.08204047420745e-007;3.19634634935367e-010;8.08204015817865e-007;2;2
8.0769995256408e-007;8.07676e-007;8.07687976370831e-007;1.69370204875967e-011;8.0768797628204e-007;2;2
8.0795e-007;8.07672e-007;8.07811011958862e-007;1.96575685169896e-010;8.07811e-007;2;2
8.07824e-007;8.07652e-007;8.07738004578217e-007;1.21622366363999e-010;8.07738e-007;2;2
8.07871916368199e-007;8.07626e-007;8.07748967542648e-007;1.73889131558283e-010;8.07748958184099e-007;2;2
8.07624e-007;8.075e-007;8.07562002380003e-007;8.76812408671564e-011;8.07562e-007;2;2
8.08229979639658e-007;8.0785e-007;8.08040012155439e-007;2.68686179915318e-010;8.08039989819829e-007;2;2
8.07921952431366e-007;8.07753989819829e-007;8.07837975490866e-007;1.18767501603228e-010;8.07837971125597e-007;2;2
8.07695958184099e-007;8.07604e-007;8.07649980400833e-007;6.50242555622024e-011;8.0764997909205e-007;2;2
8.0775e-007;8.0759995252002e-007;8.07674979744432e-007;1.0609959059387e-010;8.0767497626001e-007;2;2
8.07703989819829e-007;8.07648e-007;8.07675995395081e-007;3.95907812787415e-011;8.07675994909915e-007;2;2
8.08028083631801e-007;8.07726e-007;8.07877055935394e-007;2.13605384532011e-010;8.07877041815901e-007;2;2
8.0805e-007;8.07752e-007;8.07901013739926e-007;2.10717820793568e-010;8.07901e-007;2;2
8.0778e-007;8.0748e-007;8.07630013929646e-007;2.1213203435598e-010;8.0763e-007;2;2
8.07652003810723e-007;8.07526e-007;8.07589004362824e-007;8.90981490177074e-011;8.07589001905362e-007;2;2
8.07525948003929e-007;8.07299948003929e-007;8.07412955911283e-007;1.59806132548229e-010;8.07412948003929e-007;2;2
8.0768e-007;8.07621954373376e-007;8.07650977708153e-007;4.10444562038516e-011;8.07650977186688e-007;2;2
8.07925995483909e-007;8.07176e-007;8.07551084809706e-007;5.30326892530971e-010;8.07550997741954e-007;2;2
8.075e-007;8.07174e-007;8.07337016454715e-007;2.30516810666889e-010;8.07337e-007;2;2
8.0778e-007;8.073e-007;8.07540035663867e-007;3.39411254969628e-010;8.0754e-007;2;2
8.08252041771841e-007;8.07449958184099e-007;8.07851099522633e-007;5.67158743970556e-010;8.0785099997797e-007;2;2
8.07626e-007;8.07178e-007;8.07402031072501e-007;3.16783837971633e-010;8.07402e-007;2;2
8.08002e-007;8.07652e-007;8.07827018955172e-007;2.47487373415385e-010;8.07827e-007;2;2
8.07976043643502e-007;8.07671958184099e-007;8.07824015221986e-007;2.15020890403827e-010;8.07824000913801e-007;2;2
8.08201994335921e-007;8.08151979241971e-007;8.08176987175852e-007;3.53660120937188e-011;8.08176986788946e-007;2;2
8.077e-007;8.0758e-007;8.07640002228716e-007;8.48528137423322e-011;8.0764e-007;2;2
8.07624e-007;8.07498005664079e-007;8.07561005289218e-007;8.9091449320573e-011;8.0756100283204e-007;2;2
8.08254e-007;8.0712e-007;8.07687199018283e-007;8.01859089865518e-010;8.07687e-007;2;2
8.07848010180171e-007;8.07528e-007;8.07688020938797e-007;2.26281368447402e-010;8.07688005090085e-007;2;2
8.07754e-007;8.07321910748179e-007;8.07537984273833e-007;3.05533240040494e-010;8.0753795537409e-007;2;2
8.07847910748179e-007;8.07621958184099e-007;8.07734942367023e-007;1.59772590287179e-010;8.07734934466139e-007;2;2
8.0765e-007;8.07578e-007;8.07614000802363e-007;5.09116882454892e-011;8.07614e-007;2;2
8.07695963848179e-007;8.0755e-007;8.07622985221644e-007;1.03212026855277e-010;8.07622981924089e-007;2;2
8.0768e-007;8.07648010180171e-007;8.07664005248466e-007;2.26202185302451e-011;8.07664005090085e-007;2;2
8.082e-007;8.07652003810723e-007;8.0792604836689e-007;3.87491821502005e-010;8.07926001905362e-007;2;2
8.08078083631801e-007;8.07395916368199e-007;8.07737072014801e-007;4.82365097996597e-010;8.07737e-007;2;2
8.07878e-007;8.07875994335921e-007;8.07876997168583e-007;1.41821867125801e-012;8.0787699716796e-007;2;2
8.08232055379844e-007;8.07852e-007;8.0804205003438e-007;2.68739736314332e-010;8.08042027689922e-007;2;2
8.07852e-007;8.07554e-007;8.07703013743294e-007;2.10717820793568e-010;8.07703e-007;2;2
8.07606e-007;8.07324e-007;8.0746501231075e-007;1.9940411229457e-010;8.07465e-007;2;2
8.08199996189277e-007;8.07552e-007;8.07876063064239e-007;4.58202499620814e-010;8.07875998094638e-007;2;2
8.07873958184099e-007;8.07378e-007;8.07626017162661e-007;3.50695395161667e-010;8.0762597909205e-007;2;2
8.08052e-007;8.07956e-007;8.08004001425735e-007;6.78822509938358e-011;8.08004e-007;2;2
8.07977993630552e-007;8.07752e-007;8.0786500471776e-007;1.59801628668468e-010;8.07864996815276e-007;2;2
8.07901989819829e-007;8.07878083631801e-007;8.07890036814241e-007;1.69042276669783e-011;8.07890036725815e-007;2;2
8.08428041815901e-007;8.07448e-007;8.07938169508748e-007;6.92994213869738e-010;8.0793802090795e-007;2;2
8.082e-007;8.07649961994822e-007;8.07925027805872e-007;3.88935603371376e-010;8.07924980997411e-007;2;2
8.07752e-007;8.07598010180171e-007;8.07675008760012e-007;1.08887245835139e-010;8.07675005090085e-007;2;2
8.07424e-007;8.0725e-007;8.07337004687633e-007;1.23036579926561e-010;8.07337e-007;2;2
8.0795e-007;8.07304e-007;8.07627064589839e-007;4.56790980646541e-010;8.07627e-007;2;2
8.07628e-007;8.073e-007;8.07464016654612e-007;2.31931024229151e-010;8.07464e-007;2;2
8.0825e-007;8.07972006369448e-007;8.08111015138598e-007;1.96571181290285e-010;8.08111003184724e-007;2;2
8.0785004743592e-007;8.0743e-007;8.07640051025894e-007;2.97018390359362e-010;8.0764002371796e-007;2;2
8.07852e-007;8.07602e-007;8.07727009672204e-007;1.76776695296575e-010;8.07727e-007;2;2
8.07897958184099e-007;8.07326e-007;8.076120297253e-007;4.04435510531831e-010;8.0761197909205e-007;2;2
8.0785e-007;8.075e-007;8.07675018958739e-007;2.47487373415235e-010;8.07675e-007;2;2
8.07802e-007;8.07771916368199e-007;8.07786958324146e-007;2.1272340049351e-011;8.07786958184099e-007;2;2
8.08206e-007;8.07326e-007;8.07766119836677e-007;6.22253967444268e-010;8.07766e-007;2;2
8.07700003810723e-007;8.07523914540597e-007;8.07611963974907e-007;1.24513916999985e-010;8.0761195917566e-007;2;2
8.07848057616091e-007;8.07454e-007;8.07651052840919e-007;2.78640812516353e-010;8.07651028808045e-007;2;2
8.07749948003929e-007;8.07552e-007;8.07650980066374e-007;1.39970375900349e-010;8.07650974001964e-007;2;2
8.07854e-007;8.07578e-007;8.07716011788797e-007;1.95161471607484e-010;8.07716e-007;2;2
8.08574e-007;8.07852e-007;8.08213080622926e-007;5.10531096016705e-010;8.08213e-007;2;2
8.07772011328159e-007;8.07578e-007;8.07675011489503e-007;1.37186725768075e-010;8.07675005664079e-007;2;2
8.08176041815901e-007;8.07651989819829e-007;8.07914058308539e-007;3.70560720116356e-010;8.07914015817865e-007;2;2
8.08101989819829e-007;8.07628e-007;8.07865029672274e-007;3.35161415814642e-010;8.07864994909915e-007;2;2
8.0794995252002e-007;8.07474e-007;8.07712011317494e-007;3.36549254428999e-010;8.0771197626001e-007;2;2
8.07829979639658e-007;8.07701942383909e-007;8.07765963548648e-007;9.05360117849806e-011;8.07765961011784e-007;2;2
8.07902e-007;8.07674005664079e-007;8.0778801087583e-007;1.61216341001495e-010;8.0778800283204e-007;2;2
8.07979979639658e-007;8.0785204743592e-007;8.07916016070022e-007;9.04617287952815e-011;8.07916013537789e-007;2;2
8.08078045626624e-007;8.07976e-007;8.08027024424228e-007;7.21571545760201e-011;8.08027022813312e-007;2;2
8.081e-007;8.07902e-007;8.08001006064968e-007;1.40007142674908e-010;8.08001e-007;2;2
8.0822395252002e-007;8.07602e-007;8.0791303610942e-007;4.3978684448224e-010;8.0791297626001e-007;2;2
8.07897954373376e-007;8.07876e-007;8.07886977261265e-007;1.55240862909866e-011;8.07886977186688e-007;2;2
8.083e-007;8.077e-007;8.08000055693067e-007;4.24264068711811e-010;8.08e-007;2;2
8.08475990525198e-007;8.07971916368199e-007;8.082239927444e-007;3.56434254634758e-010;8.08223953446698e-007;2;2
8.07854e-007;8.07704e-007;8.07779003481769e-007;1.06066017178065e-010;8.07779e-007;2;2
8.078e-007;8.07774e-007;8.07787000104607e-007;1.83847763109085e-011;8.07787e-007;2;2
8.08276041815901e-007;8.07602e-007;8.07939091199819e-007;4.76619538826671e-010;8.0793902090795e-007;2;2
8.0775e-007;8.073e-007;8.07525031345778e-007;3.18198051534045e-010;8.07525e-007;2;2
8.08104e-007;8.07652e-007;8.07878031611208e-007;3.19612265096308e-010;8.07878e-007;2;2
8.07977989819829e-007;8.07624005664079e-007;8.07801017131752e-007;2.50304596963314e-010;8.07800997741954e-007;2;2
8.0825e-007;8.07978041815901e-007;8.08114032348361e-007;1.9230347617585e-010;8.0811402090795e-007;2;2
8.0782803725575e-007;8.07674e-007;8.07751022299717e-007;1.08920788095889e-010;8.07751018627875e-007;2;2
8.07656e-007;8.07298e-007;8.07477019840193e-007;2.53144227664734e-010;8.07477e-007;2;2
8.08024010180171e-007;8.07752e-007;8.07888016538073e-007;1.92340242950559e-010;8.07888005090085e-007;2;2
8.0786e-007;8.0745e-007;8.07655026016677e-007;2.89913780286551e-010;8.07655e-007;2;2
8.08001994335921e-007;8.07625995483909e-007;8.07814016786104e-007;2.65871337976052e-010;8.07813994909915e-007;2;2
8.07654e-007;8.07402e-007;8.0752800983e-007;1.78190908858838e-010;8.07528e-007;2;2
8.08e-007;8.07576e-007;8.0778802781918e-007;2.99813275222987e-010;8.07788e-007;2;2
8.07624e-007;8.07532e-007;8.0757800131009e-007;6.5053823869311e-011;8.07578e-007;2;2
8.07926e-007;8.07878e-007;8.07902000356479e-007;3.39411254969928e-011;8.07902e-007;2;2
8.079e-007;8.07602e-007;8.07751013742477e-007;2.10717820793568e-010;8.07751e-007;2;2
8.07826e-007;8.06972e-007;8.07399112911328e-007;6.0386919113336e-010;8.07399e-007;2;2
8.07852e-007;8.076e-007;8.0772600982759e-007;1.78190908858987e-010;8.07726e-007;2;2
8.07524e-007;8.07406e-007;8.07465002155511e-007;8.34386001799201e-011;8.07465e-007;2;2
8.07222e-007;8.06923961982197e-007;8.0707299474863e-007;2.10744703440229e-010;8.07072980991098e-007;2;2
8.08024001827601e-007;8.07622e-007;8.07823025920124e-007;2.84258218346456e-010;8.07823000913801e-007;2;2
8.0805e-007;8.07626e-007;8.07838027817458e-007;2.99813275223137e-010;8.07838e-007;2;2
8.0817595256408e-007;8.07472e-007;8.07824052961676e-007;4.97769631694395e-010;8.0782397628204e-007;2;2
8.07804e-007;8.07570020360342e-007;8.07687018652895e-007;1.65448589862078e-010;8.07687010180171e-007;2;2
8.07902e-007;8.077e-007;8.07801006314055e-007;1.42835569799583e-010;8.07801e-007;2;2
8.07698010180171e-007;8.0735e-007;8.07524023837374e-007;2.46080358320723e-010;8.07524005090085e-007;2;2
8.08550051996071e-007;8.07348010180171e-007;8.07949254633214e-007;8.49971919293142e-010;8.07949031088121e-007;2;2
8.0755e-007;8.07276e-007;8.07413011622924e-007;1.93747258045221e-010;8.07413e-007;2;2
8.0812803725575e-007;8.07870020360341e-007;8.07999039107055e-007;1.82445496403724e-010;8.07999028808046e-007;2;2
8.08378083631801e-007;8.08025998172399e-007;8.08202060074931e-007;2.48962015900819e-010;8.082020409021e-007;2;2
8.07926047454225e-007;8.07702089251821e-007;8.07814076114289e-007;1.5836236362246e-010;8.07814068353023e-007;2;2
8.0775e-007;8.07626e-007;8.07688002379632e-007;8.76812408670067e-011;8.07688e-007;2;2
8.08150051996071e-007;8.0775e-007;8.07950050758477e-007;2.82879479249199e-010;8.07950025998036e-007;2;2
8.08102041815901e-007;8.08079979639658e-007;8.08091010803071e-007;1.56003144283935e-011;8.0809101072778e-007;2;2
8.07478e-007;8.07424e-007;8.07451000451421e-007;3.81837661842292e-011;8.07451e-007;2;2
8.0773e-007;8.07378e-007;8.07554019178903e-007;2.48901586977647e-010;8.07554e-007;2;2
8.081e-007;8.07702e-007;8.07901024508572e-007;2.81428498912228e-010;8.07901e-007;2;2
8.0798e-007;8.07676e-007;8.07828014300074e-007;2.14960461480804e-010;8.07828e-007;2;2
8.073e-007;8.07148e-007;8.07224003577693e-007;1.07480230740327e-010;8.07224e-007;2;2
8.0824795252002e-007;8.07547958184099e-007;8.07898031164859e-007;4.94970741721625e-010;8.0789795535206e-007;2;2
8.07826e-007;8.077e-007;8.07763002456785e-007;8.90954544295686e-011;8.07763e-007;2;2
8.08429979639658e-007;8.08279979639658e-007;8.08354983118947e-007;1.06066017177915e-010;8.08354979639658e-007;2;2
8.07752e-007;8.07428e-007;8.07590016248344e-007;2.29102597104327e-010;8.0759e-007;2;2
8.079e-007;8.0745800659789e-007;8.07679033533445e-007;3.12536531871725e-010;8.07679003298945e-007;2;2
8.07876e-007;8.0735e-007;8.07613042823108e-007;3.71938166904209e-010;8.07613e-007;2;2
8.08426041815901e-007;8.0745e-007;8.07938168298207e-007;6.90165786744913e-010;8.0793802090795e-007;2;2
8.0790204743592e-007;8.07804e-007;8.07853025205437e-007;6.93300068171476e-011;8.0785302371796e-007;2;2
8.0787599437998e-007;8.07676e-007;8.07776003379477e-007;1.4141738228323e-010;8.0777599718999e-007;2;2
8.07629979639658e-007;8.07223962020577e-007;8.07426996351049e-007;2.87097811733594e-010;8.07426970830118e-007;2;2
8.07798e-007;8.07328e-007;8.07563034192378e-007;3.32340187157568e-010;8.07563e-007;2;2
8.0766996836427e-007;8.07452e-007;8.07560991536101e-007;1.54126908459671e-010;8.07560984182135e-007;2;2
8.07926007621446e-007;8.07426e-007;8.07676042503159e-007;3.53558779769578e-010;8.07676003810723e-007;2;2
8.07599948003929e-007;8.07524e-007;8.0756197489479e-007;5.37033485956045e-011;8.07561974001964e-007;2;2
8.07932e-007;8.0793e-007;8.07931000000619e-007;1.41421356256187e-012;8.07931e-007;2;2
8.08578036151821e-007;8.07552e-007;8.08065180926371e-007;7.25517120695323e-010;8.08065018075911e-007;2;2
8.08178e-007;8.0794995256408e-007;8.08063984326829e-007;1.6125388837154e-010;8.0806397628204e-007;2;2
8.07952e-007;8.07621916368199e-007;8.07786975044238e-007;2.33404374405331e-010;8.07786958184099e-007;2;2
8.08378083631801e-007;8.07878e-007;8.08128080498452e-007;3.53612527207068e-010;8.08128041815901e-007;2;2
8.07878e-007;8.07698001827601e-007;8.07788005927391e-007;1.27277928304394e-010;8.07788000913801e-007;2;2
8.08126e-007;8.07402e-007;8.07764081115272e-007;5.11945309579117e-010;8.07764e-007;2;2
8.07772006369448e-007;8.07524e-007;8.07648012704211e-007;1.75366985613924e-010;8.07648003184724e-007;2;2
8.07704e-007;8.07352e-007;8.07528019179521e-007;2.48901586977647e-010;8.07528e-007;2;2
8.07852e-007;8.07552e-007;8.07702013928404e-007;2.1213203435598e-010;8.07702e-007;2;2
8.0805e-007;8.07623961982197e-007;8.07837009076652e-007;3.0125437143206e-010;8.07836980991098e-007;2;2
8.07870020360341e-007;8.0729601584425e-007;8.0758306910033e-007;4.05882485759956e-010;8.07583018102296e-007;2;2
8.07954e-007;8.07552e-007;8.07753025008263e-007;2.84256926036903e-010;8.07753e-007;2;2
8.0815e-007;8.08098010180171e-007;8.08124005508174e-007;3.67623541539173e-011;8.08124005090085e-007;2;2
8.07906e-007;8.07650005664079e-007;8.07778012972991e-007;1.81015330874816e-010;8.0777800283204e-007;2;2
8.08082e-007;8.07672e-007;8.07877026009528e-007;2.89913780286551e-010;8.07877e-007;2;2
8.076e-007;8.073e-007;8.07450013932751e-007;2.1213203435598e-010;8.0745e-007;2;2
8.08027989819829e-007;8.07882e-007;8.07954998207287e-007;1.03230391585491e-010;8.07954994909915e-007;2;2
8.08173958184099e-007;8.07402e-007;8.07788071306749e-007;5.45856866769151e-010;8.0778797909205e-007;2;2
8.07848010180171e-007;8.07552e-007;8.07700018650508e-007;2.09310805699056e-010;8.07700005090085e-007;2;2
8.07704e-007;8.07422e-007;8.07563012309256e-007;1.9940411229457e-010;8.07563e-007;2;2
8.07851989819829e-007;8.07425995483909e-007;8.07639020738547e-007;3.01223483676553e-010;8.07638992651869e-007;2;2
8.07978083631801e-007;8.07576e-007;8.07777066833826e-007;2.84316062650521e-010;8.07777041815901e-007;2;2
8.07773996189277e-007;8.07552e-007;8.07663005721939e-007;1.56975010835266e-010;8.07662998094639e-007;2;2
8.08251950692419e-007;8.07952e-007;8.08101989263144e-007;2.12097168630921e-010;8.08101975346209e-007;2;2
8.0825398463131e-007;8.07552e-007;8.0790306855971e-007;4.96378093088347e-010;8.07902992315655e-007;2;2
8.07878041815901e-007;8.07856e-007;8.07867020983124e-007;1.55859174930431e-011;8.0786702090795e-007;2;2
8.08500051996071e-007;8.07899958184099e-007;8.08200060786783e-007;4.24330403793478e-010;8.08200005090085e-007;2;2
8.07952e-007;8.077e-007;8.07826009826373e-007;1.78190908858987e-010;8.07826e-007;2;2
8.079780418159e-007;8.07752e-007;8.07865028813804e-007;1.59835700854888e-010;8.0786502090795e-007;2;2
8.076e-007;8.0755e-007;8.07575000386961e-007;3.53553390592552e-011;8.07575e-007;2;2
8.07898010180171e-007;8.07852e-007;8.07875005417632e-007;3.25341104023307e-011;8.07875005090085e-007;2;2
8.07702e-007;8.07574e-007;8.0763800253579e-007;9.0509667991831e-011;8.07638e-007;2;2
8.07827993630552e-007;8.07773958184099e-007;8.07800976359143e-007;3.82088306114271e-011;8.07800975907326e-007;2;2
8.07576e-007;8.073e-007;8.07438011792856e-007;1.95161471607634e-010;8.07438e-007;2;2
8.0814995256408e-007;8.07877989819829e-007;8.08013982634166e-007;1.9230670068951e-010;8.08013971191955e-007;2;2
8.0785e-007;8.07520020360341e-007;8.07685027031815e-007;2.33330840856063e-010;8.07685010180171e-007;2;2
8.07621916368199e-007;8.07526e-007;8.0757395960811e-007;6.78231143802175e-011;8.07573958184099e-007;2;2
8.08052e-007;8.08051989819829e-007;8.08051994909915e-007;7.19846775004537e-015;8.08051994909915e-007;2;2
8.08198013990894e-007;8.07752041815901e-007;8.07975058673404e-007;3.15349949158151e-010;8.07975027903397e-007;2;2
8.0788e-007;8.07704e-007;8.07792004793313e-007;1.24450793488973e-010;8.07792e-007;2;2
8.07951986009106e-007;8.07524e-007;8.07738021351e-007;3.02631809291922e-010;8.07737993004553e-007;2;2
8.07678e-007;8.07574e-007;8.07626001674042e-007;7.35391052434843e-011;8.07626e-007;2;2
8.08100051996071e-007;8.0765e-007;8.07875057337474e-007;3.18234818308604e-010;8.07875025998036e-007;2;2
